"hidden","latent","layers","nonlinearity","layertype","memorysize","k","Î²","anomaliesSeen","f1","auc","rsTrn","rsTst","knnauc","knnprec","knnrecall","model","dataset"
32,2,3,"relu","Dense",1024,16,0.01,1,0.10344827586206896,0.9332839140103779,0.41906157924530224,0.6737437125440561,0.9269829503335804,0.25,0.02631578947368421,"svae","breast-cancer-wisconsin"
32,2,3,"relu","Dense",1024,16,0.01,2,0.2777777777777778,0.9605263157894737,0.41906157924530224,0.6737437125440561,0.9269829503335804,0.25,0.02631578947368421,"svae","breast-cancer-wisconsin"
32,2,3,"relu","Dense",1024,16,0.01,3,0.34210526315789475,0.9671979243884359,0.41906157924530224,0.6737437125440561,0.9269829503335804,0.25,0.02631578947368421,"svae","breast-cancer-wisconsin"
32,2,3,"relu","Dense",1024,16,0.01,4,0.22580645161290322,0.950889547813195,0.41906157924530224,0.6737437125440561,0.9269829503335804,0.25,0.02631578947368421,"svae","breast-cancer-wisconsin"
32,2,3,"relu","Dense",1024,16,0.01,5,0.2535211267605634,0.954225352112676,0.41906157924530224,0.6737437125440561,0.9269829503335804,0.25,0.02631578947368421,"svae","breast-cancer-wisconsin"
32,4,3,"relu","Dense",1024,16,0.01,1,0.2857142857142857,0.9907338769458858,0.2369218224655994,0.4098575012516046,0.9768346923647147,0.5555555555555556,0.13157894736842105,"svae","breast-cancer-wisconsin"
32,4,3,"relu","Dense",1024,16,0.01,2,0.27586206896551724,0.9670126019273535,0.2369218224655994,0.4098575012516046,0.9768346923647147,0.5555555555555556,0.13157894736842105,"svae","breast-cancer-wisconsin"
32,4,3,"relu","Dense",1024,16,0.01,3,0.25396825396825395,0.9822090437361009,0.2369218224655994,0.4098575012516046,0.9768346923647147,0.5555555555555556,0.13157894736842105,"svae","breast-cancer-wisconsin"
32,4,3,"relu","Dense",1024,16,0.01,4,0.29411764705882354,0.9762787249814677,0.2369218224655994,0.4098575012516046,0.9768346923647147,0.5555555555555556,0.13157894736842105,"svae","breast-cancer-wisconsin"
32,4,3,"relu","Dense",1024,16,0.01,5,0.2222222222222222,0.9760934025203856,0.2369218224655994,0.4098575012516046,0.9768346923647147,0.5555555555555556,0.13157894736842105,"svae","breast-cancer-wisconsin"
32,8,3,"relu","Dense",1024,16,0.01,1,0.39080459770114945,0.9933283914010378,0.18626459678021273,0.30249133947803125,0.9835063009636769,0.75,0.15789473684210525,"svae","breast-cancer-wisconsin"
32,8,3,"relu","Dense",1024,16,0.01,2,0.4,0.9940696812453669,0.18626459678021273,0.30249133947803125,0.9835063009636769,0.75,0.15789473684210525,"svae","breast-cancer-wisconsin"
32,8,3,"relu","Dense",1024,16,0.01,3,0.3855421686746988,0.9888806523350631,0.18626459678021273,0.30249133947803125,0.9835063009636769,0.75,0.15789473684210525,"svae","breast-cancer-wisconsin"
32,8,3,"relu","Dense",1024,16,0.01,4,0.2608695652173913,0.9940696812453669,0.18626459678021273,0.30249133947803125,0.9835063009636769,0.75,0.15789473684210525,"svae","breast-cancer-wisconsin"
32,8,3,"relu","Dense",1024,16,0.01,5,0.40963855421686746,0.9933283914010378,0.18626459678021273,0.30249133947803125,0.9835063009636769,0.75,0.15789473684210525,"svae","breast-cancer-wisconsin"
32,2,3,"relu","Dense",1024,16,0.05,1,0.2972972972972973,0.9759080800593032,0.42535941393532906,0.6177445013864258,0.9466271312083026,0.7142857142857143,0.13157894736842105,"svae","breast-cancer-wisconsin"
32,2,3,"relu","Dense",1024,16,0.05,2,0.32432432432432434,0.9785025945144551,0.42535941393532906,0.6177445013864258,0.9466271312083026,0.7142857142857143,0.13157894736842105,"svae","breast-cancer-wisconsin"
32,2,3,"relu","Dense",1024,16,0.05,3,0.23880597014925373,0.9688658265381764,0.42535941393532906,0.6177445013864258,0.9466271312083026,0.7142857142857143,0.13157894736842105,"svae","breast-cancer-wisconsin"
32,2,3,"relu","Dense",1024,16,0.05,4,0.3132530120481928,0.9918458117123795,0.42535941393532906,0.6177445013864258,0.9466271312083026,0.7142857142857143,0.13157894736842105,"svae","breast-cancer-wisconsin"
32,2,3,"relu","Dense",1024,16,0.05,5,0.3076923076923077,0.9381022979985173,0.42535941393532906,0.6177445013864258,0.9466271312083026,0.7142857142857143,0.13157894736842105,"svae","breast-cancer-wisconsin"
32,4,3,"relu","Dense",1024,16,0.05,1,0.2857142857142857,0.9610822831727205,0.33795961790550477,0.48637064737430585,0.9740548554484804,0.2,0.02631578947368421,"svae","breast-cancer-wisconsin"
32,4,3,"relu","Dense",1024,16,0.05,2,0.2318840579710145,0.9825796886582654,0.33795961790550477,0.48637064737430585,0.9740548554484804,0.2,0.02631578947368421,"svae","breast-cancer-wisconsin"
32,4,3,"relu","Dense",1024,16,0.05,3,0.3333333333333333,0.9621942179392142,0.33795961790550477,0.48637064737430585,0.9740548554484804,0.2,0.02631578947368421,"svae","breast-cancer-wisconsin"
32,4,3,"relu","Dense",1024,16,0.05,4,0.3888888888888889,0.9716456634544106,0.33795961790550477,0.48637064737430585,0.9740548554484804,0.2,0.02631578947368421,"svae","breast-cancer-wisconsin"
32,4,3,"relu","Dense",1024,16,0.05,5,0.38461538461538464,0.9607116382505558,0.33795961790550477,0.48637064737430585,0.9740548554484804,0.2,0.02631578947368421,"svae","breast-cancer-wisconsin"
32,8,3,"relu","Dense",1024,16,0.05,1,0.273972602739726,0.9464418087472203,0.47198270604911197,0.6381395630493167,0.933283914010378,0.4,0.15789473684210525,"svae","breast-cancer-wisconsin"
32,8,3,"relu","Dense",1024,16,0.05,2,0.3132530120481928,0.9123424759080802,0.47198270604911197,0.6381395630493167,0.933283914010378,0.4,0.15789473684210525,"svae","breast-cancer-wisconsin"
32,8,3,"relu","Dense",1024,16,0.05,3,0.3058823529411765,0.966641957005189,0.47198270604911197,0.6381395630493167,0.933283914010378,0.4,0.15789473684210525,"svae","breast-cancer-wisconsin"
32,8,3,"relu","Dense",1024,16,0.05,4,0.32432432432432434,0.9655300222386953,0.47198270604911197,0.6381395630493167,0.933283914010378,0.4,0.15789473684210525,"svae","breast-cancer-wisconsin"
32,8,3,"relu","Dense",1024,16,0.05,5,0.2894736842105263,0.9318013343217197,0.47198270604911197,0.6381395630493167,0.933283914010378,0.4,0.15789473684210525,"svae","breast-cancer-wisconsin"
32,2,3,"relu","Dense",1024,16,0.1,1,0.2318840579710145,0.9253150481838399,0.5355704287356663,0.6736684913525162,0.8050407709414382,0.8333333333333334,0.2631578947368421,"svae","breast-cancer-wisconsin"
32,2,3,"relu","Dense",1024,16,0.1,2,0.2,0.9508895478131949,0.5355704287356663,0.6736684913525162,0.8050407709414382,0.8333333333333334,0.2631578947368421,"svae","breast-cancer-wisconsin"
32,2,3,"relu","Dense",1024,16,0.1,3,0.28205128205128205,0.9590437361008154,0.5355704287356663,0.6736684913525162,0.8050407709414382,0.8333333333333334,0.2631578947368421,"svae","breast-cancer-wisconsin"
32,2,3,"relu","Dense",1024,16,0.1,4,0.30303030303030304,0.9399555226093401,0.5355704287356663,0.6736684913525162,0.8050407709414382,0.8333333333333334,0.2631578947368421,"svae","breast-cancer-wisconsin"
32,2,3,"relu","Dense",1024,16,0.1,5,0.3132530120481928,0.9369903632320236,0.5355704287356663,0.6736684913525162,0.8050407709414382,0.8333333333333334,0.2631578947368421,"svae","breast-cancer-wisconsin"
32,4,3,"relu","Dense",1024,16,0.1,1,0.358974358974359,0.9343958487768718,0.5540787658190782,0.6935815643962578,0.8495181616011861,0.4666666666666667,0.18421052631578946,"svae","breast-cancer-wisconsin"
32,4,3,"relu","Dense",1024,16,0.1,2,0.1694915254237288,0.9206819866567827,0.5540787658190782,0.6935815643962578,0.8495181616011861,0.4666666666666667,0.18421052631578946,"svae","breast-cancer-wisconsin"
32,4,3,"relu","Dense",1024,16,0.1,3,0.19047619047619047,0.9440326167531505,0.5540787658190782,0.6935815643962578,0.8495181616011861,0.4666666666666667,0.18421052631578946,"svae","breast-cancer-wisconsin"
32,4,3,"relu","Dense",1024,16,0.1,4,0.32098765432098764,0.9114158636026686,0.5540787658190782,0.6935815643962578,0.8495181616011861,0.4666666666666667,0.18421052631578946,"svae","breast-cancer-wisconsin"
32,4,3,"relu","Dense",1024,16,0.1,5,0.32432432432432434,0.9447739065974796,0.5540787658190782,0.6935815643962578,0.8495181616011861,0.4666666666666667,0.18421052631578946,"svae","breast-cancer-wisconsin"
32,8,3,"relu","Dense",1024,16,0.1,1,0.16,0.4601556708673091,0.9537901650205008,1.177716050420339,0.5505930318754633,0.375,0.23684210526315788,"svae","breast-cancer-wisconsin"
32,8,3,"relu","Dense",1024,16,0.1,2,0.13333333333333333,0.43254262416604894,0.9537901650205008,1.177716050420339,0.5505930318754633,0.375,0.23684210526315788,"svae","breast-cancer-wisconsin"
32,8,3,"relu","Dense",1024,16,0.1,3,0.10526315789473684,0.4366197183098592,0.9537901650205008,1.177716050420339,0.5505930318754633,0.375,0.23684210526315788,"svae","breast-cancer-wisconsin"
32,8,3,"relu","Dense",1024,16,0.1,4,0.1917808219178082,0.43106004447739066,0.9537901650205008,1.177716050420339,0.5505930318754633,0.375,0.23684210526315788,"svae","breast-cancer-wisconsin"
32,8,3,"relu","Dense",1024,16,0.1,5,0.029411764705882353,0.4788732394366197,0.9537901650205008,1.177716050420339,0.5505930318754633,0.375,0.23684210526315788,"svae","breast-cancer-wisconsin"
32,2,3,"relu","Dense",1024,16,0.01,1,0.09523809523809523,0.7644628099173555,0.519366753237288,0.7228379161379193,0.7933884297520661,0.6666666666666666,0.36363636363636365,"svae","sonar"
32,2,3,"relu","Dense",1024,16,0.01,2,0.09090909090909091,0.7334710743801653,0.519366753237288,0.7228379161379193,0.7933884297520661,0.6666666666666666,0.36363636363636365,"svae","sonar"
32,2,3,"relu","Dense",1024,16,0.01,3,0.0,0.671487603305785,0.519366753237288,0.7228379161379193,0.7933884297520661,0.6666666666666666,0.36363636363636365,"svae","sonar"
32,2,3,"relu","Dense",1024,16,0.01,4,0.08333333333333333,0.7644628099173554,0.519366753237288,0.7228379161379193,0.7933884297520661,0.6666666666666666,0.36363636363636365,"svae","sonar"
32,2,3,"relu","Dense",1024,16,0.01,5,0.0,0.6942148760330578,0.519366753237288,0.7228379161379193,0.7933884297520661,0.6666666666666666,0.36363636363636365,"svae","sonar"
32,4,3,"relu","Dense",1024,16,0.01,1,0.0,0.6838842975206612,0.4606516523649225,0.640459536252262,0.7603305785123966,0.5,0.36363636363636365,"svae","sonar"
32,4,3,"relu","Dense",1024,16,0.01,2,0.0,0.7830578512396695,0.4606516523649225,0.640459536252262,0.7603305785123966,0.5,0.36363636363636365,"svae","sonar"
32,4,3,"relu","Dense",1024,16,0.01,3,0.08333333333333333,0.7066115702479338,0.4606516523649225,0.640459536252262,0.7603305785123966,0.5,0.36363636363636365,"svae","sonar"
32,4,3,"relu","Dense",1024,16,0.01,4,0.0,0.7004132231404959,0.4606516523649225,0.640459536252262,0.7603305785123966,0.5,0.36363636363636365,"svae","sonar"
32,4,3,"relu","Dense",1024,16,0.01,5,0.17391304347826086,0.7396694214876033,0.4606516523649225,0.640459536252262,0.7603305785123966,0.5,0.36363636363636365,"svae","sonar"
32,8,3,"relu","Dense",1024,16,0.01,1,0.0,0.7355371900826446,0.5328906997651303,0.6170281415241154,0.9049586776859504,0.625,0.45454545454545453,"svae","sonar"
32,8,3,"relu","Dense",1024,16,0.01,2,0.08695652173913043,0.7644628099173554,0.5328906997651303,0.6170281415241154,0.9049586776859504,0.625,0.45454545454545453,"svae","sonar"
32,8,3,"relu","Dense",1024,16,0.01,3,0.08695652173913043,0.8925619834710744,0.5328906997651303,0.6170281415241154,0.9049586776859504,0.625,0.45454545454545453,"svae","sonar"
32,8,3,"relu","Dense",1024,16,0.01,4,0.0,0.7603305785123968,0.5328906997651303,0.6170281415241154,0.9049586776859504,0.625,0.45454545454545453,"svae","sonar"
32,8,3,"relu","Dense",1024,16,0.01,5,0.2222222222222222,0.859504132231405,0.5328906997651303,0.6170281415241154,0.9049586776859504,0.625,0.45454545454545453,"svae","sonar"
32,2,3,"relu","Dense",1024,16,0.05,1,0.08695652173913043,0.7706611570247934,0.5383167795445968,0.7074480169687197,0.7148760330578512,0.5625,0.8181818181818182,"svae","sonar"
32,2,3,"relu","Dense",1024,16,0.05,2,0.16,0.8037190082644627,0.5383167795445968,0.7074480169687197,0.7148760330578512,0.5625,0.8181818181818182,"svae","sonar"
32,2,3,"relu","Dense",1024,16,0.05,3,0.0,0.6983471074380165,0.5383167795445968,0.7074480169687197,0.7148760330578512,0.5625,0.8181818181818182,"svae","sonar"
32,2,3,"relu","Dense",1024,16,0.05,4,0.0,0.731404958677686,0.5383167795445968,0.7074480169687197,0.7148760330578512,0.5625,0.8181818181818182,"svae","sonar"
32,2,3,"relu","Dense",1024,16,0.05,5,0.0,0.6673553719008265,0.5383167795445968,0.7074480169687197,0.7148760330578512,0.5625,0.8181818181818182,"svae","sonar"
32,4,3,"relu","Dense",1024,16,0.05,1,0.0,0.5144628099173553,0.9812845177381844,1.0467252868326686,0.6033057851239669,0.5555555555555556,0.45454545454545453,"svae","sonar"
32,4,3,"relu","Dense",1024,16,0.05,2,0.0,0.3305785123966942,0.9812845177381844,1.0467252868326686,0.6033057851239669,0.5555555555555556,0.45454545454545453,"svae","sonar"
32,4,3,"relu","Dense",1024,16,0.05,3,0.0,0.40082644628099173,0.9812845177381844,1.0467252868326686,0.6033057851239669,0.5555555555555556,0.45454545454545453,"svae","sonar"
32,4,3,"relu","Dense",1024,16,0.05,4,0.0,0.39669421487603307,0.9812845177381844,1.0467252868326686,0.6033057851239669,0.5555555555555556,0.45454545454545453,"svae","sonar"
32,4,3,"relu","Dense",1024,16,0.05,5,0.0,0.6363636363636362,0.9812845177381844,1.0467252868326686,0.6033057851239669,0.5555555555555556,0.45454545454545453,"svae","sonar"
32,8,3,"relu","Dense",1024,16,0.05,1,0.0,0.5144628099173554,0.9815675368368109,1.0477359485483235,0.4256198347107438,0.14285714285714285,0.09090909090909091,"svae","sonar"
32,8,3,"relu","Dense",1024,16,0.05,2,0.15384615384615385,0.42148760330578516,0.9815675368368109,1.0477359485483235,0.4256198347107438,0.14285714285714285,0.09090909090909091,"svae","sonar"
32,8,3,"relu","Dense",1024,16,0.05,3,0.08333333333333333,0.5785123966942148,0.9815675368368109,1.0477359485483235,0.4256198347107438,0.14285714285714285,0.09090909090909091,"svae","sonar"
32,8,3,"relu","Dense",1024,16,0.05,4,0.0,0.7148760330578512,0.9815675368368109,1.0477359485483235,0.4256198347107438,0.14285714285714285,0.09090909090909091,"svae","sonar"
32,8,3,"relu","Dense",1024,16,0.05,5,0.08695652173913043,0.44421487603305787,0.9815675368368109,1.0477359485483235,0.4256198347107438,0.14285714285714285,0.09090909090909091,"svae","sonar"
32,2,3,"relu","Dense",1024,16,0.1,1,0.0,0.6239669421487604,0.8419881866903085,0.9622087977164204,0.5206611570247934,0.4,0.18181818181818182,"svae","sonar"
32,2,3,"relu","Dense",1024,16,0.1,2,0.0,0.47107438016528924,0.8419881866903085,0.9622087977164204,0.5206611570247934,0.4,0.18181818181818182,"svae","sonar"
32,2,3,"relu","Dense",1024,16,0.1,3,0.08,0.5991735537190083,0.8419881866903085,0.9622087977164204,0.5206611570247934,0.4,0.18181818181818182,"svae","sonar"
32,2,3,"relu","Dense",1024,16,0.1,4,0.0,0.6198347107438016,0.8419881866903085,0.9622087977164204,0.5206611570247934,0.4,0.18181818181818182,"svae","sonar"
32,2,3,"relu","Dense",1024,16,0.1,5,0.0,0.371900826446281,0.8419881866903085,0.9622087977164204,0.5206611570247934,0.4,0.18181818181818182,"svae","sonar"
32,4,3,"relu","Dense",1024,16,0.1,1,0.0,0.4297520661157025,0.9816803931157274,1.0474018807072487,0.5454545454545455,0.3333333333333333,0.18181818181818182,"svae","sonar"
32,4,3,"relu","Dense",1024,16,0.1,2,0.08,0.6776859504132231,0.9816803931157274,1.0474018807072487,0.5454545454545455,0.3333333333333333,0.18181818181818182,"svae","sonar"
32,4,3,"relu","Dense",1024,16,0.1,3,0.09090909090909091,0.378099173553719,0.9816803931157274,1.0474018807072487,0.5454545454545455,0.3333333333333333,0.18181818181818182,"svae","sonar"
32,4,3,"relu","Dense",1024,16,0.1,4,0.0,0.4669421487603306,0.9816803931157274,1.0474018807072487,0.5454545454545455,0.3333333333333333,0.18181818181818182,"svae","sonar"
32,4,3,"relu","Dense",1024,16,0.1,5,0.0,0.43388429752066116,0.9816803931157274,1.0474018807072487,0.5454545454545455,0.3333333333333333,0.18181818181818182,"svae","sonar"
32,8,3,"relu","Dense",1024,16,0.1,1,0.0,0.5950413223140496,0.9816067424226845,1.0475825280674076,0.46694214876033063,0.3333333333333333,0.18181818181818182,"svae","sonar"
32,8,3,"relu","Dense",1024,16,0.1,2,0.0,0.5165289256198347,0.9816067424226845,1.0475825280674076,0.46694214876033063,0.3333333333333333,0.18181818181818182,"svae","sonar"
32,8,3,"relu","Dense",1024,16,0.1,3,0.08,0.6632231404958677,0.9816067424226845,1.0475825280674076,0.46694214876033063,0.3333333333333333,0.18181818181818182,"svae","sonar"
32,8,3,"relu","Dense",1024,16,0.1,4,0.0,0.4876033057851239,0.9816067424226845,1.0475825280674076,0.46694214876033063,0.3333333333333333,0.18181818181818182,"svae","sonar"
32,8,3,"relu","Dense",1024,16,0.1,5,0.0,0.42148760330578516,0.9816067424226845,1.0475825280674076,0.46694214876033063,0.3333333333333333,0.18181818181818182,"svae","sonar"
32,2,3,"relu","Dense",1024,16,0.01,1,0.14485981308411214,0.5706057227796358,0.5894897494746796,0.5745256355233604,0.599763099219621,0.5033783783783784,0.4048913043478261,"svae","wall-following-robot"
32,2,3,"relu","Dense",1024,16,0.01,2,0.20956719817767655,0.5815217391304348,0.5894897494746796,0.5745256355233604,0.599763099219621,0.5033783783783784,0.4048913043478261,"svae","wall-following-robot"
32,2,3,"relu","Dense",1024,16,0.01,3,0.15207373271889402,0.5910117056856188,0.5894897494746796,0.5745256355233604,0.599763099219621,0.5033783783783784,0.4048913043478261,"svae","wall-following-robot"
32,2,3,"relu","Dense",1024,16,0.01,4,0.13392857142857142,0.5550724637681159,0.5894897494746796,0.5745256355233604,0.599763099219621,0.5033783783783784,0.4048913043478261,"svae","wall-following-robot"
32,2,3,"relu","Dense",1024,16,0.01,5,0.10648148148148148,0.5709099777034559,0.5894897494746796,0.5745256355233604,0.599763099219621,0.5033783783783784,0.4048913043478261,"svae","wall-following-robot"
32,4,3,"relu","Dense",1024,16,0.01,1,0.472168905950096,0.8179394277220364,0.4530224436649502,0.44086171558678067,0.8353911185432925,0.6586538461538461,0.37228260869565216,"svae","wall-following-robot"
32,4,3,"relu","Dense",1024,16,0.01,2,0.43052837573385516,0.823197696023783,0.4530224436649502,0.44086171558678067,0.8353911185432925,0.6586538461538461,0.37228260869565216,"svae","wall-following-robot"
32,4,3,"relu","Dense",1024,16,0.01,3,0.4866920152091255,0.8211933296172426,0.4530224436649502,0.44086171558678067,0.8353911185432925,0.6586538461538461,0.37228260869565216,"svae","wall-following-robot"
32,4,3,"relu","Dense",1024,16,0.01,4,0.49242424242424243,0.8159652545522111,0.4530224436649502,0.44086171558678067,0.8353911185432925,0.6586538461538461,0.37228260869565216,"svae","wall-following-robot"
32,4,3,"relu","Dense",1024,16,0.01,5,0.4935064935064935,0.8221595131921219,0.4530224436649502,0.44086171558678067,0.8353911185432925,0.6586538461538461,0.37228260869565216,"svae","wall-following-robot"
32,8,3,"relu","Dense",1024,16,0.01,1,0.3593073593073593,0.8108022110739502,0.39172096779610427,0.3811862073553201,0.8843482905982907,0.7079207920792079,0.38858695652173914,"svae","wall-following-robot"
32,8,3,"relu","Dense",1024,16,0.01,2,0.4317718940936864,0.826662950575994,0.39172096779610427,0.3811862073553201,0.8843482905982907,0.7079207920792079,0.38858695652173914,"svae","wall-following-robot"
32,8,3,"relu","Dense",1024,16,0.01,3,0.3574468085106383,0.8322370865849125,0.39172096779610427,0.3811862073553201,0.8843482905982907,0.7079207920792079,0.38858695652173914,"svae","wall-following-robot"
32,8,3,"relu","Dense",1024,16,0.01,4,0.36673773987206826,0.8367196209587513,0.39172096779610427,0.3811862073553201,0.8843482905982907,0.7079207920792079,0.38858695652173914,"svae","wall-following-robot"
32,8,3,"relu","Dense",1024,16,0.01,5,0.37735849056603776,0.8409373838721665,0.39172096779610427,0.3811862073553201,0.8843482905982907,0.7079207920792079,0.38858695652173914,"svae","wall-following-robot"
32,2,3,"relu","Dense",1024,16,0.05,1,0.1648590021691974,0.6060688405797102,0.6546561049432525,0.6410328937144574,0.5905332590115199,0.45733788395904434,0.3641304347826087,"svae","wall-following-robot"
32,2,3,"relu","Dense",1024,16,0.05,2,0.17391304347826086,0.6198253437383872,0.6546561049432525,0.6410328937144574,0.5905332590115199,0.45733788395904434,0.3641304347826087,"svae","wall-following-robot"
32,2,3,"relu","Dense",1024,16,0.05,3,0.19246861924686193,0.5747352285395764,0.6546561049432525,0.6410328937144574,0.5905332590115199,0.45733788395904434,0.3641304347826087,"svae","wall-following-robot"
32,2,3,"relu","Dense",1024,16,0.05,4,0.1900647948164147,0.5855072463768116,0.6546561049432525,0.6410328937144574,0.5905332590115199,0.45733788395904434,0.3641304347826087,"svae","wall-following-robot"
32,2,3,"relu","Dense",1024,16,0.05,5,0.1771058315334773,0.6106001486436269,0.6546561049432525,0.6410328937144574,0.5905332590115199,0.45733788395904434,0.3641304347826087,"svae","wall-following-robot"
32,4,3,"relu","Dense",1024,16,0.05,1,0.12669683257918551,0.5435107766629506,0.833687479937918,0.8169183479427935,0.5382966369379413,0.4312977099236641,0.3070652173913043,"svae","wall-following-robot"
32,4,3,"relu","Dense",1024,16,0.05,2,0.1308411214953271,0.49555462653288734,0.833687479937918,0.8169183479427935,0.5382966369379413,0.4312977099236641,0.3070652173913043,"svae","wall-following-robot"
32,4,3,"relu","Dense",1024,16,0.05,3,0.12413793103448276,0.5216276477146042,0.833687479937918,0.8169183479427935,0.5382966369379413,0.4312977099236641,0.3070652173913043,"svae","wall-following-robot"
32,4,3,"relu","Dense",1024,16,0.05,4,0.09324009324009325,0.5091230026012635,0.833687479937918,0.8169183479427935,0.5382966369379413,0.4312977099236641,0.3070652173913043,"svae","wall-following-robot"
32,4,3,"relu","Dense",1024,16,0.05,5,0.11241217798594848,0.5097059643255295,0.833687479937918,0.8169183479427935,0.5382966369379413,0.4312977099236641,0.3070652173913043,"svae","wall-following-robot"
32,8,3,"relu","Dense",1024,16,0.05,1,0.14782608695652175,0.48417177629134145,1.0021636664551135,0.9908154257285251,0.4890700483091787,0.33955223880597013,0.24728260869565216,"svae","wall-following-robot"
32,8,3,"relu","Dense",1024,16,0.05,2,0.2127659574468085,0.514509011519881,1.0021636664551135,0.9908154257285251,0.4890700483091787,0.33955223880597013,0.24728260869565216,"svae","wall-following-robot"
32,8,3,"relu","Dense",1024,16,0.05,3,0.17105263157894737,0.48729561501300633,1.0021636664551135,0.9908154257285251,0.4890700483091787,0.33955223880597013,0.24728260869565216,"svae","wall-following-robot"
32,8,3,"relu","Dense",1024,16,0.05,4,0.17057569296375266,0.48803418803418797,1.0021636664551135,0.9908154257285251,0.4890700483091787,0.33955223880597013,0.24728260869565216,"svae","wall-following-robot"
32,8,3,"relu","Dense",1024,16,0.05,5,0.1752136752136752,0.5124837421033073,1.0021636664551135,0.9908154257285251,0.4890700483091787,0.33955223880597013,0.24728260869565216,"svae","wall-following-robot"
32,2,3,"relu","Dense",1024,16,0.1,1,0.1493212669683258,0.5046009847640283,0.8960477899401859,0.879071243730357,0.5045382757339278,0.4340277777777778,0.33967391304347827,"svae","wall-following-robot"
32,2,3,"relu","Dense",1024,16,0.1,2,0.14578587699316628,0.49601913786696394,0.8960477899401859,0.879071243730357,0.5045382757339278,0.4340277777777778,0.33967391304347827,"svae","wall-following-robot"
32,2,3,"relu","Dense",1024,16,0.1,3,0.13574660633484162,0.4951830174656261,0.8960477899401859,0.879071243730357,0.5045382757339278,0.4340277777777778,0.33967391304347827,"svae","wall-following-robot"
32,2,3,"relu","Dense",1024,16,0.1,4,0.15317286652078774,0.5220712560386473,0.8960477899401859,0.879071243730357,0.5045382757339278,0.4340277777777778,0.33967391304347827,"svae","wall-following-robot"
32,2,3,"relu","Dense",1024,16,0.1,5,0.12416851441241686,0.49533630620587144,0.8960477899401859,0.879071243730357,0.5045382757339278,0.4340277777777778,0.33967391304347827,"svae","wall-following-robot"
32,4,3,"relu","Dense",1024,16,0.1,1,0.17842323651452283,0.48189334819769597,1.0021421709753187,0.9907934887763528,0.486905425492382,0.4532871972318339,0.35597826086956524,"svae","wall-following-robot"
32,4,3,"relu","Dense",1024,16,0.1,2,0.17813765182186234,0.5096014492753623,1.0021421709753187,0.9907934887763528,0.486905425492382,0.4532871972318339,0.35597826086956524,"svae","wall-following-robot"
32,4,3,"relu","Dense",1024,16,0.1,3,0.19461697722567287,0.5227703455964325,1.0021421709753187,0.9907934887763528,0.486905425492382,0.4532871972318339,0.35597826086956524,"svae","wall-following-robot"
32,4,3,"relu","Dense",1024,16,0.1,4,0.21181262729124237,0.5279078409513192,1.0021421709753187,0.9907934887763528,0.486905425492382,0.4532871972318339,0.35597826086956524,"svae","wall-following-robot"
32,4,3,"relu","Dense",1024,16,0.1,5,0.22626262626262628,0.5018348197696024,1.0021421709753187,0.9907934887763528,0.486905425492382,0.4532871972318339,0.35597826086956524,"svae","wall-following-robot"
32,8,3,"relu","Dense",1024,16,0.1,1,0.11085450346420324,0.4808691007060572,1.0021348436183055,0.9906765867209076,0.5278730026012635,0.4157303370786517,0.3016304347826087,"svae","wall-following-robot"
32,8,3,"relu","Dense",1024,16,0.1,2,0.09767441860465116,0.5004528985507246,1.0021348436183055,0.9906765867209076,0.5278730026012635,0.4157303370786517,0.3016304347826087,"svae","wall-following-robot"
32,8,3,"relu","Dense",1024,16,0.1,3,0.15384615384615385,0.4916898922333705,1.0021348436183055,0.9906765867209076,0.5278730026012635,0.4157303370786517,0.3016304347826087,"svae","wall-following-robot"
32,8,3,"relu","Dense",1024,16,0.1,4,0.10068649885583524,0.48777870680044594,1.0021348436183055,0.9906765867209076,0.5278730026012635,0.4157303370786517,0.3016304347826087,"svae","wall-following-robot"
32,8,3,"relu","Dense",1024,16,0.1,5,0.1342281879194631,0.5058389074693422,1.0021348436183055,0.9906765867209076,0.5278730026012635,0.4157303370786517,0.3016304347826087,"svae","wall-following-robot"
32,2,3,"relu","Dense",1024,16,0.01,1,0.6467391304347826,0.9639864156533856,0.5103901227814899,0.5168996110468376,0.9305497140633141,0.6933333333333334,0.2157676348547718,"svae","waveform-1"
32,2,3,"relu","Dense",1024,16,0.01,2,0.6136986301369863,0.9681954287794803,0.5103901227814899,0.5168996110468376,0.9305497140633141,0.6933333333333334,0.2157676348547718,"svae","waveform-1"
32,2,3,"relu","Dense",1024,16,0.01,3,0.5826330532212886,0.9756561477956824,0.5103901227814899,0.5168996110468376,0.9305497140633141,0.6933333333333334,0.2157676348547718,"svae","waveform-1"
32,2,3,"relu","Dense",1024,16,0.01,4,0.6505376344086021,0.9698683624082712,0.5103901227814899,0.5168996110468376,0.9305497140633141,0.6933333333333334,0.2157676348547718,"svae","waveform-1"
32,2,3,"relu","Dense",1024,16,0.01,5,0.6060606060606061,0.9739424109076529,0.5103901227814899,0.5168996110468376,0.9305497140633141,0.6933333333333334,0.2157676348547718,"svae","waveform-1"
32,4,3,"relu","Dense",1024,16,0.01,1,0.6057142857142858,0.9727779486632225,0.43433504507799453,0.4386810020562056,0.9633586732035581,0.6767676767676768,0.27800829875518673,"svae","waveform-1"
32,4,3,"relu","Dense",1024,16,0.01,2,0.6559139784946236,0.973129484435126,0.43433504507799453,0.4386810020562056,0.9633586732035581,0.6767676767676768,0.27800829875518673,"svae","waveform-1"
32,4,3,"relu","Dense",1024,16,0.01,3,0.6666666666666666,0.9794477121926416,0.43433504507799453,0.4386810020562056,0.9633586732035581,0.6767676767676768,0.27800829875518673,"svae","waveform-1"
32,4,3,"relu","Dense",1024,16,0.01,4,0.6298342541436464,0.9768111939033653,0.43433504507799453,0.4386810020562056,0.9633586732035581,0.6767676767676768,0.27800829875518673,"svae","waveform-1"
32,4,3,"relu","Dense",1024,16,0.01,5,0.6408839779005525,0.976371774188486,0.43433504507799453,0.4386810020562056,0.9633586732035581,0.6767676767676768,0.27800829875518673,"svae","waveform-1"
32,8,3,"relu","Dense",1024,16,0.01,1,0.5983379501385041,0.9710234085159541,0.40895199316258324,0.4139639869705346,0.956983948625558,0.6833333333333333,0.34024896265560167,"svae","waveform-1"
32,8,3,"relu","Dense",1024,16,0.01,2,0.6219839142091153,0.9555746668256948,0.40895199316258324,0.4139639869705346,0.956983948625558,0.6833333333333333,0.34024896265560167,"svae","waveform-1"
32,8,3,"relu","Dense",1024,16,0.01,3,0.6055555555555555,0.9574265070526865,0.40895199316258324,0.4139639869705346,0.956983948625558,0.6833333333333333,0.34024896265560167,"svae","waveform-1"
32,8,3,"relu","Dense",1024,16,0.01,4,0.6487935656836461,0.967118850478026,0.40895199316258324,0.4139639869705346,0.956983948625558,0.6833333333333333,0.34024896265560167,"svae","waveform-1"
32,8,3,"relu","Dense",1024,16,0.01,5,0.6684350132625995,0.9576838814571158,0.40895199316258324,0.4139639869705346,0.956983948625558,0.6833333333333333,0.34024896265560167,"svae","waveform-1"
32,2,3,"relu","Dense",1024,16,0.05,1,0.5962059620596206,0.948098254248247,0.5331919422494781,0.5367838827988595,0.9002642795713774,0.6724137931034483,0.3236514522821577,"svae","waveform-1"
32,2,3,"relu","Dense",1024,16,0.05,2,0.5611111111111111,0.9332584227343205,0.5331919422494781,0.5367838827988595,0.9002642795713774,0.6724137931034483,0.3236514522821577,"svae","waveform-1"
32,2,3,"relu","Dense",1024,16,0.05,3,0.6058981233243967,0.9357285892743925,0.5331919422494781,0.5367838827988595,0.9002642795713774,0.6724137931034483,0.3236514522821577,"svae","waveform-1"
32,2,3,"relu","Dense",1024,16,0.05,4,0.5260115606936416,0.934426023691,0.5331919422494781,0.5367838827988595,0.9002642795713774,0.6724137931034483,0.3236514522821577,"svae","waveform-1"
32,2,3,"relu","Dense",1024,16,0.05,5,0.519774011299435,0.9290399934714785,0.5331919422494781,0.5367838827988595,0.9002642795713774,0.6724137931034483,0.3236514522821577,"svae","waveform-1"
32,4,3,"relu","Dense",1024,16,0.05,1,0.4927536231884058,0.888098630893717,0.5515309101430367,0.5530528037337925,0.898167619788953,0.6622516556291391,0.4149377593360996,"svae","waveform-1"
32,4,3,"relu","Dense",1024,16,0.05,2,0.42857142857142855,0.8781834388986886,0.5515309101430367,0.5530528037337925,0.898167619788953,0.6622516556291391,0.4149377593360996,"svae","waveform-1"
32,4,3,"relu","Dense",1024,16,0.05,3,0.45348837209302323,0.9018556066816905,0.5515309101430367,0.5530528037337925,0.898167619788953,0.6622516556291391,0.4149377593360996,"svae","waveform-1"
32,4,3,"relu","Dense",1024,16,0.05,4,0.45103857566765576,0.9026999202767089,0.5515309101430367,0.5530528037337925,0.898167619788953,0.6622516556291391,0.4149377593360996,"svae","waveform-1"
32,4,3,"relu","Dense",1024,16,0.05,5,0.43529411764705883,0.8952925593687422,0.5515309101430367,0.5530528037337925,0.898167619788953,0.6622516556291391,0.4149377593360996,"svae","waveform-1"
32,8,3,"relu","Dense",1024,16,0.05,1,0.2894736842105263,0.8511465715846104,0.5930188607522089,0.5952226183605975,0.8721037532721074,0.6521739130434783,0.4979253112033195,"svae","waveform-1"
32,8,3,"relu","Dense",1024,16,0.05,2,0.3492063492063492,0.8728131022404126,0.5930188607522089,0.5952226183605975,0.8721037532721074,0.6521739130434783,0.4979253112033195,"svae","waveform-1"
32,8,3,"relu","Dense",1024,16,0.05,3,0.3215434083601286,0.8483813660931193,0.5930188607522089,0.5952226183605975,0.8721037532721074,0.6521739130434783,0.4979253112033195,"svae","waveform-1"
32,8,3,"relu","Dense",1024,16,0.05,4,0.2987012987012987,0.8373393764006503,0.5930188607522089,0.5952226183605975,0.8721037532721074,0.6521739130434783,0.4979253112033195,"svae","waveform-1"
32,8,3,"relu","Dense",1024,16,0.05,5,0.26,0.8428258454121442,0.5930188607522089,0.5952226183605975,0.8721037532721074,0.6521739130434783,0.4979253112033195,"svae","waveform-1"
32,2,3,"relu","Dense",1024,16,0.1,1,0.09771986970684039,0.46183639776272595,1.0012321405240259,0.994598332956026,0.46789411240356316,0.28431372549019607,0.12033195020746888,"svae","waveform-1"
32,2,3,"relu","Dense",1024,16,0.1,2,0.14193548387096774,0.4924325647673272,1.0012321405240259,0.994598332956026,0.46789411240356316,0.28431372549019607,0.12033195020746888,"svae","waveform-1"
32,2,3,"relu","Dense",1024,16,0.1,3,0.13504823151125403,0.48235415973534373,1.0012321405240259,0.994598332956026,0.46789411240356316,0.28431372549019607,0.12033195020746888,"svae","waveform-1"
32,2,3,"relu","Dense",1024,16,0.1,4,0.11074918566775244,0.4886566939316137,1.0012321405240259,0.994598332956026,0.46789411240356316,0.28431372549019607,0.12033195020746888,"svae","waveform-1"
32,2,3,"relu","Dense",1024,16,0.1,5,0.11538461538461539,0.47416525947734156,1.0012321405240259,0.994598332956026,0.46789411240356316,0.28431372549019607,0.12033195020746888,"svae","waveform-1"
32,4,3,"relu","Dense",1024,16,0.1,1,0.22442244224422442,0.7912254160363086,0.6409818831646344,0.6458560005265606,0.793435069459702,0.6420454545454546,0.46887966804979253,"svae","waveform-1"
32,4,3,"relu","Dense",1024,16,0.1,2,0.2140468227424749,0.7844897395496575,0.6409818831646344,0.6458560005265606,0.793435069459702,0.6420454545454546,0.46887966804979253,"svae","waveform-1"
32,4,3,"relu","Dense",1024,16,0.1,3,0.21926910299003322,0.7950640611170049,0.6409818831646344,0.6458560005265606,0.793435069459702,0.6420454545454546,0.46887966804979253,"svae","waveform-1"
32,4,3,"relu","Dense",1024,16,0.1,4,0.25559105431309903,0.8147312320701063,0.6409818831646344,0.6458560005265606,0.793435069459702,0.6420454545454546,0.46887966804979253,"svae","waveform-1"
32,4,3,"relu","Dense",1024,16,0.1,5,0.22591362126245848,0.7987206608872511,0.6409818831646344,0.6458560005265606,0.793435069459702,0.6420454545454546,0.46887966804979253,"svae","waveform-1"
32,8,3,"relu","Dense",1024,16,0.1,1,0.11604095563139932,0.5018487015147425,1.0012221431073391,0.9946035061884952,0.48060275830032456,0.25925925925925924,0.11618257261410789,"svae","waveform-1"
32,8,3,"relu","Dense",1024,16,0.1,2,0.09120521172638436,0.49189898368497365,1.0012221431073391,0.9946035061884952,0.48060275830032456,0.25925925925925924,0.11618257261410789,"svae","waveform-1"
32,8,3,"relu","Dense",1024,16,0.1,3,0.1437908496732026,0.46769323481961816,1.0012221431073391,0.9946035061884952,0.48060275830032456,0.25925925925925924,0.11618257261410789,"svae","waveform-1"
32,8,3,"relu","Dense",1024,16,0.1,4,0.10897435897435898,0.49651602940345635,1.0012221431073391,0.9946035061884952,0.48060275830032456,0.25925925925925924,0.11618257261410789,"svae","waveform-1"
32,8,3,"relu","Dense",1024,16,0.1,5,0.1308411214953271,0.5394441968349226,1.0012221431073391,0.9946035061884952,0.48060275830032456,0.25925925925925924,0.11618257261410789,"svae","waveform-1"
