hidden,latent,layers,nonlinearity,layertype,memorysize,k,β,anomaliesSeen,aucpxv,aucf2,aucf3,ar,i,κ,anom_sel,model,dataset
32,8,3,relu,Dense,256,0,0.5,1,0.9186379602450985,0.7643734143786095,0.6148379527409061,0.05,1,0.5,rnd,svae,magic-telescope
32,8,3,relu,Dense,256,0,0.5,1,0.9186379602450985,0.7638618305033871,0.6201991208550162,0.05,1,1.0,rnd,svae,magic-telescope
32,8,3,relu,Dense,256,0,0.5,1,0.9186379602450985,0.7581593659534798,0.6384234846582562,0.05,1,3.0,rnd,svae,magic-telescope
32,8,3,relu,Dense,256,0,0.5,1,0.9186379602450985,0.7516848354705851,0.6534787703515137,0.05,1,5.0,rnd,svae,magic-telescope
32,8,3,relu,Dense,256,0,0.5,1,0.9186379602450985,0.7432765323704877,0.6800125839531508,0.05,1,10.0,rnd,svae,magic-telescope
32,8,3,relu,Dense,256,0,0.5,1,0.9186379602450985,0.7376151965665434,0.7259086566630011,0.05,1,50.0,rnd,svae,magic-telescope
32,8,3,relu,Dense,256,0,0.5,2,0.9186379602450985,0.8018857169245511,0.6960354775119562,0.05,1,0.5,rnd,svae,magic-telescope
32,8,3,relu,Dense,256,0,0.5,2,0.9186379602450985,0.7984741956804715,0.6991186903452795,0.05,1,1.0,rnd,svae,magic-telescope
32,8,3,relu,Dense,256,0,0.5,2,0.9186379602450985,0.7843576555748933,0.7082240174559056,0.05,1,3.0,rnd,svae,magic-telescope
32,8,3,relu,Dense,256,0,0.5,2,0.9186379602450985,0.7734073073515108,0.7144871317534123,0.05,1,5.0,rnd,svae,magic-telescope
32,8,3,relu,Dense,256,0,0.5,2,0.9186379602450985,0.7580641204365131,0.7241668181936255,0.05,1,10.0,rnd,svae,magic-telescope
32,8,3,relu,Dense,256,0,0.5,2,0.9186379602450985,0.74283421796215,0.7377789899934483,0.05,1,50.0,rnd,svae,magic-telescope
32,8,3,relu,Dense,256,0,0.5,3,0.9186379602450985,0.8625838088393613,0.7051451339642627,0.05,1,0.5,rnd,svae,magic-telescope
32,8,3,relu,Dense,256,0,0.5,3,0.9186379602450985,0.8594176169571656,0.7074230892450494,0.05,1,1.0,rnd,svae,magic-telescope
32,8,3,relu,Dense,256,0,0.5,3,0.9186379602450985,0.8413173609487606,0.7152880599642684,0.05,1,3.0,rnd,svae,magic-telescope
32,8,3,relu,Dense,256,0,0.5,3,0.9186379602450985,0.8250678985086861,0.7215814796535372,0.05,1,5.0,rnd,svae,magic-telescope
32,8,3,relu,Dense,256,0,0.5,3,0.9186379602450985,0.8043664297073653,0.7341618250195543,0.05,1,10.0,rnd,svae,magic-telescope
32,8,3,relu,Dense,256,0,0.5,3,0.9186379602450985,0.7876190929740556,0.7680980913375646,0.05,1,50.0,rnd,svae,magic-telescope
32,8,3,relu,Dense,256,0,0.5,4,0.9186379602450985,0.8307689199446999,0.7017884510481336,0.05,1,0.5,rnd,svae,magic-telescope
32,8,3,relu,Dense,256,0,0.5,4,0.9186379602450985,0.8293005515581301,0.702793579874911,0.05,1,1.0,rnd,svae,magic-telescope
32,8,3,relu,Dense,256,0,0.5,4,0.9186379602450985,0.8197413651280185,0.7063306520277193,0.05,1,3.0,rnd,svae,magic-telescope
32,8,3,relu,Dense,256,0,0.5,4,0.9186379602450985,0.8085954749720757,0.7094852989987676,0.05,1,5.0,rnd,svae,magic-telescope
32,8,3,relu,Dense,256,0,0.5,4,0.9186379602450985,0.7885996888646446,0.7180018356408725,0.05,1,10.0,rnd,svae,magic-telescope
32,8,3,relu,Dense,256,0,0.5,4,0.9186379602450985,0.7699185795141325,0.7497315808158211,0.05,1,50.0,rnd,svae,magic-telescope
32,8,3,relu,Dense,256,0,0.5,5,0.9186379602450985,0.8273509046880998,0.7120994998167245,0.05,1,0.5,rnd,svae,magic-telescope
32,8,3,relu,Dense,256,0,0.5,5,0.9186379602450985,0.8263768028100315,0.712466050745657,0.05,1,1.0,rnd,svae,magic-telescope
32,8,3,relu,Dense,256,0,0.5,5,0.9186379602450985,0.816687014572564,0.7135801346713886,0.05,1,3.0,rnd,svae,magic-telescope
32,8,3,relu,Dense,256,0,0.5,5,0.9186379602450985,0.8049884117954358,0.7148493533406642,0.05,1,5.0,rnd,svae,magic-telescope
32,8,3,relu,Dense,256,0,0.5,5,0.9186379602450985,0.7829794818066631,0.7195459675068476,0.05,1,10.0,rnd,svae,magic-telescope
32,8,3,relu,Dense,256,0,0.5,5,0.9186379602450985,0.7623617136111616,0.7444598857631042,0.05,1,50.0,rnd,svae,magic-telescope
32,8,3,relu,Dense,256,0,0.5,6,0.9186379602450985,0.8382572379377324,0.7011513162641821,0.05,1,0.5,rnd,svae,magic-telescope
32,8,3,relu,Dense,256,0,0.5,6,0.9186379602450985,0.8352988544561912,0.7003684269769941,0.05,1,1.0,rnd,svae,magic-telescope
32,8,3,relu,Dense,256,0,0.5,6,0.9186379602450985,0.8172274607256554,0.6971654356905155,0.05,1,3.0,rnd,svae,magic-telescope
32,8,3,relu,Dense,256,0,0.5,6,0.9186379602450985,0.7981632046364364,0.695367315779296,0.05,1,5.0,rnd,svae,magic-telescope
32,8,3,relu,Dense,256,0,0.5,6,0.9186379602450985,0.7650891988697531,0.6952071301371247,0.05,1,10.0,rnd,svae,magic-telescope
32,8,3,relu,Dense,256,0,0.5,6,0.9186379602450985,0.7315519535432777,0.7127416854993031,0.05,1,50.0,rnd,svae,magic-telescope
32,8,3,relu,Dense,256,0,0.5,7,0.9186379602450985,0.8311304199750053,0.7190841710609484,0.05,1,0.5,rnd,svae,magic-telescope
32,8,3,relu,Dense,256,0,0.5,7,0.9186379602450985,0.8293604407847076,0.718161299726097,0.05,1,1.0,rnd,svae,magic-telescope
32,8,3,relu,Dense,256,0,0.5,7,0.9186379602450985,0.8151068048592531,0.7149835629327538,0.05,1,3.0,rnd,svae,magic-telescope
32,8,3,relu,Dense,256,0,0.5,7,0.9186379602450985,0.798513881312541,0.7128881615594866,0.05,1,5.0,rnd,svae,magic-telescope
32,8,3,relu,Dense,256,0,0.5,7,0.9186379602450985,0.769751178302494,0.7120417752609871,0.05,1,10.0,rnd,svae,magic-telescope
32,8,3,relu,Dense,256,0,0.5,7,0.9186379602450985,0.7403802027863643,0.7243634424616059,0.05,1,50.0,rnd,svae,magic-telescope
32,8,3,relu,Dense,256,0,0.5,8,0.9186379602450985,0.8228390091002762,0.744832930704557,0.05,1,0.5,rnd,svae,magic-telescope
32,8,3,relu,Dense,256,0,0.5,8,0.9186379602450985,0.8216852395424751,0.7440016971019385,0.05,1,1.0,rnd,svae,magic-telescope
32,8,3,relu,Dense,256,0,0.5,8,0.9186379602450985,0.8141846550813483,0.7410014633174878,0.05,1,3.0,rnd,svae,magic-telescope
32,8,3,relu,Dense,256,0,0.5,8,0.9186379602450985,0.804456624325705,0.7391766457992397,0.05,1,5.0,rnd,svae,magic-telescope
32,8,3,relu,Dense,256,0,0.5,8,0.9186379602450985,0.7843071465886231,0.7383216008173799,0.05,1,10.0,rnd,svae,magic-telescope
32,8,3,relu,Dense,256,0,0.5,8,0.9186379602450985,0.7622065788676172,0.7497286945880343,0.05,1,50.0,rnd,svae,magic-telescope
32,8,3,relu,Dense,256,0,0.5,9,0.9186379602450985,0.8286446562935641,0.7343811783313562,0.05,1,0.5,rnd,svae,magic-telescope
32,8,3,relu,Dense,256,0,0.5,9,0.9186379602450985,0.8270961950859086,0.7319206691430501,0.05,1,1.0,rnd,svae,magic-telescope
32,8,3,relu,Dense,256,0,0.5,9,0.9186379602450985,0.816171822912608,0.7235801923959442,0.05,1,3.0,rnd,svae,magic-telescope
32,8,3,relu,Dense,256,0,0.5,9,0.9186379602450985,0.8020964115529925,0.7178207248472463,0.05,1,5.0,rnd,svae,magic-telescope
32,8,3,relu,Dense,256,0,0.5,9,0.9186379602450985,0.7725176276362083,0.711684604572362,0.05,1,10.0,rnd,svae,magic-telescope
32,8,3,relu,Dense,256,0,0.5,9,0.9186379602450985,0.7369823911242723,0.7204760544111662,0.05,1,50.0,rnd,svae,magic-telescope
32,8,3,relu,Dense,256,0,0.5,10,0.9186379602450985,0.8150757779105442,0.735120052644795,0.05,1,0.5,rnd,svae,magic-telescope
32,8,3,relu,Dense,256,0,0.5,10,0.9186379602450985,0.8162778917837753,0.7327843728082708,0.05,1,1.0,rnd,svae,magic-telescope
32,8,3,relu,Dense,256,0,0.5,10,0.9186379602450985,0.8138505742150183,0.7244034888721488,0.05,1,3.0,rnd,svae,magic-telescope
32,8,3,relu,Dense,256,0,0.5,10,0.9186379602450985,0.8028143607149765,0.7184896081368534,0.05,1,5.0,rnd,svae,magic-telescope
32,8,3,relu,Dense,256,0,0.5,10,0.9186379602450985,0.774545202656484,0.7116802752306818,0.05,1,10.0,rnd,svae,magic-telescope
32,8,3,relu,Dense,256,0,0.5,10,0.9186379602450985,0.7382660409324824,0.720135840310789,0.05,1,50.0,rnd,svae,magic-telescope
32,8,3,relu,Dense,256,0,0.5,1,0.9123208180635202,0.43464576879595884,0.47313850588649164,0.05,1,0.5,rnd,svae,pendigits
32,8,3,relu,Dense,256,0,0.5,1,0.9123208180635202,0.43823367681162884,0.47601088155634264,0.05,1,1.0,rnd,svae,pendigits
32,8,3,relu,Dense,256,0,0.5,1,0.9123208180635202,0.4603801713862201,0.4850139520268863,0.05,1,3.0,rnd,svae,pendigits
32,8,3,relu,Dense,256,0,0.5,1,0.9123208180635202,0.4789276578013518,0.4910447455334729,0.05,1,5.0,rnd,svae,pendigits
32,8,3,relu,Dense,256,0,0.5,1,0.9123208180635202,0.49890023190761945,0.5000853857214581,0.05,1,10.0,rnd,svae,pendigits
32,8,3,relu,Dense,256,0,0.5,1,0.9123208180635202,0.5174460106083221,0.5155086085884374,0.05,1,50.0,rnd,svae,pendigits
32,8,3,relu,Dense,256,0,0.5,2,0.9123208180635202,0.7486167513123786,0.5766815010126747,0.05,1,0.5,rnd,svae,pendigits
32,8,3,relu,Dense,256,0,0.5,2,0.9123208180635202,0.6983843313785696,0.5761350323953427,0.05,1,1.0,rnd,svae,pendigits
32,8,3,relu,Dense,256,0,0.5,2,0.9123208180635202,0.5862728791040648,0.5746296821260362,0.05,1,3.0,rnd,svae,pendigits
32,8,3,relu,Dense,256,0,0.5,2,0.9123208180635202,0.574075528793773,0.5738945110642818,0.05,1,5.0,rnd,svae,pendigits
32,8,3,relu,Dense,256,0,0.5,2,0.9123208180635202,0.5800192288644723,0.5747492221360776,0.05,1,10.0,rnd,svae,pendigits
32,8,3,relu,Dense,256,0,0.5,2,0.9123208180635202,0.5892366174958759,0.5822315729074521,0.05,1,50.0,rnd,svae,pendigits
32,8,3,relu,Dense,256,0,0.5,3,0.9123208180635202,0.8151885829044124,0.706364480906045,0.05,1,0.5,rnd,svae,pendigits
32,8,3,relu,Dense,256,0,0.5,3,0.9123208180635202,0.8258421593707413,0.7072132149773387,0.05,1,1.0,rnd,svae,pendigits
32,8,3,relu,Dense,256,0,0.5,3,0.9123208180635202,0.7553511231637801,0.7093692044441562,0.05,1,3.0,rnd,svae,pendigits
32,8,3,relu,Dense,256,0,0.5,3,0.9123208180635202,0.7236012964967947,0.7104698263937512,0.05,1,5.0,rnd,svae,pendigits
32,8,3,relu,Dense,256,0,0.5,3,0.9123208180635202,0.7158055801276687,0.7117847665042062,0.05,1,10.0,rnd,svae,pendigits
32,8,3,relu,Dense,256,0,0.5,3,0.9123208180635202,0.720112435918016,0.7156467626857567,0.05,1,50.0,rnd,svae,pendigits
32,8,3,relu,Dense,256,0,0.5,4,0.9123208180635202,0.8549057512406545,0.7351471537523608,0.05,1,0.5,rnd,svae,pendigits
32,8,3,relu,Dense,256,0,0.5,4,0.9123208180635202,0.8546752097927176,0.7339380919365139,0.05,1,1.0,rnd,svae,pendigits
32,8,3,relu,Dense,256,0,0.5,4,0.9123208180635202,0.7962107524531318,0.7296858830079,0.05,1,3.0,rnd,svae,pendigits
32,8,3,relu,Dense,256,0,0.5,4,0.9123208180635202,0.7622297968844458,0.7264822107387914,0.05,1,5.0,rnd,svae,pendigits
32,8,3,relu,Dense,256,0,0.5,4,0.9123208180635202,0.7380605145685117,0.7218688202084096,0.05,1,10.0,rnd,svae,pendigits
32,8,3,relu,Dense,256,0,0.5,4,0.9123208180635202,0.725510521228598,0.719285048277087,0.05,1,50.0,rnd,svae,pendigits
32,8,3,relu,Dense,256,0,0.5,5,0.9123208180635202,0.8702444422433904,0.9143982526665961,0.05,1,0.5,rnd,svae,pendigits
32,8,3,relu,Dense,256,0,0.5,5,0.9123208180635202,0.8881754437495945,0.9145297466776416,0.05,1,1.0,rnd,svae,pendigits
32,8,3,relu,Dense,256,0,0.5,5,0.9123208180635202,0.912812639819119,0.9133249541478675,0.05,1,3.0,rnd,svae,pendigits
32,8,3,relu,Dense,256,0,0.5,5,0.9123208180635202,0.9047394198552541,0.9111954342547023,0.05,1,5.0,rnd,svae,pendigits
32,8,3,relu,Dense,256,0,0.5,5,0.9123208180635202,0.8913825314475612,0.9058306493754888,0.05,1,10.0,rnd,svae,pendigits
32,8,3,relu,Dense,256,0,0.5,5,0.9123208180635202,0.8779914887512852,0.8897841107418653,0.05,1,50.0,rnd,svae,pendigits
32,8,3,relu,Dense,256,0,0.5,6,0.9123208180635202,0.830252331884053,0.907937968981075,0.05,1,0.5,rnd,svae,pendigits
32,8,3,relu,Dense,256,0,0.5,6,0.9123208180635202,0.8502872375669851,0.9077595128232276,0.05,1,1.0,rnd,svae,pendigits
32,8,3,relu,Dense,256,0,0.5,6,0.9123208180635202,0.8969078414831159,0.9061995156921879,0.05,1,3.0,rnd,svae,pendigits
32,8,3,relu,Dense,256,0,0.5,6,0.9123208180635202,0.8937528390752385,0.9040563340835892,0.05,1,5.0,rnd,svae,pendigits
32,8,3,relu,Dense,256,0,0.5,6,0.9123208180635202,0.882678311002121,0.898781204211907,0.05,1,10.0,rnd,svae,pendigits
32,8,3,relu,Dense,256,0,0.5,6,0.9123208180635202,0.8722108754085707,0.8842178155600109,0.05,1,50.0,rnd,svae,pendigits
32,8,3,relu,Dense,256,0,0.5,7,0.9123208180635202,0.8294949605347195,0.9101007893056091,0.05,1,0.5,rnd,svae,pendigits
32,8,3,relu,Dense,256,0,0.5,7,0.9123208180635202,0.8411313266550314,0.9094919891116129,0.05,1,1.0,rnd,svae,pendigits
32,8,3,relu,Dense,256,0,0.5,7,0.9123208180635202,0.8783612089251988,0.906658037016418,0.05,1,3.0,rnd,svae,pendigits
32,8,3,relu,Dense,256,0,0.5,7,0.9123208180635202,0.8795224547370291,0.9036396517628735,0.05,1,5.0,rnd,svae,pendigits
32,8,3,relu,Dense,256,0,0.5,7,0.9123208180635202,0.8726736660188736,0.8970256737787281,0.05,1,10.0,rnd,svae,pendigits
32,8,3,relu,Dense,256,0,0.5,7,0.9123208180635202,0.8654918729870317,0.8799510910587487,0.05,1,50.0,rnd,svae,pendigits
32,8,3,relu,Dense,256,0,0.5,8,0.9123208180635202,0.8205627602129861,0.902605630676016,0.05,1,0.5,rnd,svae,pendigits
32,8,3,relu,Dense,256,0,0.5,8,0.9123208180635202,0.8337232614613252,0.9024331515186703,0.05,1,1.0,rnd,svae,pendigits
32,8,3,relu,Dense,256,0,0.5,8,0.9123208180635202,0.8809501039998087,0.9012744672784838,0.05,1,3.0,rnd,svae,pendigits
32,8,3,relu,Dense,256,0,0.5,8,0.9123208180635202,0.8825954868523066,0.8994233048372718,0.05,1,5.0,rnd,svae,pendigits
32,8,3,relu,Dense,256,0,0.5,8,0.9123208180635202,0.8741260771408763,0.8950182554672477,0.05,1,10.0,rnd,svae,pendigits
32,8,3,relu,Dense,256,0,0.5,8,0.9123208180635202,0.8680551523452043,0.8816109894838946,0.05,1,50.0,rnd,svae,pendigits
32,8,3,relu,Dense,256,0,0.5,9,0.9123208180635202,0.7979628674574524,0.9039555789322686,0.05,1,0.5,rnd,svae,pendigits
32,8,3,relu,Dense,256,0,0.5,9,0.9123208180635202,0.8104582139356328,0.9035107193234718,0.05,1,1.0,rnd,svae,pendigits
32,8,3,relu,Dense,256,0,0.5,9,0.9123208180635202,0.8673455969998873,0.901475977581125,0.05,1,3.0,rnd,svae,pendigits
32,8,3,relu,Dense,256,0,0.5,9,0.9123208180635202,0.8760011475840964,0.8992627796809306,0.05,1,5.0,rnd,svae,pendigits
32,8,3,relu,Dense,256,0,0.5,9,0.9123208180635202,0.8699481537899307,0.8941157283914354,0.05,1,10.0,rnd,svae,pendigits
32,8,3,relu,Dense,256,0,0.5,9,0.9123208180635202,0.8642008408785851,0.87932692143489,0.05,1,50.0,rnd,svae,pendigits
32,8,3,relu,Dense,256,0,0.5,10,0.9123208180635202,0.7916648166427018,0.9014939085826312,0.05,1,0.5,rnd,svae,pendigits
32,8,3,relu,Dense,256,0,0.5,10,0.9123208180635202,0.8032969134769407,0.9013052061382087,0.05,1,1.0,rnd,svae,pendigits
32,8,3,relu,Dense,256,0,0.5,10,0.9123208180635202,0.8558612174637708,0.8999535501675269,0.05,1,3.0,rnd,svae,pendigits
32,8,3,relu,Dense,256,0,0.5,10,0.9123208180635202,0.8735642390936817,0.8982979210284538,0.05,1,5.0,rnd,svae,pendigits
32,8,3,relu,Dense,256,0,0.5,10,0.9123208180635202,0.872308215131033,0.8942438069736226,0.05,1,10.0,rnd,svae,pendigits
32,8,3,relu,Dense,256,0,0.5,10,0.9123208180635202,0.867032231402136,0.8805795299686805,0.05,1,50.0,rnd,svae,pendigits
32,8,3,relu,Dense,256,0,0.5,1,0.91092476151768,0.6897509810819396,0.7126164234312082,0.05,2,0.5,rnd,svae,pendigits
32,8,3,relu,Dense,256,0,0.5,1,0.91092476151768,0.6914168565075873,0.7151421330719392,0.05,2,1.0,rnd,svae,pendigits
32,8,3,relu,Dense,256,0,0.5,1,0.91092476151768,0.7023701368562343,0.7225664215527223,0.05,2,3.0,rnd,svae,pendigits
32,8,3,relu,Dense,256,0,0.5,1,0.91092476151768,0.7116592494936627,0.7266324896085576,0.05,2,5.0,rnd,svae,pendigits
32,8,3,relu,Dense,256,0,0.5,1,0.91092476151768,0.7211831728651008,0.7300897574703967,0.05,2,10.0,rnd,svae,pendigits
32,8,3,relu,Dense,256,0,0.5,1,0.91092476151768,0.7239676012418499,0.7274137689598995,0.05,2,50.0,rnd,svae,pendigits
32,8,3,relu,Dense,256,0,0.5,2,0.91092476151768,0.733548733046665,0.7503722817455574,0.05,2,0.5,rnd,svae,pendigits
32,8,3,relu,Dense,256,0,0.5,2,0.91092476151768,0.7307122193798264,0.7498693598461691,0.05,2,1.0,rnd,svae,pendigits
32,8,3,relu,Dense,256,0,0.5,2,0.91092476151768,0.7248854977475248,0.7477825328137327,0.05,2,3.0,rnd,svae,pendigits
32,8,3,relu,Dense,256,0,0.5,2,0.91092476151768,0.7248095044554269,0.745706805925086,0.05,2,5.0,rnd,svae,pendigits
32,8,3,relu,Dense,256,0,0.5,2,0.91092476151768,0.7280814853017019,0.7426517048113146,0.05,2,10.0,rnd,svae,pendigits
32,8,3,relu,Dense,256,0,0.5,2,0.91092476151768,0.7319477507693254,0.7376028471014963,0.05,2,50.0,rnd,svae,pendigits
32,8,3,relu,Dense,256,0,0.5,3,0.91092476151768,0.7714301083715578,0.7471891020495989,0.05,2,0.5,rnd,svae,pendigits
32,8,3,relu,Dense,256,0,0.5,3,0.91092476151768,0.7667595094077988,0.7489249937668423,0.05,2,1.0,rnd,svae,pendigits
32,8,3,relu,Dense,256,0,0.5,3,0.91092476151768,0.7545613052402925,0.754109614773779,0.05,2,3.0,rnd,svae,pendigits
32,8,3,relu,Dense,256,0,0.5,3,0.91092476151768,0.7509793742251246,0.7569691825854112,0.05,2,5.0,rnd,svae,pendigits
32,8,3,relu,Dense,256,0,0.5,3,0.91092476151768,0.7496157642534385,0.7599559751220162,0.05,2,10.0,rnd,svae,pendigits
32,8,3,relu,Dense,256,0,0.5,3,0.91092476151768,0.7499018064203231,0.7581244513967397,0.05,2,50.0,rnd,svae,pendigits
32,8,3,relu,Dense,256,0,0.5,4,0.91092476151768,0.7678934317887625,0.735921602245986,0.05,2,0.5,rnd,svae,pendigits
32,8,3,relu,Dense,256,0,0.5,4,0.91092476151768,0.7638674950220126,0.7373577900809115,0.05,2,1.0,rnd,svae,pendigits
32,8,3,relu,Dense,256,0,0.5,4,0.91092476151768,0.7509588816519747,0.7411062232529229,0.05,2,3.0,rnd,svae,pendigits
32,8,3,relu,Dense,256,0,0.5,4,0.91092476151768,0.7459151470854438,0.7428617536861017,0.05,2,5.0,rnd,svae,pendigits
32,8,3,relu,Dense,256,0,0.5,4,0.91092476151768,0.742703790101404,0.7446155764048512,0.05,2,10.0,rnd,svae,pendigits
32,8,3,relu,Dense,256,0,0.5,4,0.91092476151768,0.7396153885562641,0.7428130838248705,0.05,2,50.0,rnd,svae,pendigits
32,8,3,relu,Dense,256,0,0.5,5,0.91092476151768,0.770950240616963,0.8091876744003361,0.05,2,0.5,rnd,svae,pendigits
32,8,3,relu,Dense,256,0,0.5,5,0.91092476151768,0.7702876474184481,0.8091261966808863,0.05,2,1.0,rnd,svae,pendigits
32,8,3,relu,Dense,256,0,0.5,5,0.91092476151768,0.779598106486241,0.808076806164166,0.05,2,3.0,rnd,svae,pendigits
32,8,3,relu,Dense,256,0,0.5,5,0.91092476151768,0.7850183920844019,0.8064476465987451,0.05,2,5.0,rnd,svae,pendigits
32,8,3,relu,Dense,256,0,0.5,5,0.91092476151768,0.7836803978291533,0.8021390830939686,0.05,2,10.0,rnd,svae,pendigits
32,8,3,relu,Dense,256,0,0.5,5,0.91092476151768,0.7775300643125254,0.7859832507368788,0.05,2,50.0,rnd,svae,pendigits
32,8,3,relu,Dense,256,0,0.5,6,0.91092476151768,0.7612376148011024,0.8217086365949541,0.05,2,0.5,rnd,svae,pendigits
32,8,3,relu,Dense,256,0,0.5,6,0.91092476151768,0.7693902434859232,0.8216838747357311,0.05,2,1.0,rnd,svae,pendigits
32,8,3,relu,Dense,256,0,0.5,6,0.91092476151768,0.785854318297477,0.8207045005106066,0.05,2,3.0,rnd,svae,pendigits
32,8,3,relu,Dense,256,0,0.5,6,0.91092476151768,0.786233430900751,0.8189037156450548,0.05,2,5.0,rnd,svae,pendigits
32,8,3,relu,Dense,256,0,0.5,6,0.91092476151768,0.784938983363446,0.8137728876426369,0.05,2,10.0,rnd,svae,pendigits
32,8,3,relu,Dense,256,0,0.5,6,0.91092476151768,0.7817797116694958,0.7940231702693749,0.05,2,50.0,rnd,svae,pendigits
32,8,3,relu,Dense,256,0,0.5,7,0.91092476151768,0.7765353206575384,0.8427075470731482,0.05,2,0.5,rnd,svae,pendigits
32,8,3,relu,Dense,256,0,0.5,7,0.91092476151768,0.7840338947159899,0.8425914224919652,0.05,2,1.0,rnd,svae,pendigits
32,8,3,relu,Dense,256,0,0.5,7,0.91092476151768,0.8047527400278016,0.8415241009737389,0.05,2,3.0,rnd,svae,pendigits
32,8,3,relu,Dense,256,0,0.5,7,0.91092476151768,0.8086753600715874,0.8400802284238822,0.05,2,5.0,rnd,svae,pendigits
32,8,3,relu,Dense,256,0,0.5,7,0.91092476151768,0.8093012374098754,0.8363420415384457,0.05,2,10.0,rnd,svae,pendigits
32,8,3,relu,Dense,256,0,0.5,7,0.91092476151768,0.8062743135841852,0.818956654792359,0.05,2,50.0,rnd,svae,pendigits
32,8,3,relu,Dense,256,0,0.5,8,0.91092476151768,0.738162123577047,0.844795227962799,0.05,2,0.5,rnd,svae,pendigits
32,8,3,relu,Dense,256,0,0.5,8,0.91092476151768,0.7508939885036665,0.844167642910082,0.05,2,1.0,rnd,svae,pendigits
32,8,3,relu,Dense,256,0,0.5,8,0.91092476151768,0.7812477586248117,0.8419100444347295,0.05,2,3.0,rnd,svae,pendigits
32,8,3,relu,Dense,256,0,0.5,8,0.91092476151768,0.7901603202306098,0.8394731359443148,0.05,2,5.0,rnd,svae,pendigits
32,8,3,relu,Dense,256,0,0.5,8,0.91092476151768,0.7965207026220247,0.8338325551847918,0.05,2,10.0,rnd,svae,pendigits
32,8,3,relu,Dense,256,0,0.5,8,0.91092476151768,0.798438465925974,0.8132144650243007,0.05,2,50.0,rnd,svae,pendigits
32,8,3,relu,Dense,256,0,0.5,9,0.91092476151768,0.7646829286619374,0.8124588013893965,0.05,2,0.5,rnd,svae,pendigits
32,8,3,relu,Dense,256,0,0.5,9,0.91092476151768,0.7775266488836671,0.8126406729761022,0.05,2,1.0,rnd,svae,pendigits
32,8,3,relu,Dense,256,0,0.5,9,0.91092476151768,0.797849304447913,0.8123264535211363,0.05,2,3.0,rnd,svae,pendigits
32,8,3,relu,Dense,256,0,0.5,9,0.91092476151768,0.7990447045483267,0.8112147314277517,0.05,2,5.0,rnd,svae,pendigits
32,8,3,relu,Dense,256,0,0.5,9,0.91092476151768,0.7978458890190547,0.8077856408539938,0.05,2,10.0,rnd,svae,pendigits
32,8,3,relu,Dense,256,0,0.5,9,0.91092476151768,0.7913480356160921,0.7960152191509926,0.05,2,50.0,rnd,svae,pendigits
32,8,3,relu,Dense,256,0,0.5,10,0.91092476151768,0.7660542233485547,0.8017411856319738,0.05,2,0.5,rnd,svae,pendigits
32,8,3,relu,Dense,256,0,0.5,10,0.91092476151768,0.7770604428445058,0.8018436484977236,0.05,2,1.0,rnd,svae,pendigits
32,8,3,relu,Dense,256,0,0.5,10,0.91092476151768,0.8017557012046218,0.8016891003418845,0.05,2,3.0,rnd,svae,pendigits
32,8,3,relu,Dense,256,0,0.5,10,0.91092476151768,0.8039236446724433,0.801227163588796,0.05,2,5.0,rnd,svae,pendigits
32,8,3,relu,Dense,256,0,0.5,10,0.91092476151768,0.8015857836189201,0.7997508444647852,0.05,2,10.0,rnd,svae,pendigits
32,8,3,relu,Dense,256,0,0.5,10,0.91092476151768,0.7923461946999375,0.7937627438189276,0.05,2,50.0,rnd,svae,pendigits
32,8,3,relu,Dense,256,0,0.5,1,0.913,0.6725,0.579,0.05,1,0.5,rnd,svae,pima-indians
32,8,3,relu,Dense,256,0,0.5,1,0.913,0.6735,0.5805,0.05,1,1.0,rnd,svae,pima-indians
32,8,3,relu,Dense,256,0,0.5,1,0.913,0.6795,0.5899999999999999,0.05,1,3.0,rnd,svae,pima-indians
32,8,3,relu,Dense,256,0,0.5,1,0.913,0.68,0.599,0.05,1,5.0,rnd,svae,pima-indians
32,8,3,relu,Dense,256,0,0.5,1,0.913,0.6759999999999999,0.613,0.05,1,10.0,rnd,svae,pima-indians
32,8,3,relu,Dense,256,0,0.5,1,0.913,0.6675,0.647,0.05,1,50.0,rnd,svae,pima-indians
32,8,3,relu,Dense,256,0,0.5,2,0.913,0.774,0.7414999999999999,0.05,1,0.5,rnd,svae,pima-indians
32,8,3,relu,Dense,256,0,0.5,2,0.913,0.782,0.7409999999999999,0.05,1,1.0,rnd,svae,pima-indians
32,8,3,relu,Dense,256,0,0.5,2,0.913,0.7815000000000001,0.7430000000000001,0.05,1,3.0,rnd,svae,pima-indians
32,8,3,relu,Dense,256,0,0.5,2,0.913,0.7805,0.7494999999999999,0.05,1,5.0,rnd,svae,pima-indians
32,8,3,relu,Dense,256,0,0.5,2,0.913,0.782,0.75,0.05,1,10.0,rnd,svae,pima-indians
32,8,3,relu,Dense,256,0,0.5,2,0.913,0.778,0.7685,0.05,1,50.0,rnd,svae,pima-indians
32,8,3,relu,Dense,256,0,0.5,3,0.913,0.8714999999999999,0.8225,0.05,1,0.5,rnd,svae,pima-indians
32,8,3,relu,Dense,256,0,0.5,3,0.913,0.8745,0.8225000000000001,0.05,1,1.0,rnd,svae,pima-indians
32,8,3,relu,Dense,256,0,0.5,3,0.913,0.8775,0.8215,0.05,1,3.0,rnd,svae,pima-indians
32,8,3,relu,Dense,256,0,0.5,3,0.913,0.877,0.822,0.05,1,5.0,rnd,svae,pima-indians
32,8,3,relu,Dense,256,0,0.5,3,0.913,0.872,0.8285,0.05,1,10.0,rnd,svae,pima-indians
32,8,3,relu,Dense,256,0,0.5,3,0.913,0.867,0.8554999999999999,0.05,1,50.0,rnd,svae,pima-indians
32,8,3,relu,Dense,256,0,0.5,4,0.913,0.9115,0.8765,0.05,1,0.5,rnd,svae,pima-indians
32,8,3,relu,Dense,256,0,0.5,4,0.913,0.914,0.8755,0.05,1,1.0,rnd,svae,pima-indians
32,8,3,relu,Dense,256,0,0.5,4,0.913,0.9099999999999999,0.8734999999999999,0.05,1,3.0,rnd,svae,pima-indians
32,8,3,relu,Dense,256,0,0.5,4,0.913,0.9019999999999999,0.8745,0.05,1,5.0,rnd,svae,pima-indians
32,8,3,relu,Dense,256,0,0.5,4,0.913,0.8925,0.879,0.05,1,10.0,rnd,svae,pima-indians
32,8,3,relu,Dense,256,0,0.5,4,0.913,0.8915,0.8895000000000001,0.05,1,50.0,rnd,svae,pima-indians
32,8,3,relu,Dense,256,0,0.5,5,0.913,0.938,0.899,0.05,1,0.5,rnd,svae,pima-indians
32,8,3,relu,Dense,256,0,0.5,5,0.913,0.9415,0.9,0.05,1,1.0,rnd,svae,pima-indians
32,8,3,relu,Dense,256,0,0.5,5,0.913,0.9325,0.895,0.05,1,3.0,rnd,svae,pima-indians
32,8,3,relu,Dense,256,0,0.5,5,0.913,0.9235,0.895,0.05,1,5.0,rnd,svae,pima-indians
32,8,3,relu,Dense,256,0,0.5,5,0.913,0.8975,0.8955,0.05,1,10.0,rnd,svae,pima-indians
32,8,3,relu,Dense,256,0,0.5,5,0.913,0.8845000000000001,0.888,0.05,1,50.0,rnd,svae,pima-indians
32,8,3,relu,Dense,256,0,0.5,6,0.913,0.9275,0.9075,0.05,1,0.5,rnd,svae,pima-indians
32,8,3,relu,Dense,256,0,0.5,6,0.913,0.9275,0.9055,0.05,1,1.0,rnd,svae,pima-indians
32,8,3,relu,Dense,256,0,0.5,6,0.913,0.925,0.903,0.05,1,3.0,rnd,svae,pima-indians
32,8,3,relu,Dense,256,0,0.5,6,0.913,0.917,0.898,0.05,1,5.0,rnd,svae,pima-indians
32,8,3,relu,Dense,256,0,0.5,6,0.913,0.899,0.8915,0.05,1,10.0,rnd,svae,pima-indians
32,8,3,relu,Dense,256,0,0.5,6,0.913,0.8895000000000001,0.889,0.05,1,50.0,rnd,svae,pima-indians
32,8,3,relu,Dense,256,0,0.5,7,0.913,0.9355,0.942,0.05,1,0.5,rnd,svae,pima-indians
32,8,3,relu,Dense,256,0,0.5,7,0.913,0.938,0.94,0.05,1,1.0,rnd,svae,pima-indians
32,8,3,relu,Dense,256,0,0.5,7,0.913,0.9395,0.941,0.05,1,3.0,rnd,svae,pima-indians
32,8,3,relu,Dense,256,0,0.5,7,0.913,0.9405,0.938,0.05,1,5.0,rnd,svae,pima-indians
32,8,3,relu,Dense,256,0,0.5,7,0.913,0.9395,0.9345,0.05,1,10.0,rnd,svae,pima-indians
32,8,3,relu,Dense,256,0,0.5,7,0.913,0.9390000000000001,0.937,0.05,1,50.0,rnd,svae,pima-indians
32,8,3,relu,Dense,256,0,0.5,8,0.913,0.9500000000000001,0.9450000000000001,0.05,1,0.5,rnd,svae,pima-indians
32,8,3,relu,Dense,256,0,0.5,8,0.913,0.9525000000000001,0.9450000000000001,0.05,1,1.0,rnd,svae,pima-indians
32,8,3,relu,Dense,256,0,0.5,8,0.913,0.9520000000000001,0.9465,0.05,1,3.0,rnd,svae,pima-indians
32,8,3,relu,Dense,256,0,0.5,8,0.913,0.9495,0.9465,0.05,1,5.0,rnd,svae,pima-indians
32,8,3,relu,Dense,256,0,0.5,8,0.913,0.9495,0.9450000000000001,0.05,1,10.0,rnd,svae,pima-indians
32,8,3,relu,Dense,256,0,0.5,8,0.913,0.9395,0.9404999999999999,0.05,1,50.0,rnd,svae,pima-indians
32,8,3,relu,Dense,256,0,0.5,9,0.913,0.95,0.9510000000000001,0.05,1,0.5,rnd,svae,pima-indians
32,8,3,relu,Dense,256,0,0.5,9,0.913,0.951,0.9505,0.05,1,1.0,rnd,svae,pima-indians
32,8,3,relu,Dense,256,0,0.5,9,0.913,0.952,0.95,0.05,1,3.0,rnd,svae,pima-indians
32,8,3,relu,Dense,256,0,0.5,9,0.913,0.9500000000000001,0.9515,0.05,1,5.0,rnd,svae,pima-indians
32,8,3,relu,Dense,256,0,0.5,9,0.913,0.9530000000000001,0.9524999999999999,0.05,1,10.0,rnd,svae,pima-indians
32,8,3,relu,Dense,256,0,0.5,9,0.913,0.9444999999999999,0.9470000000000001,0.05,1,50.0,rnd,svae,pima-indians
32,8,3,relu,Dense,256,0,0.5,10,0.913,0.9470000000000001,0.9550000000000001,0.05,1,0.5,rnd,svae,pima-indians
32,8,3,relu,Dense,256,0,0.5,10,0.913,0.9495,0.9545,0.05,1,1.0,rnd,svae,pima-indians
32,8,3,relu,Dense,256,0,0.5,10,0.913,0.9530000000000001,0.954,0.05,1,3.0,rnd,svae,pima-indians
32,8,3,relu,Dense,256,0,0.5,10,0.913,0.9495,0.9555,0.05,1,5.0,rnd,svae,pima-indians
32,8,3,relu,Dense,256,0,0.5,10,0.913,0.9495,0.9545,0.05,1,10.0,rnd,svae,pima-indians
32,8,3,relu,Dense,256,0,0.5,10,0.913,0.947,0.9470000000000001,0.05,1,50.0,rnd,svae,pima-indians
32,8,3,relu,Dense,256,0,0.5,1,0.9423076923076923,0.7173076923076923,0.8288461538461539,0.05,1,0.5,rnd,svae,synthetic-control-chart
32,8,3,relu,Dense,256,0,0.5,1,0.9423076923076923,0.7227564102564102,0.8291666666666667,0.05,1,1.0,rnd,svae,synthetic-control-chart
32,8,3,relu,Dense,256,0,0.5,1,0.9423076923076923,0.8330128205128206,0.8323717948717949,0.05,1,3.0,rnd,svae,synthetic-control-chart
32,8,3,relu,Dense,256,0,0.5,1,0.9423076923076923,0.9243589743589744,0.8346153846153845,0.05,1,5.0,rnd,svae,synthetic-control-chart
32,8,3,relu,Dense,256,0,0.5,1,0.9423076923076923,0.9298076923076923,0.841346153846154,0.05,1,10.0,rnd,svae,synthetic-control-chart
32,8,3,relu,Dense,256,0,0.5,1,0.9423076923076923,0.8881410256410256,0.8682692307692308,0.05,1,50.0,rnd,svae,synthetic-control-chart
32,8,3,relu,Dense,256,0,0.5,2,0.9423076923076923,0.7365384615384616,0.8474358974358974,0.05,1,0.5,rnd,svae,synthetic-control-chart
32,8,3,relu,Dense,256,0,0.5,2,0.9423076923076923,0.739102564102564,0.85,0.05,1,1.0,rnd,svae,synthetic-control-chart
32,8,3,relu,Dense,256,0,0.5,2,0.9423076923076923,0.8012820512820513,0.8580128205128206,0.05,1,3.0,rnd,svae,synthetic-control-chart
32,8,3,relu,Dense,256,0,0.5,2,0.9423076923076923,0.8923076923076924,0.8631410256410257,0.05,1,5.0,rnd,svae,synthetic-control-chart
32,8,3,relu,Dense,256,0,0.5,2,0.9423076923076923,0.9352564102564103,0.8727564102564103,0.05,1,10.0,rnd,svae,synthetic-control-chart
32,8,3,relu,Dense,256,0,0.5,2,0.9423076923076923,0.9134615384615383,0.8942307692307693,0.05,1,50.0,rnd,svae,synthetic-control-chart
32,8,3,relu,Dense,256,0,0.5,3,0.9423076923076923,0.6602564102564102,0.8544871794871796,0.05,1,0.5,rnd,svae,synthetic-control-chart
32,8,3,relu,Dense,256,0,0.5,3,0.9423076923076923,0.6637820512820513,0.8567307692307693,0.05,1,1.0,rnd,svae,synthetic-control-chart
32,8,3,relu,Dense,256,0,0.5,3,0.9423076923076923,0.6846153846153846,0.8605769230769231,0.05,1,3.0,rnd,svae,synthetic-control-chart
32,8,3,relu,Dense,256,0,0.5,3,0.9423076923076923,0.7522435897435898,0.8660256410256411,0.05,1,5.0,rnd,svae,synthetic-control-chart
32,8,3,relu,Dense,256,0,0.5,3,0.9423076923076923,0.8663461538461538,0.8756410256410256,0.05,1,10.0,rnd,svae,synthetic-control-chart
32,8,3,relu,Dense,256,0,0.5,3,0.9423076923076923,0.8842948717948718,0.8939102564102565,0.05,1,50.0,rnd,svae,synthetic-control-chart
32,8,3,relu,Dense,256,0,0.5,4,0.9423076923076923,0.6102564102564103,0.8342948717948718,0.05,1,0.5,rnd,svae,synthetic-control-chart
32,8,3,relu,Dense,256,0,0.5,4,0.9423076923076923,0.6121794871794872,0.8352564102564103,0.05,1,1.0,rnd,svae,synthetic-control-chart
32,8,3,relu,Dense,256,0,0.5,4,0.9423076923076923,0.6275641025641026,0.8423076923076923,0.05,1,3.0,rnd,svae,synthetic-control-chart
32,8,3,relu,Dense,256,0,0.5,4,0.9423076923076923,0.6637820512820513,0.8471153846153846,0.05,1,5.0,rnd,svae,synthetic-control-chart
32,8,3,relu,Dense,256,0,0.5,4,0.9423076923076923,0.7814102564102564,0.855448717948718,0.05,1,10.0,rnd,svae,synthetic-control-chart
32,8,3,relu,Dense,256,0,0.5,4,0.9423076923076923,0.8548076923076924,0.8923076923076922,0.05,1,50.0,rnd,svae,synthetic-control-chart
32,8,3,relu,Dense,256,0,0.5,5,0.9423076923076923,0.6064102564102565,0.8073717948717949,0.05,1,0.5,rnd,svae,synthetic-control-chart
32,8,3,relu,Dense,256,0,0.5,5,0.9423076923076923,0.6150641025641026,0.8076923076923077,0.05,1,1.0,rnd,svae,synthetic-control-chart
32,8,3,relu,Dense,256,0,0.5,5,0.9423076923076923,0.6621794871794872,0.8073717948717949,0.05,1,3.0,rnd,svae,synthetic-control-chart
32,8,3,relu,Dense,256,0,0.5,5,0.9423076923076923,0.7092948717948717,0.8083333333333333,0.05,1,5.0,rnd,svae,synthetic-control-chart
32,8,3,relu,Dense,256,0,0.5,5,0.9423076923076923,0.780448717948718,0.8083333333333333,0.05,1,10.0,rnd,svae,synthetic-control-chart
32,8,3,relu,Dense,256,0,0.5,5,0.9423076923076923,0.8144230769230769,0.8003205128205129,0.05,1,50.0,rnd,svae,synthetic-control-chart
32,8,3,relu,Dense,256,0,0.5,6,0.9423076923076923,0.5875,0.808974358974359,0.05,1,0.5,rnd,svae,synthetic-control-chart
32,8,3,relu,Dense,256,0,0.5,6,0.9423076923076923,0.5961538461538461,0.808974358974359,0.05,1,1.0,rnd,svae,synthetic-control-chart
32,8,3,relu,Dense,256,0,0.5,6,0.9423076923076923,0.6378205128205129,0.8083333333333333,0.05,1,3.0,rnd,svae,synthetic-control-chart
32,8,3,relu,Dense,256,0,0.5,6,0.9423076923076923,0.6942307692307693,0.8073717948717949,0.05,1,5.0,rnd,svae,synthetic-control-chart
32,8,3,relu,Dense,256,0,0.5,6,0.9423076923076923,0.771474358974359,0.8051282051282052,0.05,1,10.0,rnd,svae,synthetic-control-chart
32,8,3,relu,Dense,256,0,0.5,6,0.9423076923076923,0.7753205128205128,0.791025641025641,0.05,1,50.0,rnd,svae,synthetic-control-chart
32,8,3,relu,Dense,256,0,0.5,7,0.9423076923076923,0.6048076923076924,0.8092948717948718,0.05,1,0.5,rnd,svae,synthetic-control-chart
32,8,3,relu,Dense,256,0,0.5,7,0.9423076923076923,0.6134615384615385,0.8080128205128205,0.05,1,1.0,rnd,svae,synthetic-control-chart
32,8,3,relu,Dense,256,0,0.5,7,0.9423076923076923,0.6557692307692308,0.8051282051282052,0.05,1,3.0,rnd,svae,synthetic-control-chart
32,8,3,relu,Dense,256,0,0.5,7,0.9423076923076923,0.6894230769230769,0.8028846153846154,0.05,1,5.0,rnd,svae,synthetic-control-chart
32,8,3,relu,Dense,256,0,0.5,7,0.9423076923076923,0.7512820512820513,0.8003205128205129,0.05,1,10.0,rnd,svae,synthetic-control-chart
32,8,3,relu,Dense,256,0,0.5,7,0.9423076923076923,0.7548076923076923,0.7775641025641026,0.05,1,50.0,rnd,svae,synthetic-control-chart
32,8,3,relu,Dense,256,0,0.5,8,0.9423076923076923,0.632051282051282,0.9740384615384615,0.05,1,0.5,rnd,svae,synthetic-control-chart
32,8,3,relu,Dense,256,0,0.5,8,0.9423076923076923,0.6442307692307692,0.973397435897436,0.05,1,1.0,rnd,svae,synthetic-control-chart
32,8,3,relu,Dense,256,0,0.5,8,0.9423076923076923,0.7317307692307693,0.9705128205128205,0.05,1,3.0,rnd,svae,synthetic-control-chart
32,8,3,relu,Dense,256,0,0.5,8,0.9423076923076923,0.810576923076923,0.9692307692307692,0.05,1,5.0,rnd,svae,synthetic-control-chart
32,8,3,relu,Dense,256,0,0.5,8,0.9423076923076923,0.9080128205128204,0.9644230769230768,0.05,1,10.0,rnd,svae,synthetic-control-chart
32,8,3,relu,Dense,256,0,0.5,8,0.9423076923076923,0.9352564102564104,0.9471153846153847,0.05,1,50.0,rnd,svae,synthetic-control-chart
32,8,3,relu,Dense,256,0,0.5,9,0.9423076923076923,0.6474358974358974,0.9798076923076924,0.05,1,0.5,rnd,svae,synthetic-control-chart
32,8,3,relu,Dense,256,0,0.5,9,0.9423076923076923,0.6657051282051283,0.9801282051282052,0.05,1,1.0,rnd,svae,synthetic-control-chart
32,8,3,relu,Dense,256,0,0.5,9,0.9423076923076923,0.7439102564102564,0.9785256410256411,0.05,1,3.0,rnd,svae,synthetic-control-chart
32,8,3,relu,Dense,256,0,0.5,9,0.9423076923076923,0.8246794871794871,0.9778846153846155,0.05,1,5.0,rnd,svae,synthetic-control-chart
32,8,3,relu,Dense,256,0,0.5,9,0.9423076923076923,0.9125000000000001,0.971474358974359,0.05,1,10.0,rnd,svae,synthetic-control-chart
32,8,3,relu,Dense,256,0,0.5,9,0.9423076923076923,0.9378205128205128,0.9580128205128204,0.05,1,50.0,rnd,svae,synthetic-control-chart
32,8,3,relu,Dense,256,0,0.5,10,0.9423076923076923,0.6929487179487179,0.9730769230769231,0.05,1,0.5,rnd,svae,synthetic-control-chart
32,8,3,relu,Dense,256,0,0.5,10,0.9423076923076923,0.7092948717948718,0.9730769230769231,0.05,1,1.0,rnd,svae,synthetic-control-chart
32,8,3,relu,Dense,256,0,0.5,10,0.9423076923076923,0.7794871794871795,0.9717948717948718,0.05,1,3.0,rnd,svae,synthetic-control-chart
32,8,3,relu,Dense,256,0,0.5,10,0.9423076923076923,0.8432692307692309,0.9695512820512819,0.05,1,5.0,rnd,svae,synthetic-control-chart
32,8,3,relu,Dense,256,0,0.5,10,0.9423076923076923,0.916025641025641,0.9689102564102564,0.05,1,10.0,rnd,svae,synthetic-control-chart
32,8,3,relu,Dense,256,0,0.5,10,0.9423076923076923,0.9394230769230769,0.9576923076923076,0.05,1,50.0,rnd,svae,synthetic-control-chart
32,8,3,relu,Dense,256,0,0.5,1,0.9532051282051281,0.5833333333333334,0.8253205128205128,0.05,2,0.5,rnd,svae,synthetic-control-chart
32,8,3,relu,Dense,256,0,0.5,1,0.9532051282051281,0.6028846153846154,0.8192307692307692,0.05,2,1.0,rnd,svae,synthetic-control-chart
32,8,3,relu,Dense,256,0,0.5,1,0.9532051282051281,0.7682692307692307,0.8121794871794872,0.05,2,3.0,rnd,svae,synthetic-control-chart
32,8,3,relu,Dense,256,0,0.5,1,0.9532051282051281,0.8464743589743589,0.8134615384615385,0.05,2,5.0,rnd,svae,synthetic-control-chart
32,8,3,relu,Dense,256,0,0.5,1,0.9532051282051281,0.8583333333333334,0.8173076923076923,0.05,2,10.0,rnd,svae,synthetic-control-chart
32,8,3,relu,Dense,256,0,0.5,1,0.9532051282051281,0.835576923076923,0.8352564102564103,0.05,2,50.0,rnd,svae,synthetic-control-chart
32,8,3,relu,Dense,256,0,0.5,2,0.9532051282051281,0.48044871794871796,0.9631410256410257,0.05,2,0.5,rnd,svae,synthetic-control-chart
32,8,3,relu,Dense,256,0,0.5,2,0.9532051282051281,0.49935897435897436,0.9628205128205127,0.05,2,1.0,rnd,svae,synthetic-control-chart
32,8,3,relu,Dense,256,0,0.5,2,0.9532051282051281,0.7125,0.9621794871794871,0.05,2,3.0,rnd,svae,synthetic-control-chart
32,8,3,relu,Dense,256,0,0.5,2,0.9532051282051281,0.8092948717948718,0.9586538461538461,0.05,2,5.0,rnd,svae,synthetic-control-chart
32,8,3,relu,Dense,256,0,0.5,2,0.9532051282051281,0.848076923076923,0.941025641025641,0.05,2,10.0,rnd,svae,synthetic-control-chart
32,8,3,relu,Dense,256,0,0.5,2,0.9532051282051281,0.8913461538461538,0.9019230769230769,0.05,2,50.0,rnd,svae,synthetic-control-chart
32,8,3,relu,Dense,256,0,0.5,3,0.9532051282051281,0.5272435897435898,0.835576923076923,0.05,2,0.5,rnd,svae,synthetic-control-chart
32,8,3,relu,Dense,256,0,0.5,3,0.9532051282051281,0.544551282051282,0.8362179487179486,0.05,2,1.0,rnd,svae,synthetic-control-chart
32,8,3,relu,Dense,256,0,0.5,3,0.9532051282051281,0.6814102564102564,0.8397435897435896,0.05,2,3.0,rnd,svae,synthetic-control-chart
32,8,3,relu,Dense,256,0,0.5,3,0.9532051282051281,0.8282051282051283,0.8410256410256409,0.05,2,5.0,rnd,svae,synthetic-control-chart
32,8,3,relu,Dense,256,0,0.5,3,0.9532051282051281,0.8663461538461538,0.8509615384615384,0.05,2,10.0,rnd,svae,synthetic-control-chart
32,8,3,relu,Dense,256,0,0.5,3,0.9532051282051281,0.930128205128205,0.8961538461538461,0.05,2,50.0,rnd,svae,synthetic-control-chart
32,8,3,relu,Dense,256,0,0.5,4,0.9532051282051281,0.6083333333333334,0.9855769230769231,0.05,2,0.5,rnd,svae,synthetic-control-chart
32,8,3,relu,Dense,256,0,0.5,4,0.9532051282051281,0.6291666666666667,0.9871794871794872,0.05,2,1.0,rnd,svae,synthetic-control-chart
32,8,3,relu,Dense,256,0,0.5,4,0.9532051282051281,0.7689102564102563,0.9875,0.05,2,3.0,rnd,svae,synthetic-control-chart
32,8,3,relu,Dense,256,0,0.5,4,0.9532051282051281,0.8458333333333333,0.9833333333333333,0.05,2,5.0,rnd,svae,synthetic-control-chart
32,8,3,relu,Dense,256,0,0.5,4,0.9532051282051281,0.9112179487179487,0.9769230769230769,0.05,2,10.0,rnd,svae,synthetic-control-chart
32,8,3,relu,Dense,256,0,0.5,4,0.9532051282051281,0.9650641025641026,0.9692307692307692,0.05,2,50.0,rnd,svae,synthetic-control-chart
32,8,3,relu,Dense,256,0,0.5,5,0.9532051282051281,0.5842948717948717,0.992948717948718,0.05,2,0.5,rnd,svae,synthetic-control-chart
32,8,3,relu,Dense,256,0,0.5,5,0.9532051282051281,0.6314102564102564,0.9935897435897436,0.05,2,1.0,rnd,svae,synthetic-control-chart
32,8,3,relu,Dense,256,0,0.5,5,0.9532051282051281,0.8256410256410256,0.9945512820512821,0.05,2,3.0,rnd,svae,synthetic-control-chart
32,8,3,relu,Dense,256,0,0.5,5,0.9532051282051281,0.864423076923077,0.9955128205128205,0.05,2,5.0,rnd,svae,synthetic-control-chart
32,8,3,relu,Dense,256,0,0.5,5,0.9532051282051281,0.9496794871794871,0.9951923076923077,0.05,2,10.0,rnd,svae,synthetic-control-chart
32,8,3,relu,Dense,256,0,0.5,5,0.9532051282051281,0.9907051282051282,0.9926282051282052,0.05,2,50.0,rnd,svae,synthetic-control-chart
32,8,3,relu,Dense,256,0,0.5,6,0.9532051282051281,0.5663461538461538,0.9945512820512821,0.05,2,0.5,rnd,svae,synthetic-control-chart
32,8,3,relu,Dense,256,0,0.5,6,0.9532051282051281,0.6221153846153846,0.9948717948717949,0.05,2,1.0,rnd,svae,synthetic-control-chart
32,8,3,relu,Dense,256,0,0.5,6,0.9532051282051281,0.8355769230769231,0.9951923076923077,0.05,2,3.0,rnd,svae,synthetic-control-chart
32,8,3,relu,Dense,256,0,0.5,6,0.9532051282051281,0.8669871794871794,0.9955128205128205,0.05,2,5.0,rnd,svae,synthetic-control-chart
32,8,3,relu,Dense,256,0,0.5,6,0.9532051282051281,0.9599358974358974,0.9958333333333333,0.05,2,10.0,rnd,svae,synthetic-control-chart
32,8,3,relu,Dense,256,0,0.5,6,0.9532051282051281,0.9939102564102564,0.9961538461538462,0.05,2,50.0,rnd,svae,synthetic-control-chart
32,8,3,relu,Dense,256,0,0.5,7,0.9532051282051281,0.6455128205128206,0.9958333333333333,0.05,2,0.5,rnd,svae,synthetic-control-chart
32,8,3,relu,Dense,256,0,0.5,7,0.9532051282051281,0.6907051282051282,0.9958333333333333,0.05,2,1.0,rnd,svae,synthetic-control-chart
32,8,3,relu,Dense,256,0,0.5,7,0.9532051282051281,0.844551282051282,0.996474358974359,0.05,2,3.0,rnd,svae,synthetic-control-chart
32,8,3,relu,Dense,256,0,0.5,7,0.9532051282051281,0.8983974358974358,0.9967948717948718,0.05,2,5.0,rnd,svae,synthetic-control-chart
32,8,3,relu,Dense,256,0,0.5,7,0.9532051282051281,0.976602564102564,0.996474358974359,0.05,2,10.0,rnd,svae,synthetic-control-chart
32,8,3,relu,Dense,256,0,0.5,7,0.9532051282051281,0.9961538461538462,0.996474358974359,0.05,2,50.0,rnd,svae,synthetic-control-chart
32,8,3,relu,Dense,256,0,0.5,8,0.9532051282051281,0.719551282051282,0.9490384615384616,0.05,2,0.5,rnd,svae,synthetic-control-chart
32,8,3,relu,Dense,256,0,0.5,8,0.9532051282051281,0.7628205128205128,0.9509615384615385,0.05,2,1.0,rnd,svae,synthetic-control-chart
32,8,3,relu,Dense,256,0,0.5,8,0.9532051282051281,0.8426282051282051,0.9573717948717949,0.05,2,3.0,rnd,svae,synthetic-control-chart
32,8,3,relu,Dense,256,0,0.5,8,0.9532051282051281,0.8759615384615385,0.9608974358974359,0.05,2,5.0,rnd,svae,synthetic-control-chart
32,8,3,relu,Dense,256,0,0.5,8,0.9532051282051281,0.95,0.967948717948718,0.05,2,10.0,rnd,svae,synthetic-control-chart
32,8,3,relu,Dense,256,0,0.5,8,0.9532051282051281,0.9737179487179488,0.9772435897435897,0.05,2,50.0,rnd,svae,synthetic-control-chart
32,8,3,relu,Dense,256,0,0.5,9,0.9532051282051281,0.7362179487179487,0.9516025641025642,0.05,2,0.5,rnd,svae,synthetic-control-chart
32,8,3,relu,Dense,256,0,0.5,9,0.9532051282051281,0.7692307692307693,0.951923076923077,0.05,2,1.0,rnd,svae,synthetic-control-chart
32,8,3,relu,Dense,256,0,0.5,9,0.9532051282051281,0.844871794871795,0.9551282051282052,0.05,2,3.0,rnd,svae,synthetic-control-chart
32,8,3,relu,Dense,256,0,0.5,9,0.9532051282051281,0.8823717948717948,0.9596153846153846,0.05,2,5.0,rnd,svae,synthetic-control-chart
32,8,3,relu,Dense,256,0,0.5,9,0.9532051282051281,0.9378205128205128,0.9653846153846153,0.05,2,10.0,rnd,svae,synthetic-control-chart
32,8,3,relu,Dense,256,0,0.5,9,0.9532051282051281,0.9647435897435898,0.9653846153846154,0.05,2,50.0,rnd,svae,synthetic-control-chart
32,8,3,relu,Dense,256,0,0.5,10,0.9532051282051281,0.7730769230769231,0.9419871794871795,0.05,2,0.5,rnd,svae,synthetic-control-chart
32,8,3,relu,Dense,256,0,0.5,10,0.9532051282051281,0.8134615384615385,0.9439102564102564,0.05,2,1.0,rnd,svae,synthetic-control-chart
32,8,3,relu,Dense,256,0,0.5,10,0.9532051282051281,0.885576923076923,0.9480769230769232,0.05,2,3.0,rnd,svae,synthetic-control-chart
32,8,3,relu,Dense,256,0,0.5,10,0.9532051282051281,0.9224358974358975,0.9544871794871795,0.05,2,5.0,rnd,svae,synthetic-control-chart
32,8,3,relu,Dense,256,0,0.5,10,0.9532051282051281,0.9551282051282051,0.9596153846153845,0.05,2,10.0,rnd,svae,synthetic-control-chart
32,8,3,relu,Dense,256,0,0.5,10,0.9532051282051281,0.9695512820512822,0.9711538461538463,0.05,2,50.0,rnd,svae,synthetic-control-chart
