hidden,latent,layers,nonlinearity,layertype,memorysize,k,Î²,anomaliesSeen,f1,auc,rsTrn,rsTst,knnauc,knnprec,knnrecall,ar,model,dataset
32,8,3,relu,Dense,32,16,0.05,1,0.4,1.0,0.11924342891254036,0.14965520744064265,1.0,1.0,0.25,0.05,svae,breast-cancer-wisconsin
32,8,3,relu,Dense,32,16,0.05,2,0.0,0.9788732394366197,0.11924342891254036,0.14965520744064265,1.0,1.0,0.25,0.05,svae,breast-cancer-wisconsin
32,8,3,relu,Dense,32,16,0.05,3,0.0,0.9788732394366196,0.11924342891254036,0.14965520744064265,1.0,1.0,0.25,0.05,svae,breast-cancer-wisconsin
32,8,3,relu,Dense,32,16,0.05,4,0.0,0.9823943661971831,0.11924342891254036,0.14965520744064265,1.0,1.0,0.25,0.05,svae,breast-cancer-wisconsin
32,8,3,relu,Dense,32,16,0.05,5,0.3333333333333333,0.9964788732394366,0.11924342891254036,0.14965520744064265,1.0,1.0,0.25,0.05,svae,breast-cancer-wisconsin
32,8,3,relu,Dense,64,16,0.05,1,0.4,0.6091549295774649,0.1097662137749773,0.12460194540810335,0.8626760563380281,1.0,0.25,0.05,svae,breast-cancer-wisconsin
32,8,3,relu,Dense,64,16,0.05,2,0.8571428571428571,0.8573943661971831,0.1097662137749773,0.12460194540810335,0.8626760563380281,1.0,0.25,0.05,svae,breast-cancer-wisconsin
32,8,3,relu,Dense,64,16,0.05,3,0.0,0.8538732394366196,0.1097662137749773,0.12460194540810335,0.8626760563380281,1.0,0.25,0.05,svae,breast-cancer-wisconsin
32,8,3,relu,Dense,64,16,0.05,4,0.5714285714285714,0.8151408450704225,0.1097662137749773,0.12460194540810335,0.8626760563380281,1.0,0.25,0.05,svae,breast-cancer-wisconsin
32,8,3,relu,Dense,64,16,0.05,5,0.3333333333333333,0.9295774647887323,0.1097662137749773,0.12460194540810335,0.8626760563380281,1.0,0.25,0.05,svae,breast-cancer-wisconsin
32,8,3,relu,Dense,128,16,0.05,1,0.0,0.45774647887323944,0.11482480068633981,0.15778262876353333,0.8714788732394366,0.0,0.0,0.05,svae,breast-cancer-wisconsin
32,8,3,relu,Dense,128,16,0.05,2,0.0,0.7147887323943661,0.11482480068633981,0.15778262876353333,0.8714788732394366,0.0,0.0,0.05,svae,breast-cancer-wisconsin
32,8,3,relu,Dense,128,16,0.05,3,0.0,0.9788732394366197,0.11482480068633981,0.15778262876353333,0.8714788732394366,0.0,0.0,0.05,svae,breast-cancer-wisconsin
32,8,3,relu,Dense,128,16,0.05,4,0.0,0.971830985915493,0.11482480068633981,0.15778262876353333,0.8714788732394366,0.0,0.0,0.05,svae,breast-cancer-wisconsin
32,8,3,relu,Dense,128,16,0.05,5,0.4,0.9929577464788732,0.11482480068633981,0.15778262876353333,0.8714788732394366,0.0,0.0,0.05,svae,breast-cancer-wisconsin
32,8,3,relu,Dense,512,16,0.05,1,0.0,0.5,0.11226552293509534,0.14115343260589425,0.8714788732394366,1.0,0.25,0.05,svae,breast-cancer-wisconsin
32,8,3,relu,Dense,512,16,0.05,2,0.0,0.6197183098591549,0.11226552293509534,0.14115343260589425,0.8714788732394366,1.0,0.25,0.05,svae,breast-cancer-wisconsin
32,8,3,relu,Dense,512,16,0.05,3,0.0,0.75,0.11226552293509534,0.14115343260589425,0.8714788732394366,1.0,0.25,0.05,svae,breast-cancer-wisconsin
32,8,3,relu,Dense,512,16,0.05,4,0.4,1.0,0.11226552293509534,0.14115343260589425,0.8714788732394366,1.0,0.25,0.05,svae,breast-cancer-wisconsin
32,8,3,relu,Dense,512,16,0.05,5,0.0,0.8732394366197184,0.11226552293509534,0.14115343260589425,0.8714788732394366,1.0,0.25,0.05,svae,breast-cancer-wisconsin
32,8,3,relu,Dense,32,32,0.05,1,0.0,0.6161971830985915,0.10552834480280822,0.1428822852837099,0.9894366197183099,0.0,0.0,0.05,svae,breast-cancer-wisconsin
32,8,3,relu,Dense,32,32,0.05,2,0.3333333333333333,0.8802816901408451,0.10552834480280822,0.1428822852837099,0.9894366197183099,0.0,0.0,0.05,svae,breast-cancer-wisconsin
32,8,3,relu,Dense,32,32,0.05,3,0.5,0.9084507042253521,0.10552834480280822,0.1428822852837099,0.9894366197183099,0.0,0.0,0.05,svae,breast-cancer-wisconsin
32,8,3,relu,Dense,32,32,0.05,4,0.0,0.8661971830985915,0.10552834480280822,0.1428822852837099,0.9894366197183099,0.0,0.0,0.05,svae,breast-cancer-wisconsin
32,8,3,relu,Dense,32,32,0.05,5,0.3333333333333333,0.9154929577464789,0.10552834480280822,0.1428822852837099,0.9894366197183099,0.0,0.0,0.05,svae,breast-cancer-wisconsin
32,8,3,relu,Dense,64,32,0.05,1,0.0,0.5105633802816901,0.11369301527005768,0.13005031011874593,0.7464788732394366,1.0,0.25,0.05,svae,breast-cancer-wisconsin
32,8,3,relu,Dense,64,32,0.05,2,0.3333333333333333,0.852112676056338,0.11369301527005768,0.13005031011874593,0.7464788732394366,1.0,0.25,0.05,svae,breast-cancer-wisconsin
32,8,3,relu,Dense,64,32,0.05,3,0.0,0.9683098591549295,0.11369301527005768,0.13005031011874593,0.7464788732394366,1.0,0.25,0.05,svae,breast-cancer-wisconsin
32,8,3,relu,Dense,64,32,0.05,4,0.6666666666666666,0.9330985915492958,0.11369301527005768,0.13005031011874593,0.7464788732394366,1.0,0.25,0.05,svae,breast-cancer-wisconsin
32,8,3,relu,Dense,64,32,0.05,5,0.75,0.9366197183098592,0.11369301527005768,0.13005031011874593,0.7464788732394366,1.0,0.25,0.05,svae,breast-cancer-wisconsin
32,8,3,relu,Dense,128,32,0.05,1,0.0,0.8433098591549295,0.111853569471741,0.14596015393459982,0.7429577464788732,1.0,0.25,0.05,svae,breast-cancer-wisconsin
32,8,3,relu,Dense,128,32,0.05,2,0.0,0.9823943661971831,0.111853569471741,0.14596015393459982,0.7429577464788732,1.0,0.25,0.05,svae,breast-cancer-wisconsin
32,8,3,relu,Dense,128,32,0.05,3,0.4,0.9859154929577465,0.111853569471741,0.14596015393459982,0.7429577464788732,1.0,0.25,0.05,svae,breast-cancer-wisconsin
32,8,3,relu,Dense,128,32,0.05,4,0.8571428571428571,0.9894366197183098,0.111853569471741,0.14596015393459982,0.7429577464788732,1.0,0.25,0.05,svae,breast-cancer-wisconsin
32,8,3,relu,Dense,128,32,0.05,5,0.4,0.9823943661971831,0.111853569471741,0.14596015393459982,0.7429577464788732,1.0,0.25,0.05,svae,breast-cancer-wisconsin
32,8,3,relu,Dense,512,32,0.05,1,0.0,0.5985915492957746,0.12841506347282042,0.18199297431079212,0.8732394366197184,NaN,0.0,0.05,svae,breast-cancer-wisconsin
32,8,3,relu,Dense,512,32,0.05,2,0.0,0.6936619718309859,0.12841506347282042,0.18199297431079212,0.8732394366197184,NaN,0.0,0.05,svae,breast-cancer-wisconsin
32,8,3,relu,Dense,512,32,0.05,3,0.0,0.6830985915492958,0.12841506347282042,0.18199297431079212,0.8732394366197184,NaN,0.0,0.05,svae,breast-cancer-wisconsin
32,8,3,relu,Dense,512,32,0.05,4,0.0,0.9612676056338029,0.12841506347282042,0.18199297431079212,0.8732394366197184,NaN,0.0,0.05,svae,breast-cancer-wisconsin
32,8,3,relu,Dense,512,32,0.05,5,0.0,0.971830985915493,0.12841506347282042,0.18199297431079212,0.8732394366197184,NaN,0.0,0.05,svae,breast-cancer-wisconsin
32,8,3,relu,Dense,32,16,0.05,1,0.08695652173913043,0.9286581663630844,0.23014173514720077,0.2429704872164737,0.8116272009714632,0.25,0.1111111111111111,0.05,svae,cardiotocography
32,8,3,relu,Dense,32,16,0.05,2,0.125,0.9280510018214936,0.23014173514720077,0.2429704872164737,0.8116272009714632,0.25,0.1111111111111111,0.05,svae,cardiotocography
32,8,3,relu,Dense,32,16,0.05,3,0.1935483870967742,0.9269884638737098,0.23014173514720077,0.2429704872164737,0.8116272009714632,0.25,0.1111111111111111,0.05,svae,cardiotocography
32,8,3,relu,Dense,32,16,0.05,4,0.17142857142857143,0.9333636915604129,0.23014173514720077,0.2429704872164737,0.8116272009714632,0.25,0.1111111111111111,0.05,svae,cardiotocography
32,8,3,relu,Dense,32,16,0.05,5,0.16666666666666666,0.9221311475409836,0.23014173514720077,0.2429704872164737,0.8116272009714632,0.25,0.1111111111111111,0.05,svae,cardiotocography
32,8,3,relu,Dense,64,16,0.05,1,0.0,0.957043108682453,0.22681258225022488,0.2293428587025632,0.9259259259259259,0.6153846153846154,0.4444444444444444,0.05,svae,cardiotocography
32,8,3,relu,Dense,64,16,0.05,2,0.2564102564102564,0.9515786278081361,0.22681258225022488,0.2293428587025632,0.9259259259259259,0.6153846153846154,0.4444444444444444,0.05,svae,cardiotocography
32,8,3,relu,Dense,64,16,0.05,3,0.13953488372093023,0.9339708561020036,0.22681258225022488,0.2293428587025632,0.9259259259259259,0.6153846153846154,0.4444444444444444,0.05,svae,cardiotocography
32,8,3,relu,Dense,64,16,0.05,4,0.2692307692307692,0.9215239829993929,0.22681258225022488,0.2293428587025632,0.9259259259259259,0.6153846153846154,0.4444444444444444,0.05,svae,cardiotocography
32,8,3,relu,Dense,64,16,0.05,5,0.18518518518518517,0.9319975713418336,0.22681258225022488,0.2293428587025632,0.9259259259259259,0.6153846153846154,0.4444444444444444,0.05,svae,cardiotocography
32,8,3,relu,Dense,128,16,0.05,1,0.2,0.8817547055251974,0.2464110431228824,0.22460468446411058,0.9178051001821493,0.6666666666666666,0.3333333333333333,0.05,svae,cardiotocography
32,8,3,relu,Dense,128,16,0.05,2,0.1,0.889799635701275,0.2464110431228824,0.22460468446411058,0.9178051001821493,0.6666666666666666,0.3333333333333333,0.05,svae,cardiotocography
32,8,3,relu,Dense,128,16,0.05,3,0.08695652173913043,0.8919247115968427,0.2464110431228824,0.22460468446411058,0.9178051001821493,0.6666666666666666,0.3333333333333333,0.05,svae,cardiotocography
32,8,3,relu,Dense,128,16,0.05,4,0.3333333333333333,0.9061930783242258,0.2464110431228824,0.22460468446411058,0.9178051001821493,0.6666666666666666,0.3333333333333333,0.05,svae,cardiotocography
32,8,3,relu,Dense,128,16,0.05,5,0.20689655172413793,0.9127200971463266,0.2464110431228824,0.22460468446411058,0.9178051001821493,0.6666666666666666,0.3333333333333333,0.05,svae,cardiotocography
32,8,3,relu,Dense,512,16,0.05,1,0.0,0.5979811778992107,0.2335560278057289,0.24961777333790341,0.8664238008500303,0.5714285714285714,0.2222222222222222,0.05,svae,cardiotocography
32,8,3,relu,Dense,512,16,0.05,2,0.2,0.8164845173041895,0.2335560278057289,0.24961777333790341,0.8664238008500303,0.5714285714285714,0.2222222222222222,0.05,svae,cardiotocography
32,8,3,relu,Dense,512,16,0.05,3,0.0,0.7836976320582879,0.2335560278057289,0.24961777333790341,0.8664238008500303,0.5714285714285714,0.2222222222222222,0.05,svae,cardiotocography
32,8,3,relu,Dense,512,16,0.05,4,0.10526315789473684,0.8511687917425622,0.2335560278057289,0.24961777333790341,0.8664238008500303,0.5714285714285714,0.2222222222222222,0.05,svae,cardiotocography
32,8,3,relu,Dense,512,16,0.05,5,0.09090909090909091,0.8403916211293261,0.2335560278057289,0.24961777333790341,0.8664238008500303,0.5714285714285714,0.2222222222222222,0.05,svae,cardiotocography
32,8,3,relu,Dense,32,32,0.05,1,0.16216216216216217,0.6929265330904675,0.26809966827300213,0.24071336292252854,0.868548876745598,0.75,0.16666666666666666,0.05,svae,cardiotocography
32,8,3,relu,Dense,32,32,0.05,2,0.09302325581395349,0.8397085610200365,0.26809966827300213,0.24071336292252854,0.868548876745598,0.75,0.16666666666666666,0.05,svae,cardiotocography
32,8,3,relu,Dense,32,32,0.05,3,0.12,0.8636915604128719,0.26809966827300213,0.24071336292252854,0.868548876745598,0.75,0.16666666666666666,0.05,svae,cardiotocography
32,8,3,relu,Dense,32,32,0.05,4,0.2647058823529412,0.887370977534912,0.26809966827300213,0.24071336292252854,0.868548876745598,0.75,0.16666666666666666,0.05,svae,cardiotocography
32,8,3,relu,Dense,32,32,0.05,5,0.2702702702702703,0.8825136612021858,0.26809966827300213,0.24071336292252854,0.868548876745598,0.75,0.16666666666666666,0.05,svae,cardiotocography
32,8,3,relu,Dense,64,32,0.05,1,0.06896551724137931,0.8225561627200971,0.2135754734291731,0.21550800387092636,0.843882817243473,0.4,0.2222222222222222,0.05,svae,cardiotocography
32,8,3,relu,Dense,64,32,0.05,2,0.18181818181818182,0.8999696417729205,0.2135754734291731,0.21550800387092636,0.843882817243473,0.4,0.2222222222222222,0.05,svae,cardiotocography
32,8,3,relu,Dense,64,32,0.05,3,0.2857142857142857,0.9271402550091074,0.2135754734291731,0.21550800387092636,0.843882817243473,0.4,0.2222222222222222,0.05,svae,cardiotocography
32,8,3,relu,Dense,64,32,0.05,4,0.2777777777777778,0.8855494839101397,0.2135754734291731,0.21550800387092636,0.843882817243473,0.4,0.2222222222222222,0.05,svae,cardiotocography
32,8,3,relu,Dense,64,32,0.05,5,0.18604651162790697,0.9146933819064967,0.2135754734291731,0.21550800387092636,0.843882817243473,0.4,0.2222222222222222,0.05,svae,cardiotocography
32,8,3,relu,Dense,128,32,0.05,1,0.0,0.48512446873102616,0.2745478774499511,0.24028805407637444,0.9275956284153005,0.5714285714285714,0.4444444444444444,0.05,svae,cardiotocography
32,8,3,relu,Dense,128,32,0.05,2,0.08333333333333333,0.9307832422586522,0.2745478774499511,0.24028805407637444,0.9275956284153005,0.5714285714285714,0.4444444444444444,0.05,svae,cardiotocography
32,8,3,relu,Dense,128,32,0.05,3,0.0,0.8938979963570127,0.2745478774499511,0.24028805407637444,0.9275956284153005,0.5714285714285714,0.4444444444444444,0.05,svae,cardiotocography
32,8,3,relu,Dense,128,32,0.05,4,0.16,0.8964784456587735,0.2745478774499511,0.24028805407637444,0.9275956284153005,0.5714285714285714,0.4444444444444444,0.05,svae,cardiotocography
32,8,3,relu,Dense,128,32,0.05,5,0.29411764705882354,0.9099878567091683,0.2745478774499511,0.24028805407637444,0.9275956284153005,0.5714285714285714,0.4444444444444444,0.05,svae,cardiotocography
32,8,3,relu,Dense,512,32,0.05,1,0.0,0.7091681845780207,0.2400818602739218,0.24335361540763287,0.9001214329083181,0.7,0.3888888888888889,0.05,svae,cardiotocography
32,8,3,relu,Dense,512,32,0.05,2,0.0,0.8176988463873709,0.2400818602739218,0.24335361540763287,0.9001214329083181,0.7,0.3888888888888889,0.05,svae,cardiotocography
32,8,3,relu,Dense,512,32,0.05,3,0.0,0.8522313296903461,0.2400818602739218,0.24335361540763287,0.9001214329083181,0.7,0.3888888888888889,0.05,svae,cardiotocography
32,8,3,relu,Dense,512,32,0.05,4,0.14285714285714285,0.8359137826350941,0.2400818602739218,0.24335361540763287,0.9001214329083181,0.7,0.3888888888888889,0.05,svae,cardiotocography
32,8,3,relu,Dense,512,32,0.05,5,0.0,0.8533697632058288,0.2400818602739218,0.24335361540763287,0.9001214329083181,0.7,0.3888888888888889,0.05,svae,cardiotocography
32,8,3,relu,Dense,32,16,0.05,1,0.0,0.7439024390243902,0.029896073120218376,0.0651016829084414,1.0,NaN,0.0,0.05,svae,ecoli
32,8,3,relu,Dense,32,16,0.05,2,0.5,0.975609756097561,0.029896073120218376,0.0651016829084414,1.0,NaN,0.0,0.05,svae,ecoli
32,8,3,relu,Dense,32,16,0.05,3,0.3333333333333333,0.9634146341463414,0.029896073120218376,0.0651016829084414,1.0,NaN,0.0,0.05,svae,ecoli
32,8,3,relu,Dense,32,16,0.05,4,0.0,0.9024390243902439,0.029896073120218376,0.0651016829084414,1.0,NaN,0.0,0.05,svae,ecoli
32,8,3,relu,Dense,32,16,0.05,5,0.0,0.926829268292683,0.029896073120218376,0.0651016829084414,1.0,NaN,0.0,0.05,svae,ecoli
32,8,3,relu,Dense,64,16,0.05,1,0.0,0.6829268292682927,0.03456017156412005,0.07591774101244077,0.9634146341463414,0.5,0.5,0.05,svae,ecoli
32,8,3,relu,Dense,64,16,0.05,2,0.6666666666666666,1.0,0.03456017156412005,0.07591774101244077,0.9634146341463414,0.5,0.5,0.05,svae,ecoli
32,8,3,relu,Dense,64,16,0.05,3,0.0,0.9878048780487805,0.03456017156412005,0.07591774101244077,0.9634146341463414,0.5,0.5,0.05,svae,ecoli
32,8,3,relu,Dense,64,16,0.05,4,0.0,1.0,0.03456017156412005,0.07591774101244077,0.9634146341463414,0.5,0.5,0.05,svae,ecoli
32,8,3,relu,Dense,64,16,0.05,5,0.0,1.0,0.03456017156412005,0.07591774101244077,0.9634146341463414,0.5,0.5,0.05,svae,ecoli
32,8,3,relu,Dense,128,16,0.05,1,0.0,0.6646341463414634,0.03537424077685017,0.06876210186131719,0.975609756097561,0.0,0.0,0.05,svae,ecoli
32,8,3,relu,Dense,128,16,0.05,2,0.0,0.6951219512195123,0.03537424077685017,0.06876210186131719,0.975609756097561,0.0,0.0,0.05,svae,ecoli
32,8,3,relu,Dense,128,16,0.05,3,0.0,0.6951219512195121,0.03537424077685017,0.06876210186131719,0.975609756097561,0.0,0.0,0.05,svae,ecoli
32,8,3,relu,Dense,128,16,0.05,4,0.0,0.6890243902439025,0.03537424077685017,0.06876210186131719,0.975609756097561,0.0,0.0,0.05,svae,ecoli
32,8,3,relu,Dense,128,16,0.05,5,0.6666666666666666,0.9390243902439024,0.03537424077685017,0.06876210186131719,0.975609756097561,0.0,0.0,0.05,svae,ecoli
32,8,3,relu,Dense,512,16,0.05,1,0.0,0.6707317073170732,0.036184848561685426,0.08260070042918094,0.45121951219512196,NaN,0.0,0.05,svae,ecoli
32,8,3,relu,Dense,512,16,0.05,2,0.0,0.6829268292682927,0.036184848561685426,0.08260070042918094,0.45121951219512196,NaN,0.0,0.05,svae,ecoli
32,8,3,relu,Dense,512,16,0.05,3,0.0,0.6646341463414634,0.036184848561685426,0.08260070042918094,0.45121951219512196,NaN,0.0,0.05,svae,ecoli
32,8,3,relu,Dense,512,16,0.05,4,0.0,0.45121951219512196,0.036184848561685426,0.08260070042918094,0.45121951219512196,NaN,0.0,0.05,svae,ecoli
32,8,3,relu,Dense,512,16,0.05,5,0.0,0.6585365853658537,0.036184848561685426,0.08260070042918094,0.45121951219512196,NaN,0.0,0.05,svae,ecoli
32,8,3,relu,Dense,32,32,0.05,1,0.0,0.4634146341463415,0.03192846319817328,0.0747868145185057,0.9756097560975611,1.0,0.5,0.05,svae,ecoli
32,8,3,relu,Dense,32,32,0.05,2,0.0,0.46341463414634143,0.03192846319817328,0.0747868145185057,0.9756097560975611,1.0,0.5,0.05,svae,ecoli
32,8,3,relu,Dense,32,32,0.05,3,0.0,0.7682926829268292,0.03192846319817328,0.0747868145185057,0.9756097560975611,1.0,0.5,0.05,svae,ecoli
32,8,3,relu,Dense,32,32,0.05,4,0.0,0.8414634146341464,0.03192846319817328,0.0747868145185057,0.9756097560975611,1.0,0.5,0.05,svae,ecoli
32,8,3,relu,Dense,32,32,0.05,5,0.0,0.9024390243902439,0.03192846319817328,0.0747868145185057,0.9756097560975611,1.0,0.5,0.05,svae,ecoli
32,8,3,relu,Dense,64,32,0.05,1,0.5,0.6097560975609756,0.0355126377414278,0.0645173964988557,0.7256097560975611,0.3333333333333333,0.5,0.05,svae,ecoli
32,8,3,relu,Dense,64,32,0.05,2,0.5,0.8170731707317074,0.0355126377414278,0.0645173964988557,0.7256097560975611,0.3333333333333333,0.5,0.05,svae,ecoli
32,8,3,relu,Dense,64,32,0.05,3,0.4,0.7804878048780488,0.0355126377414278,0.0645173964988557,0.7256097560975611,0.3333333333333333,0.5,0.05,svae,ecoli
32,8,3,relu,Dense,64,32,0.05,4,0.4,0.7560975609756098,0.0355126377414278,0.0645173964988557,0.7256097560975611,0.3333333333333333,0.5,0.05,svae,ecoli
32,8,3,relu,Dense,64,32,0.05,5,0.2857142857142857,0.7317073170731707,0.0355126377414278,0.0645173964988557,0.7256097560975611,0.3333333333333333,0.5,0.05,svae,ecoli
32,8,3,relu,Dense,128,32,0.05,1,0.0,0.6951219512195123,0.033746186287340496,0.0849641573011826,0.9878048780487805,0.6666666666666666,1.0,0.05,svae,ecoli
32,8,3,relu,Dense,128,32,0.05,2,0.5,0.9512195121951219,0.033746186287340496,0.0849641573011826,0.9878048780487805,0.6666666666666666,1.0,0.05,svae,ecoli
32,8,3,relu,Dense,128,32,0.05,3,1.0,0.9024390243902439,0.033746186287340496,0.0849641573011826,0.9878048780487805,0.6666666666666666,1.0,0.05,svae,ecoli
32,8,3,relu,Dense,128,32,0.05,4,0.6666666666666666,0.8902439024390244,0.033746186287340496,0.0849641573011826,0.9878048780487805,0.6666666666666666,1.0,0.05,svae,ecoli
32,8,3,relu,Dense,128,32,0.05,5,1.0,0.8902439024390244,0.033746186287340496,0.0849641573011826,0.9878048780487805,0.6666666666666666,1.0,0.05,svae,ecoli
32,8,3,relu,Dense,512,32,0.05,1,0.0,0.75,0.03277614857169711,0.06290365343559208,1.0,1.0,1.0,0.05,svae,ecoli
32,8,3,relu,Dense,512,32,0.05,2,0.0,0.975609756097561,0.03277614857169711,0.06290365343559208,1.0,1.0,1.0,0.05,svae,ecoli
32,8,3,relu,Dense,512,32,0.05,3,0.0,0.9634146341463414,0.03277614857169711,0.06290365343559208,1.0,1.0,1.0,0.05,svae,ecoli
32,8,3,relu,Dense,512,32,0.05,4,0.0,0.9634146341463414,0.03277614857169711,0.06290365343559208,1.0,1.0,1.0,0.05,svae,ecoli
32,8,3,relu,Dense,512,32,0.05,5,0.0,0.9634146341463414,0.03277614857169711,0.06290365343559208,1.0,1.0,1.0,0.05,svae,ecoli
32,8,3,relu,Dense,32,16,0.05,1,0.0,1.0,0.061407810961922056,0.09798351466278275,0.9565217391304348,NaN,0.0,0.05,svae,glass
32,8,3,relu,Dense,32,16,0.05,2,0.0,0.8695652173913043,0.061407810961922056,0.09798351466278275,0.9565217391304348,NaN,0.0,0.05,svae,glass
32,8,3,relu,Dense,32,16,0.05,3,0.5,0.9565217391304348,0.061407810961922056,0.09798351466278275,0.9565217391304348,NaN,0.0,0.05,svae,glass
32,8,3,relu,Dense,32,16,0.05,4,0.6666666666666666,0.9130434782608696,0.061407810961922056,0.09798351466278275,0.9565217391304348,NaN,0.0,0.05,svae,glass
32,8,3,relu,Dense,32,16,0.05,5,0.6666666666666666,0.9565217391304348,0.061407810961922056,0.09798351466278275,0.9565217391304348,NaN,0.0,0.05,svae,glass
32,8,3,relu,Dense,64,16,0.05,1,0.0,0.4782608695652174,0.05487004961188181,0.08909588803234246,0.4782608695652174,NaN,0.0,0.05,svae,glass
32,8,3,relu,Dense,64,16,0.05,2,0.0,0.28260869565217395,0.05487004961188181,0.08909588803234246,0.4782608695652174,NaN,0.0,0.05,svae,glass
32,8,3,relu,Dense,64,16,0.05,3,1.0,1.0,0.05487004961188181,0.08909588803234246,0.4782608695652174,NaN,0.0,0.05,svae,glass
32,8,3,relu,Dense,64,16,0.05,4,0.6666666666666666,0.9565217391304348,0.05487004961188181,0.08909588803234246,0.4782608695652174,NaN,0.0,0.05,svae,glass
32,8,3,relu,Dense,64,16,0.05,5,0.6666666666666666,0.9565217391304348,0.05487004961188181,0.08909588803234246,0.4782608695652174,NaN,0.0,0.05,svae,glass
32,8,3,relu,Dense,128,16,0.05,1,0.0,0.8695652173913044,0.05505900751535521,0.10612652491028414,0.4565217391304348,NaN,0.0,0.05,svae,glass
32,8,3,relu,Dense,128,16,0.05,2,0.0,0.9130434782608696,0.05505900751535521,0.10612652491028414,0.4565217391304348,NaN,0.0,0.05,svae,glass
32,8,3,relu,Dense,128,16,0.05,3,0.0,0.6086956521739131,0.05505900751535521,0.10612652491028414,0.4565217391304348,NaN,0.0,0.05,svae,glass
32,8,3,relu,Dense,128,16,0.05,4,0.0,0.8695652173913043,0.05505900751535521,0.10612652491028414,0.4565217391304348,NaN,0.0,0.05,svae,glass
32,8,3,relu,Dense,128,16,0.05,5,0.6666666666666666,1.0,0.05505900751535521,0.10612652491028414,0.4565217391304348,NaN,0.0,0.05,svae,glass
32,8,3,relu,Dense,512,16,0.05,1,0.0,1.0,0.05309923964751938,0.10925787096847023,0.4782608695652174,NaN,0.0,0.05,svae,glass
32,8,3,relu,Dense,512,16,0.05,2,0.0,1.0,0.05309923964751938,0.10925787096847023,0.4782608695652174,NaN,0.0,0.05,svae,glass
32,8,3,relu,Dense,512,16,0.05,3,0.0,0.9565217391304348,0.05309923964751938,0.10925787096847023,0.4782608695652174,NaN,0.0,0.05,svae,glass
32,8,3,relu,Dense,512,16,0.05,4,0.6666666666666666,1.0,0.05309923964751938,0.10925787096847023,0.4782608695652174,NaN,0.0,0.05,svae,glass
32,8,3,relu,Dense,512,16,0.05,5,0.0,0.6956521739130435,0.05309923964751938,0.10925787096847023,0.4782608695652174,NaN,0.0,0.05,svae,glass
32,8,3,relu,Dense,32,32,0.05,1,0.0,0.0,0.055543810361490434,0.09991061039931788,0.4565217391304348,NaN,0.0,0.05,svae,glass
32,8,3,relu,Dense,32,32,0.05,2,0.0,0.13043478260869568,0.055543810361490434,0.09991061039931788,0.4565217391304348,NaN,0.0,0.05,svae,glass
32,8,3,relu,Dense,32,32,0.05,3,0.0,0.04347826086956519,0.055543810361490434,0.09991061039931788,0.4565217391304348,NaN,0.0,0.05,svae,glass
32,8,3,relu,Dense,32,32,0.05,4,0.0,0.4347826086956522,0.055543810361490434,0.09991061039931788,0.4565217391304348,NaN,0.0,0.05,svae,glass
32,8,3,relu,Dense,32,32,0.05,5,0.0,0.3913043478260869,0.055543810361490434,0.09991061039931788,0.4565217391304348,NaN,0.0,0.05,svae,glass
32,8,3,relu,Dense,64,32,0.05,1,0.0,1.0,0.05871733892943768,0.08360231404015737,0.9565217391304348,NaN,0.0,0.05,svae,glass
32,8,3,relu,Dense,64,32,0.05,2,0.6666666666666666,0.8695652173913043,0.05871733892943768,0.08360231404015737,0.9565217391304348,NaN,0.0,0.05,svae,glass
32,8,3,relu,Dense,64,32,0.05,3,0.6666666666666666,1.0,0.05871733892943768,0.08360231404015737,0.9565217391304348,NaN,0.0,0.05,svae,glass
32,8,3,relu,Dense,64,32,0.05,4,0.0,1.0,0.05871733892943768,0.08360231404015737,0.9565217391304348,NaN,0.0,0.05,svae,glass
32,8,3,relu,Dense,64,32,0.05,5,0.5,1.0,0.05871733892943768,0.08360231404015737,0.9565217391304348,NaN,0.0,0.05,svae,glass
32,8,3,relu,Dense,128,32,0.05,1,0.0,0.34782608695652173,0.05666643713764571,0.12149893519454859,0.4565217391304348,NaN,0.0,0.05,svae,glass
32,8,3,relu,Dense,128,32,0.05,2,0.0,0.8695652173913043,0.05666643713764571,0.12149893519454859,0.4565217391304348,NaN,0.0,0.05,svae,glass
32,8,3,relu,Dense,128,32,0.05,3,0.0,0.9565217391304348,0.05666643713764571,0.12149893519454859,0.4565217391304348,NaN,0.0,0.05,svae,glass
32,8,3,relu,Dense,128,32,0.05,4,0.0,0.6956521739130435,0.05666643713764571,0.12149893519454859,0.4565217391304348,NaN,0.0,0.05,svae,glass
32,8,3,relu,Dense,128,32,0.05,5,0.0,0.17391304347826086,0.05666643713764571,0.12149893519454859,0.4565217391304348,NaN,0.0,0.05,svae,glass
32,8,3,relu,Dense,512,32,0.05,1,0.0,0.7391304347826086,0.05571310132980449,0.10948210441886061,1.0,1.0,1.0,0.05,svae,glass
32,8,3,relu,Dense,512,32,0.05,2,0.0,0.6956521739130435,0.05571310132980449,0.10948210441886061,1.0,1.0,1.0,0.05,svae,glass
32,8,3,relu,Dense,512,32,0.05,3,0.0,1.0,0.05571310132980449,0.10948210441886061,1.0,1.0,1.0,0.05,svae,glass
32,8,3,relu,Dense,512,32,0.05,4,1.0,1.0,0.05571310132980449,0.10948210441886061,1.0,1.0,1.0,0.05,svae,glass
32,8,3,relu,Dense,512,32,0.05,5,0.0,1.0,0.05571310132980449,0.10948210441886061,1.0,1.0,1.0,0.05,svae,glass
32,8,3,relu,Dense,32,16,0.05,1,0.0,0.6222222222222222,0.09682213887333081,0.14331403843390345,0.7444444444444444,NaN,0.0,0.05,svae,ionosphere
32,8,3,relu,Dense,32,16,0.05,2,0.0,0.7555555555555555,0.09682213887333081,0.14331403843390345,0.7444444444444444,NaN,0.0,0.05,svae,ionosphere
32,8,3,relu,Dense,32,16,0.05,3,0.6666666666666666,1.0,0.09682213887333081,0.14331403843390345,0.7444444444444444,NaN,0.0,0.05,svae,ionosphere
32,8,3,relu,Dense,32,16,0.05,4,0.8,1.0,0.09682213887333081,0.14331403843390345,0.7444444444444444,NaN,0.0,0.05,svae,ionosphere
32,8,3,relu,Dense,32,16,0.05,5,0.5,0.8333333333333334,0.09682213887333081,0.14331403843390345,0.7444444444444444,NaN,0.0,0.05,svae,ionosphere
32,8,3,relu,Dense,64,16,0.05,1,0.0,0.4444444444444444,0.11054394480648293,0.12974124595737024,0.7444444444444444,1.0,0.5,0.05,svae,ionosphere
32,8,3,relu,Dense,64,16,0.05,2,0.0,1.0,0.11054394480648293,0.12974124595737024,0.7444444444444444,1.0,0.5,0.05,svae,ionosphere
32,8,3,relu,Dense,64,16,0.05,3,0.0,0.9777777777777779,0.11054394480648293,0.12974124595737024,0.7444444444444444,1.0,0.5,0.05,svae,ionosphere
32,8,3,relu,Dense,64,16,0.05,4,0.0,0.9333333333333333,0.11054394480648293,0.12974124595737024,0.7444444444444444,1.0,0.5,0.05,svae,ionosphere
32,8,3,relu,Dense,64,16,0.05,5,0.0,0.9222222222222223,0.11054394480648293,0.12974124595737024,0.7444444444444444,1.0,0.5,0.05,svae,ionosphere
32,8,3,relu,Dense,128,16,0.05,1,0.0,0.4666666666666667,0.11517761275359951,0.14189847476928413,0.75,NaN,0.0,0.05,svae,ionosphere
32,8,3,relu,Dense,128,16,0.05,2,0.0,0.4222222222222222,0.11517761275359951,0.14189847476928413,0.75,NaN,0.0,0.05,svae,ionosphere
32,8,3,relu,Dense,128,16,0.05,3,0.0,0.3666666666666667,0.11517761275359951,0.14189847476928413,0.75,NaN,0.0,0.05,svae,ionosphere
32,8,3,relu,Dense,128,16,0.05,4,0.0,0.3666666666666667,0.11517761275359951,0.14189847476928413,0.75,NaN,0.0,0.05,svae,ionosphere
32,8,3,relu,Dense,128,16,0.05,5,0.0,0.911111111111111,0.11517761275359951,0.14189847476928413,0.75,NaN,0.0,0.05,svae,ionosphere
32,8,3,relu,Dense,512,16,0.05,1,1.0,0.9888888888888888,0.11609241942848363,0.1122061834812084,1.0,1.0,0.5,0.05,svae,ionosphere
32,8,3,relu,Dense,512,16,0.05,2,1.0,1.0,0.11609241942848363,0.1122061834812084,1.0,1.0,0.5,0.05,svae,ionosphere
32,8,3,relu,Dense,512,16,0.05,3,1.0,1.0,0.11609241942848363,0.1122061834812084,1.0,1.0,0.5,0.05,svae,ionosphere
32,8,3,relu,Dense,512,16,0.05,4,0.5,1.0,0.11609241942848363,0.1122061834812084,1.0,1.0,0.5,0.05,svae,ionosphere
32,8,3,relu,Dense,512,16,0.05,5,0.8,0.9777777777777777,0.11609241942848363,0.1122061834812084,1.0,1.0,0.5,0.05,svae,ionosphere
32,8,3,relu,Dense,32,32,0.05,1,1.0,1.0,0.10669040078730814,0.10372416658448518,0.9777777777777777,1.0,0.5,0.05,svae,ionosphere
32,8,3,relu,Dense,32,32,0.05,2,0.0,1.0,0.10669040078730814,0.10372416658448518,0.9777777777777777,1.0,0.5,0.05,svae,ionosphere
32,8,3,relu,Dense,32,32,0.05,3,0.6666666666666666,0.9555555555555556,0.10669040078730814,0.10372416658448518,0.9777777777777777,1.0,0.5,0.05,svae,ionosphere
32,8,3,relu,Dense,32,32,0.05,4,1.0,1.0,0.10669040078730814,0.10372416658448518,0.9777777777777777,1.0,0.5,0.05,svae,ionosphere
32,8,3,relu,Dense,32,32,0.05,5,1.0,0.9777777777777777,0.10669040078730814,0.10372416658448518,0.9777777777777777,1.0,0.5,0.05,svae,ionosphere
32,8,3,relu,Dense,64,32,0.05,1,0.0,0.7,0.11119067454259277,0.13280979627783063,1.0,NaN,0.0,0.05,svae,ionosphere
32,8,3,relu,Dense,64,32,0.05,2,0.0,1.0,0.11119067454259277,0.13280979627783063,1.0,NaN,0.0,0.05,svae,ionosphere
32,8,3,relu,Dense,64,32,0.05,3,0.0,1.0,0.11119067454259277,0.13280979627783063,1.0,NaN,0.0,0.05,svae,ionosphere
32,8,3,relu,Dense,64,32,0.05,4,0.0,1.0,0.11119067454259277,0.13280979627783063,1.0,NaN,0.0,0.05,svae,ionosphere
32,8,3,relu,Dense,64,32,0.05,5,0.0,1.0,0.11119067454259277,0.13280979627783063,1.0,NaN,0.0,0.05,svae,ionosphere
32,8,3,relu,Dense,128,32,0.05,1,0.6666666666666666,1.0,0.10491425258436428,0.1381851786044034,1.0,1.0,1.0,0.05,svae,ionosphere
32,8,3,relu,Dense,128,32,0.05,2,0.0,1.0,0.10491425258436428,0.1381851786044034,1.0,1.0,1.0,0.05,svae,ionosphere
32,8,3,relu,Dense,128,32,0.05,3,0.6666666666666666,1.0,0.10491425258436428,0.1381851786044034,1.0,1.0,1.0,0.05,svae,ionosphere
32,8,3,relu,Dense,128,32,0.05,4,0.5,0.9888888888888889,0.10491425258436428,0.1381851786044034,1.0,1.0,1.0,0.05,svae,ionosphere
32,8,3,relu,Dense,128,32,0.05,5,0.5,0.9888888888888889,0.10491425258436428,0.1381851786044034,1.0,1.0,1.0,0.05,svae,ionosphere
32,8,3,relu,Dense,512,32,0.05,1,0.0,0.9888888888888889,0.11515703270852011,0.12678273011688618,1.0,1.0,0.5,0.05,svae,ionosphere
32,8,3,relu,Dense,512,32,0.05,2,0.0,1.0,0.11515703270852011,0.12678273011688618,1.0,1.0,0.5,0.05,svae,ionosphere
32,8,3,relu,Dense,512,32,0.05,3,0.0,1.0,0.11515703270852011,0.12678273011688618,1.0,1.0,0.5,0.05,svae,ionosphere
32,8,3,relu,Dense,512,32,0.05,4,0.6666666666666666,0.9888888888888888,0.11515703270852011,0.12678273011688618,1.0,1.0,0.5,0.05,svae,ionosphere
32,8,3,relu,Dense,512,32,0.05,5,0.6666666666666666,1.0,0.11515703270852011,0.12678273011688618,1.0,1.0,0.5,0.05,svae,ionosphere
32,8,3,relu,Dense,32,16,0.05,1,0.12698412698412698,0.7614647337429595,0.33020837199989955,0.34125429765105,0.9392121095750127,0.6666666666666666,0.21428571428571427,0.05,svae,musk-2
32,8,3,relu,Dense,32,16,0.05,2,0.09090909090909091,0.703437019969278,0.33020837199989955,0.34125429765105,0.9392121095750127,0.6666666666666666,0.21428571428571427,0.05,svae,musk-2
32,8,3,relu,Dense,32,16,0.05,3,0.05825242718446602,0.7296066948284691,0.33020837199989955,0.34125429765105,0.9392121095750127,0.6666666666666666,0.21428571428571427,0.05,svae,musk-2
32,8,3,relu,Dense,32,16,0.05,4,0.11594202898550725,0.7779057859703021,0.33020837199989955,0.34125429765105,0.9392121095750127,0.6666666666666666,0.21428571428571427,0.05,svae,musk-2
32,8,3,relu,Dense,32,16,0.05,5,0.12556053811659193,0.7862903225806451,0.33020837199989955,0.34125429765105,0.9392121095750127,0.6666666666666666,0.21428571428571427,0.05,svae,musk-2
32,8,3,relu,Dense,64,16,0.05,1,0.06896551724137931,0.7237743215565796,0.3617655307355175,0.3697037202501982,0.8901849718381977,0.8461538461538461,0.19642857142857142,0.05,svae,musk-2
32,8,3,relu,Dense,64,16,0.05,2,0.1,0.749407962109575,0.3617655307355175,0.3697037202501982,0.8901849718381977,0.8461538461538461,0.19642857142857142,0.05,svae,musk-2
32,8,3,relu,Dense,64,16,0.05,3,0.20224719101123595,0.7740655401945725,0.3617655307355175,0.3697037202501982,0.8901849718381977,0.8461538461538461,0.19642857142857142,0.05,svae,musk-2
32,8,3,relu,Dense,64,16,0.05,4,0.18947368421052632,0.7477438556067588,0.3617655307355175,0.3697037202501982,0.8901849718381977,0.8461538461538461,0.19642857142857142,0.05,svae,musk-2
32,8,3,relu,Dense,64,16,0.05,5,0.19801980198019803,0.7312948028673836,0.3617655307355175,0.3697037202501982,0.8901849718381977,0.8461538461538461,0.19642857142857142,0.05,svae,musk-2
32,8,3,relu,Dense,128,16,0.05,1,0.12698412698412698,0.6872039810547875,0.3463991684842551,0.35518400687376545,0.9152345750128009,0.6666666666666666,0.17857142857142858,0.05,svae,musk-2
32,8,3,relu,Dense,128,16,0.05,2,0.21212121212121213,0.7664250512032771,0.3463991684842551,0.35518400687376545,0.9152345750128009,0.6666666666666666,0.17857142857142858,0.05,svae,musk-2
32,8,3,relu,Dense,128,16,0.05,3,0.2571428571428571,0.8013712877624167,0.3463991684842551,0.35518400687376545,0.9152345750128009,0.6666666666666666,0.17857142857142858,0.05,svae,musk-2
32,8,3,relu,Dense,128,16,0.05,4,0.2972972972972973,0.8375096006144392,0.3463991684842551,0.35518400687376545,0.9152345750128009,0.6666666666666666,0.17857142857142858,0.05,svae,musk-2
32,8,3,relu,Dense,128,16,0.05,5,0.38461538461538464,0.8315892217101893,0.3463991684842551,0.35518400687376545,0.9152345750128009,0.6666666666666666,0.17857142857142858,0.05,svae,musk-2
32,8,3,relu,Dense,512,16,0.05,1,0.09523809523809523,0.5761808755760369,0.35061767657397946,0.3573584126616927,0.9048099078341013,0.8333333333333334,0.17857142857142858,0.05,svae,musk-2
32,8,3,relu,Dense,512,16,0.05,2,0.0625,0.6650665642601126,0.35061767657397946,0.3573584126616927,0.9048099078341013,0.8333333333333334,0.17857142857142858,0.05,svae,musk-2
32,8,3,relu,Dense,512,16,0.05,3,0.0625,0.6761312724014337,0.35061767657397946,0.3573584126616927,0.9048099078341013,0.8333333333333334,0.17857142857142858,0.05,svae,musk-2
32,8,3,relu,Dense,512,16,0.05,4,0.14492753623188406,0.668010752688172,0.35061767657397946,0.3573584126616927,0.9048099078341013,0.8333333333333334,0.17857142857142858,0.05,svae,musk-2
32,8,3,relu,Dense,512,16,0.05,5,0.14084507042253522,0.6824356758832566,0.35061767657397946,0.3573584126616927,0.9048099078341013,0.8333333333333334,0.17857142857142858,0.05,svae,musk-2
32,8,3,relu,Dense,32,32,0.05,1,0.024096385542168676,0.2745935739887353,0.331598475091229,0.34015430221158705,0.9501088069636456,0.7142857142857143,0.17857142857142858,0.05,svae,musk-2
32,8,3,relu,Dense,32,32,0.05,2,0.0,0.7230542754736303,0.331598475091229,0.34015430221158705,0.9501088069636456,0.7142857142857143,0.17857142857142858,0.05,svae,musk-2
32,8,3,relu,Dense,32,32,0.05,3,0.109375,0.8539586533538146,0.331598475091229,0.34015430221158705,0.9501088069636456,0.7142857142857143,0.17857142857142858,0.05,svae,musk-2
32,8,3,relu,Dense,32,32,0.05,4,0.13253012048192772,0.8214765745007682,0.331598475091229,0.34015430221158705,0.9501088069636456,0.7142857142857143,0.17857142857142858,0.05,svae,musk-2
32,8,3,relu,Dense,32,32,0.05,5,0.11981566820276497,0.8416218637992833,0.331598475091229,0.34015430221158705,0.9501088069636456,0.7142857142857143,0.17857142857142858,0.05,svae,musk-2
32,8,3,relu,Dense,64,32,0.05,1,0.0,0.5362423195084486,0.3736979001949531,0.3784208567966154,0.9224590373783923,0.7692307692307693,0.17857142857142858,0.05,svae,musk-2
32,8,3,relu,Dense,64,32,0.05,2,0.028368794326241134,0.35827892985151044,0.3736979001949531,0.3784208567966154,0.9224590373783923,0.7692307692307693,0.17857142857142858,0.05,svae,musk-2
32,8,3,relu,Dense,64,32,0.05,3,0.013157894736842105,0.7617047491039427,0.3736979001949531,0.3784208567966154,0.9224590373783923,0.7692307692307693,0.17857142857142858,0.05,svae,musk-2
32,8,3,relu,Dense,64,32,0.05,4,0.05228758169934641,0.7114695340501792,0.3736979001949531,0.3784208567966154,0.9224590373783923,0.7692307692307693,0.17857142857142858,0.05,svae,musk-2
32,8,3,relu,Dense,64,32,0.05,5,0.14285714285714285,0.7928827444956478,0.3736979001949531,0.3784208567966154,0.9224590373783923,0.7692307692307693,0.17857142857142858,0.05,svae,musk-2
32,8,3,relu,Dense,128,32,0.05,1,0.08955223880597014,0.7944908474142345,0.3384249915836577,0.3468614592199438,0.9523409498207885,0.5,0.125,0.05,svae,musk-2
32,8,3,relu,Dense,128,32,0.05,2,0.075,0.6737071172555044,0.3384249915836577,0.3468614592199438,0.9523409498207885,0.5,0.125,0.05,svae,musk-2
32,8,3,relu,Dense,128,32,0.05,3,0.09195402298850575,0.8342933947772657,0.3384249915836577,0.3468614592199438,0.9523409498207885,0.5,0.125,0.05,svae,musk-2
32,8,3,relu,Dense,128,32,0.05,4,0.1276595744680851,0.7670090885816692,0.3384249915836577,0.3468614592199438,0.9523409498207885,0.5,0.125,0.05,svae,musk-2
32,8,3,relu,Dense,128,32,0.05,5,0.12631578947368421,0.8389656938044034,0.3384249915836577,0.3468614592199438,0.9523409498207885,0.5,0.125,0.05,svae,musk-2
32,8,3,relu,Dense,512,32,0.05,1,0.0,0.5664682539682541,0.34985275675763156,0.35631797640262736,0.942476318484383,0.8666666666666667,0.23214285714285715,0.05,svae,musk-2
32,8,3,relu,Dense,512,32,0.05,2,0.0,0.7506240399385561,0.34985275675763156,0.35631797640262736,0.942476318484383,0.8666666666666667,0.23214285714285715,0.05,svae,musk-2
32,8,3,relu,Dense,512,32,0.05,3,0.03125,0.8197964669738863,0.34985275675763156,0.35631797640262736,0.942476318484383,0.8666666666666667,0.23214285714285715,0.05,svae,musk-2
32,8,3,relu,Dense,512,32,0.05,4,0.057971014492753624,0.809475806451613,0.34985275675763156,0.35631797640262736,0.942476318484383,0.8666666666666667,0.23214285714285715,0.05,svae,musk-2
32,8,3,relu,Dense,512,32,0.05,5,0.18421052631578946,0.7927867383512545,0.34985275675763156,0.35631797640262736,0.942476318484383,0.8666666666666667,0.23214285714285715,0.05,svae,musk-2
32,8,3,relu,Dense,32,16,0.05,1,0.02127659574468085,0.35300101729399797,0.10888157518137612,0.12537655392573901,0.9763946270268025,0.8181818181818182,0.1836734693877551,0.05,svae,page-blocks
32,8,3,relu,Dense,32,16,0.05,2,0.0851063829787234,0.7997487906658086,0.10888157518137612,0.12537655392573901,0.9763946270268025,0.8181818181818182,0.1836734693877551,0.05,svae,page-blocks
32,8,3,relu,Dense,32,16,0.05,3,0.08333333333333333,0.770735150621795,0.10888157518137612,0.12537655392573901,0.9763946270268025,0.8181818181818182,0.1836734693877551,0.05,svae,page-blocks
32,8,3,relu,Dense,32,16,0.05,4,0.06349206349206349,0.7635933315340379,0.10888157518137612,0.12537655392573901,0.9763946270268025,0.8181818181818182,0.1836734693877551,0.05,svae,page-blocks
32,8,3,relu,Dense,32,16,0.05,5,0.14814814814814814,0.7575310897502439,0.10888157518137612,0.12537655392573901,0.9763946270268025,0.8181818181818182,0.1836734693877551,0.05,svae,page-blocks
32,8,3,relu,Dense,64,16,0.05,1,0.0,0.7966657670189133,0.11478077036809232,0.12939752723585993,0.9879170386364108,0.7058823529411765,0.24489795918367346,0.05,svae,page-blocks
32,8,3,relu,Dense,64,16,0.05,2,0.07407407407407407,0.8907862229327133,0.11478077036809232,0.12939752723585993,0.9879170386364108,0.7058823529411765,0.24489795918367346,0.05,svae,page-blocks
32,8,3,relu,Dense,64,16,0.05,3,0.14814814814814814,0.9175991861648016,0.11478077036809232,0.12939752723585993,0.9879170386364108,0.7058823529411765,0.24489795918367346,0.05,svae,page-blocks
32,8,3,relu,Dense,64,16,0.05,4,0.2903225806451613,0.8905267091577221,0.11478077036809232,0.12939752723585993,0.9879170386364108,0.7058823529411765,0.24489795918367346,0.05,svae,page-blocks
32,8,3,relu,Dense,64,16,0.05,5,0.2857142857142857,0.8955716569435506,0.11478077036809232,0.12939752723585993,0.9879170386364108,0.7058823529411765,0.24489795918367346,0.05,svae,page-blocks
32,8,3,relu,Dense,128,16,0.05,1,0.0,0.6687773787032616,0.11909266783103967,0.13062689885177242,0.955176780783524,0.7692307692307693,0.20408163265306123,0.05,svae,page-blocks
32,8,3,relu,Dense,128,16,0.05,2,0.0784313725490196,0.813939003882326,0.11909266783103967,0.13062689885177242,0.955176780783524,0.7692307692307693,0.20408163265306123,0.05,svae,page-blocks
32,8,3,relu,Dense,128,16,0.05,3,0.18181818181818182,0.8710320343803848,0.11909266783103967,0.13062689885177242,0.955176780783524,0.7692307692307693,0.20408163265306123,0.05,svae,page-blocks
32,8,3,relu,Dense,128,16,0.05,4,0.1694915254237288,0.8526999813150082,0.11909266783103967,0.13062689885177242,0.955176780783524,0.7692307692307693,0.20408163265306123,0.05,svae,page-blocks
32,8,3,relu,Dense,128,16,0.05,5,0.3125,0.9346232898042227,0.11909266783103967,0.13062689885177242,0.955176780783524,0.7692307692307693,0.20408163265306123,0.05,svae,page-blocks
32,8,3,relu,Dense,512,16,0.05,1,0.04,0.6122448979591837,0.08708480523634153,0.09520504106152561,0.9993564058380219,0.5333333333333333,0.16326530612244897,0.05,svae,page-blocks
32,8,3,relu,Dense,512,16,0.05,2,0.18518518518518517,0.869765607158428,0.08708480523634153,0.09520504106152561,0.9993564058380219,0.5333333333333333,0.16326530612244897,0.05,svae,page-blocks
32,8,3,relu,Dense,512,16,0.05,3,0.10714285714285714,0.8508937654410696,0.08708480523634153,0.09520504106152561,0.9993564058380219,0.5333333333333333,0.16326530612244897,0.05,svae,page-blocks
32,8,3,relu,Dense,512,16,0.05,4,0.06779661016949153,0.8616480162767038,0.08708480523634153,0.09520504106152561,0.9993564058380219,0.5333333333333333,0.16326530612244897,0.05,svae,page-blocks
32,8,3,relu,Dense,512,16,0.05,5,0.23728813559322035,0.8820977017460087,0.08708480523634153,0.09520504106152561,0.9993564058380219,0.5333333333333333,0.16326530612244897,0.05,svae,page-blocks
32,8,3,relu,Dense,32,32,0.05,1,0.0,0.5385637469636888,0.10283420898373313,0.11643965523458201,0.9978927481470716,0.7222222222222222,0.2653061224489796,0.05,svae,page-blocks
32,8,3,relu,Dense,32,32,0.05,2,0.0625,0.6500301035978989,0.10283420898373313,0.11643965523458201,0.9978927481470716,0.7222222222222222,0.2653061224489796,0.05,svae,page-blocks
32,8,3,relu,Dense,32,32,0.05,3,0.08823529411764706,0.685822243444682,0.10283420898373313,0.11643965523458201,0.9978927481470716,0.7222222222222222,0.2653061224489796,0.05,svae,page-blocks
32,8,3,relu,Dense,32,32,0.05,4,0.15789473684210525,0.8875163493678244,0.10283420898373313,0.11643965523458201,0.9978927481470716,0.7222222222222222,0.2653061224489796,0.05,svae,page-blocks
32,8,3,relu,Dense,32,32,0.05,5,0.5,0.885730894595885,0.10283420898373313,0.11643965523458201,0.9978927481470716,0.7222222222222222,0.2653061224489796,0.05,svae,page-blocks
32,8,3,relu,Dense,64,32,0.05,1,0.10344827586206896,0.8227832333340254,0.10841035827204745,0.12061652593104166,0.9656507567421679,0.6666666666666666,0.20408163265306123,0.05,svae,page-blocks
32,8,3,relu,Dense,64,32,0.05,2,0.2222222222222222,0.7912886416010962,0.10841035827204745,0.12061652593104166,0.9656507567421679,0.6666666666666666,0.20408163265306123,0.05,svae,page-blocks
32,8,3,relu,Dense,64,32,0.05,3,0.15384615384615385,0.8117383270704008,0.10841035827204745,0.12061652593104166,0.9656507567421679,0.6666666666666666,0.20408163265306123,0.05,svae,page-blocks
32,8,3,relu,Dense,64,32,0.05,4,0.3333333333333333,0.8800527331990782,0.10841035827204745,0.12061652593104166,0.9656507567421679,0.6666666666666666,0.20408163265306123,0.05,svae,page-blocks
32,8,3,relu,Dense,64,32,0.05,5,0.32,0.884526750679926,0.10841035827204745,0.12061652593104166,0.9656507567421679,0.6666666666666666,0.20408163265306123,0.05,svae,page-blocks
32,8,3,relu,Dense,128,32,0.05,1,0.10344827586206896,0.8069632736105633,0.11101126099667155,0.12936753172058688,0.9876367637594203,0.6875,0.22448979591836735,0.05,svae,page-blocks
32,8,3,relu,Dense,128,32,0.05,2,0.273972602739726,0.7994477546868188,0.11101126099667155,0.12936753172058688,0.9876367637594203,0.6875,0.22448979591836735,0.05,svae,page-blocks
32,8,3,relu,Dense,128,32,0.05,3,0.1791044776119403,0.8854194780658958,0.11101126099667155,0.12936753172058688,0.9876367637594203,0.6875,0.22448979591836735,0.05,svae,page-blocks
32,8,3,relu,Dense,128,32,0.05,4,0.18461538461538463,0.8880768991218055,0.11101126099667155,0.12936753172058688,0.9876367637594203,0.6875,0.22448979591836735,0.05,svae,page-blocks
32,8,3,relu,Dense,128,32,0.05,5,0.23529411764705882,0.871322689808375,0.11101126099667155,0.12936753172058688,0.9876367637594203,0.6875,0.22448979591836735,0.05,svae,page-blocks
32,8,3,relu,Dense,512,32,0.05,1,0.0784313725490196,0.7032096663690909,0.09210460566283347,0.10458314120364089,0.9666161479851352,0.8125,0.2653061224489796,0.05,svae,page-blocks
32,8,3,relu,Dense,512,32,0.05,2,0.1509433962264151,0.7843648140843316,0.09210460566283347,0.10458314120364089,0.9666161479851352,0.8125,0.2653061224489796,0.05,svae,page-blocks
32,8,3,relu,Dense,512,32,0.05,3,0.11538461538461539,0.8001017293997965,0.09210460566283347,0.10458314120364089,0.9666161479851352,0.8125,0.2653061224489796,0.05,svae,page-blocks
32,8,3,relu,Dense,512,32,0.05,4,0.24561403508771928,0.8408038698694128,0.09210460566283347,0.10458314120364089,0.9666161479851352,0.8125,0.2653061224489796,0.05,svae,page-blocks
32,8,3,relu,Dense,512,32,0.05,5,0.21818181818181817,0.9918408869142774,0.09210460566283347,0.10458314120364089,0.9666161479851352,0.8125,0.2653061224489796,0.05,svae,page-blocks
32,8,3,relu,Dense,32,16,0.05,1,0.06779661016949153,0.5636691828027568,0.09288069637655441,0.09623850538174963,0.9241138825073844,0.6666666666666666,0.10909090909090909,0.05,svae,pendigits
32,8,3,relu,Dense,32,16,0.05,2,0.06349206349206349,0.6925418444371512,0.09288069637655441,0.09623850538174963,0.9241138825073844,0.6666666666666666,0.10909090909090909,0.05,svae,pendigits
32,8,3,relu,Dense,32,16,0.05,3,0.16901408450704225,0.7513291762389235,0.09288069637655441,0.09623850538174963,0.9241138825073844,0.6666666666666666,0.10909090909090909,0.05,svae,pendigits
32,8,3,relu,Dense,32,16,0.05,4,0.1388888888888889,0.7199704627502461,0.09288069637655441,0.09623850538174963,0.9241138825073844,0.6666666666666666,0.10909090909090909,0.05,svae,pendigits
32,8,3,relu,Dense,32,16,0.05,5,0.2891566265060241,0.6607154578273713,0.09288069637655441,0.09623850538174963,0.9241138825073844,0.6666666666666666,0.10909090909090909,0.05,svae,pendigits
32,8,3,relu,Dense,64,16,0.05,1,0.06349206349206349,0.529504430587463,0.11349676884101714,0.11721921501829836,0.9507876599934362,0.7857142857142857,0.2,0.05,svae,pendigits
32,8,3,relu,Dense,64,16,0.05,2,0.11428571428571428,0.6904988513291763,0.11349676884101714,0.11721921501829836,0.9507876599934362,0.7857142857142857,0.2,0.05,svae,pendigits
32,8,3,relu,Dense,64,16,0.05,3,0.3684210526315789,0.7735559566787003,0.11349676884101714,0.11721921501829836,0.9507876599934362,0.7857142857142857,0.2,0.05,svae,pendigits
32,8,3,relu,Dense,64,16,0.05,4,0.26666666666666666,0.7543403347554971,0.11349676884101714,0.11721921501829836,0.9507876599934362,0.7857142857142857,0.2,0.05,svae,pendigits
32,8,3,relu,Dense,64,16,0.05,5,0.3058823529411765,0.7533311453889071,0.11349676884101714,0.11721921501829836,0.9507876599934362,0.7857142857142857,0.2,0.05,svae,pendigits
32,8,3,relu,Dense,128,16,0.05,1,0.0,0.6806613062028224,0.10660815789809336,0.1115927981324401,0.9494092550049228,0.65,0.23636363636363636,0.05,svae,pendigits
32,8,3,relu,Dense,128,16,0.05,2,0.03278688524590164,0.6875943551033804,0.10660815789809336,0.1115927981324401,0.9494092550049228,0.65,0.23636363636363636,0.05,svae,pendigits
32,8,3,relu,Dense,128,16,0.05,3,0.05714285714285714,0.7735641614702986,0.10660815789809336,0.1115927981324401,0.9494092550049228,0.65,0.23636363636363636,0.05,svae,pendigits
32,8,3,relu,Dense,128,16,0.05,4,0.08333333333333333,0.7623235969806368,0.10660815789809336,0.1115927981324401,0.9494092550049228,0.65,0.23636363636363636,0.05,svae,pendigits
32,8,3,relu,Dense,128,16,0.05,5,0.1794871794871795,0.8014440433212997,0.10660815789809336,0.1115927981324401,0.9494092550049228,0.65,0.23636363636363636,0.05,svae,pendigits
32,8,3,relu,Dense,512,16,0.05,1,0.0,0.5333360682638661,0.09905070243105814,0.10163375495419838,0.9718821791926484,1.0,0.2,0.05,svae,pendigits
32,8,3,relu,Dense,512,16,0.05,2,0.0,0.6095257630456186,0.09905070243105814,0.10163375495419838,0.9718821791926484,1.0,0.2,0.05,svae,pendigits
32,8,3,relu,Dense,512,16,0.05,3,0.034482758620689655,0.6389317361339021,0.09905070243105814,0.10163375495419838,0.9718821791926484,1.0,0.2,0.05,svae,pendigits
32,8,3,relu,Dense,512,16,0.05,4,0.1,0.6906547423695437,0.09905070243105814,0.10163375495419838,0.9718821791926484,1.0,0.2,0.05,svae,pendigits
32,8,3,relu,Dense,512,16,0.05,5,0.13559322033898305,0.7468657696094518,0.09905070243105814,0.10163375495419838,0.9718821791926484,1.0,0.2,0.05,svae,pendigits
32,8,3,relu,Dense,32,32,0.05,1,0.08,0.3784542172628815,0.10261834079688334,0.10594486218350217,0.8799146701673778,0.6666666666666666,0.07272727272727272,0.05,svae,pendigits
32,8,3,relu,Dense,32,32,0.05,2,0.13793103448275862,0.5214637348211355,0.10261834079688334,0.10594486218350217,0.8799146701673778,0.6666666666666666,0.07272727272727272,0.05,svae,pendigits
32,8,3,relu,Dense,32,32,0.05,3,0.140625,0.6132425336396455,0.10261834079688334,0.10594486218350217,0.8799146701673778,0.6666666666666666,0.07272727272727272,0.05,svae,pendigits
32,8,3,relu,Dense,32,32,0.05,4,0.19047619047619047,0.7140137840498851,0.10261834079688334,0.10594486218350217,0.8799146701673778,0.6666666666666666,0.07272727272727272,0.05,svae,pendigits
32,8,3,relu,Dense,32,32,0.05,5,0.21052631578947367,0.7235805710534952,0.10261834079688334,0.10594486218350217,0.8799146701673778,0.6666666666666666,0.07272727272727272,0.05,svae,pendigits
32,8,3,relu,Dense,64,32,0.05,1,0.0,0.5333114538890712,0.10930316151489103,0.11366245266312353,0.9420659665244503,0.8571428571428571,0.32727272727272727,0.05,svae,pendigits
32,8,3,relu,Dense,64,32,0.05,2,0.2597402597402597,0.6592796192976699,0.10930316151489103,0.11366245266312353,0.9420659665244503,0.8571428571428571,0.32727272727272727,0.05,svae,pendigits
32,8,3,relu,Dense,64,32,0.05,3,0.11214953271028037,0.6239908106334099,0.10930316151489103,0.11366245266312353,0.9420659665244503,0.8571428571428571,0.32727272727272727,0.05,svae,pendigits
32,8,3,relu,Dense,64,32,0.05,4,0.1651376146788991,0.6878897276009189,0.10930316151489103,0.11366245266312353,0.9420659665244503,0.8571428571428571,0.32727272727272727,0.05,svae,pendigits
32,8,3,relu,Dense,64,32,0.05,5,0.15942028985507245,0.7264686576960946,0.10930316151489103,0.11366245266312353,0.9420659665244503,0.8571428571428571,0.32727272727272727,0.05,svae,pendigits
32,8,3,relu,Dense,128,32,0.05,1,0.03076923076923077,0.5618148999015425,0.10297927691789158,0.10970765745898849,0.9607893009517559,0.8125,0.23636363636363636,0.05,svae,pendigits
32,8,3,relu,Dense,128,32,0.05,2,0.0,0.6532490974729241,0.10297927691789158,0.10970765745898849,0.9607893009517559,0.8125,0.23636363636363636,0.05,svae,pendigits
32,8,3,relu,Dense,128,32,0.05,3,0.024691358024691357,0.6809812930751559,0.10297927691789158,0.10970765745898849,0.9607893009517559,0.8125,0.23636363636363636,0.05,svae,pendigits
32,8,3,relu,Dense,128,32,0.05,4,0.02666666666666667,0.7624794880210044,0.10297927691789158,0.10970765745898849,0.9607893009517559,0.8125,0.23636363636363636,0.05,svae,pendigits
32,8,3,relu,Dense,128,32,0.05,5,0.047619047619047616,0.7526665572694453,0.10297927691789158,0.10970765745898849,0.9607893009517559,0.8125,0.23636363636363636,0.05,svae,pendigits
32,8,3,relu,Dense,512,32,0.05,1,0.03508771929824561,0.5824745651460453,0.11010427098295873,0.11264703437300116,0.896783721693469,1.0,0.10909090909090909,0.05,svae,pendigits
32,8,3,relu,Dense,512,32,0.05,2,0.0,0.60173121102724,0.11010427098295873,0.11264703437300116,0.896783721693469,1.0,0.10909090909090909,0.05,svae,pendigits
32,8,3,relu,Dense,512,32,0.05,3,0.0,0.6619707909419101,0.11010427098295873,0.11264703437300116,0.896783721693469,1.0,0.10909090909090909,0.05,svae,pendigits
32,8,3,relu,Dense,512,32,0.05,4,0.03389830508474576,0.7193797177551691,0.11010427098295873,0.11264703437300116,0.896783721693469,1.0,0.10909090909090909,0.05,svae,pendigits
32,8,3,relu,Dense,512,32,0.05,5,0.06557377049180328,0.7744502789629143,0.11010427098295873,0.11264703437300116,0.896783721693469,1.0,0.10909090909090909,0.05,svae,pendigits
32,8,3,relu,Dense,32,16,0.05,1,0.0,0.8320000000000001,0.08356242055461657,0.14270370869063256,0.6629999999999999,0.0,0.0,0.05,svae,pima-indians
32,8,3,relu,Dense,32,16,0.05,2,0.2857142857142857,0.878,0.08356242055461657,0.14270370869063256,0.6629999999999999,0.0,0.0,0.05,svae,pima-indians
32,8,3,relu,Dense,32,16,0.05,3,0.18181818181818182,0.9,0.08356242055461657,0.14270370869063256,0.6629999999999999,0.0,0.0,0.05,svae,pima-indians
32,8,3,relu,Dense,32,16,0.05,4,0.0,0.914,0.08356242055461657,0.14270370869063256,0.6629999999999999,0.0,0.0,0.05,svae,pima-indians
32,8,3,relu,Dense,32,16,0.05,5,0.0,0.854,0.08356242055461657,0.14270370869063256,0.6629999999999999,0.0,0.0,0.05,svae,pima-indians
32,8,3,relu,Dense,64,16,0.05,1,0.2857142857142857,0.7100000000000001,0.08629407774485093,0.1336782950877567,0.87,0.0,0.0,0.05,svae,pima-indians
32,8,3,relu,Dense,64,16,0.05,2,0.3333333333333333,0.692,0.08629407774485093,0.1336782950877567,0.87,0.0,0.0,0.05,svae,pima-indians
32,8,3,relu,Dense,64,16,0.05,3,0.25,0.686,0.08629407774485093,0.1336782950877567,0.87,0.0,0.0,0.05,svae,pima-indians
32,8,3,relu,Dense,64,16,0.05,4,0.4444444444444444,0.9039999999999999,0.08629407774485093,0.1336782950877567,0.87,0.0,0.0,0.05,svae,pima-indians
32,8,3,relu,Dense,64,16,0.05,5,0.5,0.81,0.08629407774485093,0.1336782950877567,0.87,0.0,0.0,0.05,svae,pima-indians
32,8,3,relu,Dense,128,16,0.05,1,0.0,0.44,0.08626772463289265,0.12441592564593924,0.57,1.0,0.2,0.05,svae,pima-indians
32,8,3,relu,Dense,128,16,0.05,2,0.0,0.395,0.08626772463289265,0.12441592564593924,0.57,1.0,0.2,0.05,svae,pima-indians
32,8,3,relu,Dense,128,16,0.05,3,0.0,0.49599999999999994,0.08626772463289265,0.12441592564593924,0.57,1.0,0.2,0.05,svae,pima-indians
32,8,3,relu,Dense,128,16,0.05,4,0.2857142857142857,0.476,0.08626772463289265,0.12441592564593924,0.57,1.0,0.2,0.05,svae,pima-indians
32,8,3,relu,Dense,128,16,0.05,5,0.2857142857142857,0.728,0.08626772463289265,0.12441592564593924,0.57,1.0,0.2,0.05,svae,pima-indians
32,8,3,relu,Dense,512,16,0.05,1,0.0,0.485,0.10469795760715243,0.16337992249623468,0.8400000000000001,0.4,0.4,0.05,svae,pima-indians
32,8,3,relu,Dense,512,16,0.05,2,0.0,0.475,0.10469795760715243,0.16337992249623468,0.8400000000000001,0.4,0.4,0.05,svae,pima-indians
32,8,3,relu,Dense,512,16,0.05,3,0.0,0.46,0.10469795760715243,0.16337992249623468,0.8400000000000001,0.4,0.4,0.05,svae,pima-indians
32,8,3,relu,Dense,512,16,0.05,4,0.0,0.546,0.10469795760715243,0.16337992249623468,0.8400000000000001,0.4,0.4,0.05,svae,pima-indians
32,8,3,relu,Dense,512,16,0.05,5,0.2222222222222222,0.54,0.10469795760715243,0.16337992249623468,0.8400000000000001,0.4,0.4,0.05,svae,pima-indians
32,8,3,relu,Dense,32,32,0.05,1,0.0,0.636,0.10452157632166933,0.16984124435982648,0.7360000000000001,0.0,0.0,0.05,svae,pima-indians
32,8,3,relu,Dense,32,32,0.05,2,0.0,0.736,0.10452157632166933,0.16984124435982648,0.7360000000000001,0.0,0.0,0.05,svae,pima-indians
32,8,3,relu,Dense,32,32,0.05,3,0.0,0.864,0.10452157632166933,0.16984124435982648,0.7360000000000001,0.0,0.0,0.05,svae,pima-indians
32,8,3,relu,Dense,32,32,0.05,4,0.14285714285714285,0.94,0.10452157632166933,0.16984124435982648,0.7360000000000001,0.0,0.0,0.05,svae,pima-indians
32,8,3,relu,Dense,32,32,0.05,5,0.4,0.9440000000000001,0.10452157632166933,0.16984124435982648,0.7360000000000001,0.0,0.0,0.05,svae,pima-indians
32,8,3,relu,Dense,64,32,0.05,1,0.0,0.862,0.08672234017239099,0.14201725998157624,0.8220000000000001,0.0,0.0,0.05,svae,pima-indians
32,8,3,relu,Dense,64,32,0.05,2,0.0,0.6100000000000001,0.08672234017239099,0.14201725998157624,0.8220000000000001,0.0,0.0,0.05,svae,pima-indians
32,8,3,relu,Dense,64,32,0.05,3,0.3333333333333333,0.6819999999999999,0.08672234017239099,0.14201725998157624,0.8220000000000001,0.0,0.0,0.05,svae,pima-indians
32,8,3,relu,Dense,64,32,0.05,4,0.0,0.6799999999999999,0.08672234017239099,0.14201725998157624,0.8220000000000001,0.0,0.0,0.05,svae,pima-indians
32,8,3,relu,Dense,64,32,0.05,5,0.0,0.626,0.08672234017239099,0.14201725998157624,0.8220000000000001,0.0,0.0,0.05,svae,pima-indians
32,8,3,relu,Dense,128,32,0.05,1,0.0,0.51,0.08252534237194846,0.12980594286159383,0.778,0.5,0.2,0.05,svae,pima-indians
32,8,3,relu,Dense,128,32,0.05,2,0.0,0.7810000000000001,0.08252534237194846,0.12980594286159383,0.778,0.5,0.2,0.05,svae,pima-indians
32,8,3,relu,Dense,128,32,0.05,3,0.0,0.8460000000000001,0.08252534237194846,0.12980594286159383,0.778,0.5,0.2,0.05,svae,pima-indians
32,8,3,relu,Dense,128,32,0.05,4,0.0,0.896,0.08252534237194846,0.12980594286159383,0.778,0.5,0.2,0.05,svae,pima-indians
32,8,3,relu,Dense,128,32,0.05,5,0.36363636363636365,0.868,0.08252534237194846,0.12980594286159383,0.778,0.5,0.2,0.05,svae,pima-indians
32,8,3,relu,Dense,512,32,0.05,1,0.0,0.6719999999999999,0.09675310200535327,0.17263663831952394,0.7400000000000001,NaN,0.0,0.05,svae,pima-indians
32,8,3,relu,Dense,512,32,0.05,2,0.0,0.6519999999999999,0.09675310200535327,0.17263663831952394,0.7400000000000001,NaN,0.0,0.05,svae,pima-indians
32,8,3,relu,Dense,512,32,0.05,3,0.0,0.746,0.09675310200535327,0.17263663831952394,0.7400000000000001,NaN,0.0,0.05,svae,pima-indians
32,8,3,relu,Dense,512,32,0.05,4,0.0,0.8280000000000001,0.09675310200535327,0.17263663831952394,0.7400000000000001,NaN,0.0,0.05,svae,pima-indians
32,8,3,relu,Dense,512,32,0.05,5,0.0,0.8089999999999999,0.09675310200535327,0.17263663831952394,0.7400000000000001,NaN,0.0,0.05,svae,pima-indians
32,8,3,relu,Dense,32,16,0.05,1,0.0,0.2954545454545454,0.25325274115709834,0.5323417110327372,0.5,NaN,0.0,0.05,svae,sonar
32,8,3,relu,Dense,32,16,0.05,2,0.0,0.25,0.25325274115709834,0.5323417110327372,0.5,NaN,0.0,0.05,svae,sonar
32,8,3,relu,Dense,32,16,0.05,3,0.0,0.25,0.25325274115709834,0.5323417110327372,0.5,NaN,0.0,0.05,svae,sonar
32,8,3,relu,Dense,32,16,0.05,4,0.0,0.5454545454545454,0.25325274115709834,0.5323417110327372,0.5,NaN,0.0,0.05,svae,sonar
32,8,3,relu,Dense,32,16,0.05,1,0.0,0.3181818181818182,0.24060764654686342,0.528013623021849,0.5,NaN,0.0,0.01,svae,sonar
32,8,3,relu,Dense,64,16,0.05,1,0.0,0.38636363636363635,0.2508421748763911,0.47015758880135494,1.0,NaN,0.0,0.05,svae,sonar
32,8,3,relu,Dense,64,16,0.05,2,0.6666666666666666,0.9090909090909091,0.2508421748763911,0.47015758880135494,1.0,NaN,0.0,0.05,svae,sonar
32,8,3,relu,Dense,64,16,0.05,3,0.6666666666666666,0.9090909090909091,0.2508421748763911,0.47015758880135494,1.0,NaN,0.0,0.05,svae,sonar
32,8,3,relu,Dense,64,16,0.05,4,0.6666666666666666,0.7272727272727273,0.2508421748763911,0.47015758880135494,1.0,NaN,0.0,0.05,svae,sonar
32,8,3,relu,Dense,64,16,0.05,1,0.0,0.25,0.2643060870590653,0.5552219316997109,0.5,NaN,0.0,0.01,svae,sonar
32,8,3,relu,Dense,128,16,0.05,1,0.0,0.36363636363636365,0.24367642814892598,0.5362044363290234,0.5,NaN,0.0,0.05,svae,sonar
32,8,3,relu,Dense,128,16,0.05,2,0.0,0.40909090909090906,0.24367642814892598,0.5362044363290234,0.5,NaN,0.0,0.05,svae,sonar
32,8,3,relu,Dense,128,16,0.05,3,0.0,0.36363636363636365,0.24367642814892598,0.5362044363290234,0.5,NaN,0.0,0.05,svae,sonar
32,8,3,relu,Dense,128,16,0.05,4,0.0,0.3181818181818182,0.24367642814892598,0.5362044363290234,0.5,NaN,0.0,0.05,svae,sonar
32,8,3,relu,Dense,128,16,0.05,1,0.0,0.7727272727272727,0.2369283370219277,0.5689509534552085,0.4772727272727273,NaN,0.0,0.01,svae,sonar
32,8,3,relu,Dense,512,16,0.05,1,0.0,0.4772727272727273,0.23238044665357313,0.5388616261497375,0.4772727272727273,NaN,0.0,0.05,svae,sonar
32,8,3,relu,Dense,512,16,0.05,2,0.0,0.4318181818181818,0.23238044665357313,0.5388616261497375,0.4772727272727273,NaN,0.0,0.05,svae,sonar
32,8,3,relu,Dense,512,16,0.05,3,0.0,0.40909090909090906,0.23238044665357313,0.5388616261497375,0.4772727272727273,NaN,0.0,0.05,svae,sonar
32,8,3,relu,Dense,512,16,0.05,4,0.0,0.38636363636363635,0.23238044665357313,0.5388616261497375,0.4772727272727273,NaN,0.0,0.05,svae,sonar
32,8,3,relu,Dense,512,16,0.05,1,0.0,0.4318181818181818,0.254967897246727,0.481293087643321,0.4772727272727273,NaN,0.0,0.01,svae,sonar
32,8,3,relu,Dense,32,32,0.05,1,0.0,0.6818181818181819,0.2570486704877797,0.5613365171838629,0.9545454545454546,NaN,0.0,0.05,svae,sonar
32,8,3,relu,Dense,32,32,0.05,2,0.0,0.7727272727272727,0.2570486704877797,0.5613365171838629,0.9545454545454546,NaN,0.0,0.05,svae,sonar
32,8,3,relu,Dense,32,32,0.05,3,0.0,0.5909090909090908,0.2570486704877797,0.5613365171838629,0.9545454545454546,NaN,0.0,0.05,svae,sonar
32,8,3,relu,Dense,32,32,0.05,4,0.0,1.0,0.2570486704877797,0.5613365171838629,0.9545454545454546,NaN,0.0,0.05,svae,sonar
32,8,3,relu,Dense,32,32,0.05,1,0.0,0.9545454545454546,0.2577710317077308,0.5238853989386519,0.5,NaN,0.0,0.01,svae,sonar
32,8,3,relu,Dense,64,32,0.05,1,0.0,0.2954545454545454,0.2425126037750372,0.49674150759839164,1.0,NaN,0.0,0.05,svae,sonar
32,8,3,relu,Dense,64,32,0.05,2,0.0,0.11363636363636365,0.2425126037750372,0.49674150759839164,1.0,NaN,0.0,0.05,svae,sonar
32,8,3,relu,Dense,64,32,0.05,3,0.6666666666666666,0.7727272727272727,0.2425126037750372,0.49674150759839164,1.0,NaN,0.0,0.05,svae,sonar
32,8,3,relu,Dense,64,32,0.05,4,0.0,0.8181818181818182,0.2425126037750372,0.49674150759839164,1.0,NaN,0.0,0.05,svae,sonar
32,8,3,relu,Dense,64,32,0.05,1,0.0,0.9545454545454546,0.23903930475813473,0.5096021341398995,0.5,NaN,0.0,0.01,svae,sonar
32,8,3,relu,Dense,128,32,0.05,1,0.0,1.0,0.25628289100647744,0.5116473281678527,0.4772727272727273,0.0,0.0,0.05,svae,sonar
32,8,3,relu,Dense,128,32,0.05,2,0.0,1.0,0.25628289100647744,0.5116473281678527,0.4772727272727273,0.0,0.0,0.05,svae,sonar
32,8,3,relu,Dense,128,32,0.05,3,0.0,1.0,0.25628289100647744,0.5116473281678527,0.4772727272727273,0.0,0.0,0.05,svae,sonar
32,8,3,relu,Dense,128,32,0.05,4,0.0,1.0,0.25628289100647744,0.5116473281678527,0.4772727272727273,0.0,0.0,0.05,svae,sonar
32,8,3,relu,Dense,128,32,0.05,1,0.0,0.9090909090909092,0.23313362202975105,0.576585257474185,0.5,NaN,0.0,0.01,svae,sonar
32,8,3,relu,Dense,512,32,0.05,1,0.0,0.5,0.26266387487546067,0.47179159948659133,1.0,1.0,1.0,0.05,svae,sonar
32,8,3,relu,Dense,512,32,0.05,2,0.0,0.38636363636363635,0.26266387487546067,0.47179159948659133,1.0,1.0,1.0,0.05,svae,sonar
32,8,3,relu,Dense,512,32,0.05,3,0.0,1.0,0.26266387487546067,0.47179159948659133,1.0,1.0,1.0,0.05,svae,sonar
32,8,3,relu,Dense,512,32,0.05,4,0.0,0.9090909090909091,0.26266387487546067,0.47179159948659133,1.0,1.0,1.0,0.05,svae,sonar
32,8,3,relu,Dense,512,32,0.05,1,0.0,0.4318181818181818,0.22823143708403126,0.5014919900045062,0.5,NaN,0.0,0.01,svae,sonar
32,8,3,relu,Dense,32,16,0.05,1,0.32558139534883723,0.9506645031679803,0.09092724942003577,0.09630762113538263,0.9662726008344923,0.5714285714285714,0.1111111111111111,0.05,svae,statlog-satimage
32,8,3,relu,Dense,32,16,0.05,2,0.5,0.9502395302117137,0.09092724942003577,0.09630762113538263,0.9662726008344923,0.5714285714285714,0.1111111111111111,0.05,svae,statlog-satimage
32,8,3,relu,Dense,32,16,0.05,3,0.46808510638297873,0.9506258692628651,0.09092724942003577,0.09630762113538263,0.9662726008344923,0.5714285714285714,0.1111111111111111,0.05,svae,statlog-satimage
32,8,3,relu,Dense,32,16,0.05,4,0.42857142857142855,0.9504326997372894,0.09092724942003577,0.09630762113538263,0.9662726008344923,0.5714285714285714,0.1111111111111111,0.05,svae,statlog-satimage
32,8,3,relu,Dense,32,16,0.05,5,0.6333333333333333,0.945526193787668,0.09092724942003577,0.09630762113538263,0.9662726008344923,0.5714285714285714,0.1111111111111111,0.05,svae,statlog-satimage
32,8,3,relu,Dense,64,16,0.05,1,0.06896551724137931,0.780829856281873,0.08204400662601453,0.08864859192608661,0.9391902333487869,0.6666666666666666,0.05555555555555555,0.05,svae,statlog-satimage
32,8,3,relu,Dense,64,16,0.05,2,0.21875,0.8920182352032143,0.08204400662601453,0.08864859192608661,0.9391902333487869,0.6666666666666666,0.05555555555555555,0.05,svae,statlog-satimage
32,8,3,relu,Dense,64,16,0.05,3,0.16393442622950818,0.9290295163035078,0.08204400662601453,0.08864859192608661,0.9391902333487869,0.6666666666666666,0.05555555555555555,0.05,svae,statlog-satimage
32,8,3,relu,Dense,64,16,0.05,4,0.1875,0.9704450625869262,0.08204400662601453,0.08864859192608661,0.9391902333487869,0.6666666666666666,0.05555555555555555,0.05,svae,statlog-satimage
32,8,3,relu,Dense,64,16,0.05,5,0.22857142857142856,0.9641863699582753,0.08204400662601453,0.08864859192608661,0.9391902333487869,0.6666666666666666,0.05555555555555555,0.05,svae,statlog-satimage
32,8,3,relu,Dense,128,16,0.05,1,0.15384615384615385,0.8547171998145573,0.07881168501707475,0.0832120379150481,0.9693439962911451,0.5,0.1111111111111111,0.05,svae,statlog-satimage
32,8,3,relu,Dense,128,16,0.05,2,0.15,0.8576340596507495,0.07881168501707475,0.0832120379150481,0.9693439962911451,0.5,0.1111111111111111,0.05,svae,statlog-satimage
32,8,3,relu,Dense,128,16,0.05,3,0.4489795918367347,0.8883286972647195,0.07881168501707475,0.0832120379150481,0.9693439962911451,0.5,0.1111111111111111,0.05,svae,statlog-satimage
32,8,3,relu,Dense,128,16,0.05,4,0.391304347826087,0.9717586153608407,0.07881168501707475,0.0832120379150481,0.9693439962911451,0.5,0.1111111111111111,0.05,svae,statlog-satimage
32,8,3,relu,Dense,128,16,0.05,5,0.48,0.9722801730798949,0.07881168501707475,0.0832120379150481,0.9693439962911451,0.5,0.1111111111111111,0.05,svae,statlog-satimage
32,8,3,relu,Dense,512,16,0.05,1,0.0,0.6548833256065523,0.0781731191934552,0.08307589649699199,0.8987984855509196,0.5454545454545454,0.16666666666666666,0.05,svae,statlog-satimage
32,8,3,relu,Dense,512,16,0.05,2,0.045454545454545456,0.8000695410292072,0.0781731191934552,0.08307589649699199,0.8987984855509196,0.5454545454545454,0.16666666666666666,0.05,svae,statlog-satimage
32,8,3,relu,Dense,512,16,0.05,3,0.23255813953488372,0.8780327615515376,0.0781731191934552,0.08307589649699199,0.8987984855509196,0.5454545454545454,0.16666666666666666,0.05,svae,statlog-satimage
32,8,3,relu,Dense,512,16,0.05,4,0.19047619047619047,0.9048446917014372,0.0781731191934552,0.08307589649699199,0.8987984855509196,0.5454545454545454,0.16666666666666666,0.05,svae,statlog-satimage
32,8,3,relu,Dense,512,16,0.05,5,0.23076923076923078,0.9413537320352341,0.0781731191934552,0.08307589649699199,0.8987984855509196,0.5454545454545454,0.16666666666666666,0.05,svae,statlog-satimage
32,8,3,relu,Dense,32,32,0.05,1,0.2857142857142857,0.9145804357904497,0.07339138439196066,0.07881968410759976,0.9277932313398238,0.5,0.08333333333333333,0.05,svae,statlog-satimage
32,8,3,relu,Dense,32,32,0.05,2,0.22727272727272727,0.9881007572245403,0.07339138439196066,0.07881968410759976,0.9277932313398238,0.5,0.08333333333333333,0.05,svae,statlog-satimage
32,8,3,relu,Dense,32,32,0.05,3,0.27906976744186046,0.9850486787204451,0.07339138439196066,0.07881968410759976,0.9277932313398238,0.5,0.08333333333333333,0.05,svae,statlog-satimage
32,8,3,relu,Dense,32,32,0.05,4,0.5483870967741935,0.9845464379539484,0.07339138439196066,0.07881968410759976,0.9277932313398238,0.5,0.08333333333333333,0.05,svae,statlog-satimage
32,8,3,relu,Dense,32,32,0.05,5,0.4262295081967213,0.981726162880544,0.07339138439196066,0.07881968410759976,0.9277932313398238,0.5,0.08333333333333333,0.05,svae,statlog-satimage
32,8,3,relu,Dense,64,32,0.05,1,0.0,0.7062277855045589,0.09022868505949987,0.09631662925112529,0.9263830938031217,0.5,0.1111111111111111,0.05,svae,statlog-satimage
32,8,3,relu,Dense,64,32,0.05,2,0.14634146341463414,0.8274996136609488,0.09022868505949987,0.09631662925112529,0.9263830938031217,0.5,0.1111111111111111,0.05,svae,statlog-satimage
32,8,3,relu,Dense,64,32,0.05,3,0.33962264150943394,0.9463375057950857,0.09022868505949987,0.09631662925112529,0.9263830938031217,0.5,0.1111111111111111,0.05,svae,statlog-satimage
32,8,3,relu,Dense,64,32,0.05,4,0.4,0.9545278936794932,0.09022868505949987,0.09631662925112529,0.9263830938031217,0.5,0.1111111111111111,0.05,svae,statlog-satimage
32,8,3,relu,Dense,64,32,0.05,5,0.47058823529411764,0.9405037861227012,0.09022868505949987,0.09631662925112529,0.9263830938031217,0.5,0.1111111111111111,0.05,svae,statlog-satimage
32,8,3,relu,Dense,128,32,0.05,1,0.15384615384615385,0.9261706073249883,0.08536491547087018,0.08858490541902875,0.9255910987482616,0.9090909090909091,0.2777777777777778,0.05,svae,statlog-satimage
32,8,3,relu,Dense,128,32,0.05,2,0.1951219512195122,0.9053662494204915,0.08536491547087018,0.08858490541902875,0.9255910987482616,0.9090909090909091,0.2777777777777778,0.05,svae,statlog-satimage
32,8,3,relu,Dense,128,32,0.05,3,0.27906976744186046,0.9589514758151755,0.08536491547087018,0.08858490541902875,0.9255910987482616,0.9090909090909091,0.2777777777777778,0.05,svae,statlog-satimage
32,8,3,relu,Dense,128,32,0.05,4,0.15,0.9304203368876525,0.08536491547087018,0.08858490541902875,0.9255910987482616,0.9090909090909091,0.2777777777777778,0.05,svae,statlog-satimage
32,8,3,relu,Dense,128,32,0.05,5,0.35555555555555557,0.9438649358677176,0.08536491547087018,0.08858490541902875,0.9255910987482616,0.9090909090909091,0.2777777777777778,0.05,svae,statlog-satimage
32,8,3,relu,Dense,512,32,0.05,1,0.0,0.518544274455262,0.0857208956044697,0.08999469587884361,0.9264796785659095,0.6666666666666666,0.2222222222222222,0.05,svae,statlog-satimage
32,8,3,relu,Dense,512,32,0.05,2,0.08695652173913043,0.8774146190696955,0.0857208956044697,0.08999469587884361,0.9264796785659095,0.6666666666666666,0.2222222222222222,0.05,svae,statlog-satimage
32,8,3,relu,Dense,512,32,0.05,3,0.044444444444444446,0.8285040951939422,0.0857208956044697,0.08999469587884361,0.9264796785659095,0.6666666666666666,0.2222222222222222,0.05,svae,statlog-satimage
32,8,3,relu,Dense,512,32,0.05,4,0.13559322033898305,0.8917864317725236,0.0857208956044697,0.08999469587884361,0.9264796785659095,0.6666666666666666,0.2222222222222222,0.05,svae,statlog-satimage
32,8,3,relu,Dense,512,32,0.05,5,0.1276595744680851,0.8951089476124247,0.0857208956044697,0.08999469587884361,0.9264796785659095,0.6666666666666666,0.2222222222222222,0.05,svae,statlog-satimage
32,8,3,relu,Dense,32,16,0.05,1,0.25,0.7651515151515151,0.07677939840650078,0.08750862640692501,0.7648601398601398,1.0,0.07692307692307693,0.05,svae,statlog-segment
32,8,3,relu,Dense,32,16,0.05,2,0.3333333333333333,0.7322261072261073,0.07677939840650078,0.08750862640692501,0.7648601398601398,1.0,0.07692307692307693,0.05,svae,statlog-segment
32,8,3,relu,Dense,32,16,0.05,3,0.10256410256410256,0.828962703962704,0.07677939840650078,0.08750862640692501,0.7648601398601398,1.0,0.07692307692307693,0.05,svae,statlog-segment
32,8,3,relu,Dense,32,16,0.05,4,0.11764705882352941,0.9018065268065267,0.07677939840650078,0.08750862640692501,0.7648601398601398,1.0,0.07692307692307693,0.05,svae,statlog-segment
32,8,3,relu,Dense,32,16,0.05,5,0.2222222222222222,0.8761655011655012,0.07677939840650078,0.08750862640692501,0.7648601398601398,1.0,0.07692307692307693,0.05,svae,statlog-segment
32,8,3,relu,Dense,64,16,0.05,1,0.0,0.787004662004662,0.06570262651508896,0.06064591066185832,0.7958916083916084,0.8,0.3076923076923077,0.05,svae,statlog-segment
32,8,3,relu,Dense,64,16,0.05,2,0.23529411764705882,0.8091491841491842,0.06570262651508896,0.06064591066185832,0.7958916083916084,0.8,0.3076923076923077,0.05,svae,statlog-segment
32,8,3,relu,Dense,64,16,0.05,3,0.3076923076923077,0.8299825174825175,0.06570262651508896,0.06064591066185832,0.7958916083916084,0.8,0.3076923076923077,0.05,svae,statlog-segment
32,8,3,relu,Dense,64,16,0.05,4,0.15384615384615385,0.7957459207459208,0.06570262651508896,0.06064591066185832,0.7958916083916084,0.8,0.3076923076923077,0.05,svae,statlog-segment
32,8,3,relu,Dense,64,16,0.05,5,0.14814814814814814,0.8595571095571095,0.06570262651508896,0.06064591066185832,0.7958916083916084,0.8,0.3076923076923077,0.05,svae,statlog-segment
32,8,3,relu,Dense,128,16,0.05,1,0.14285714285714285,0.6520979020979021,0.07942349524460622,0.10380258964283348,0.8733974358974359,1.0,0.23076923076923078,0.05,svae,statlog-segment
32,8,3,relu,Dense,128,16,0.05,2,0.11764705882352941,0.6896853146853146,0.07942349524460622,0.10380258964283348,0.8733974358974359,1.0,0.23076923076923078,0.05,svae,statlog-segment
32,8,3,relu,Dense,128,16,0.05,3,0.2,0.8190559440559441,0.07942349524460622,0.10380258964283348,0.8733974358974359,1.0,0.23076923076923078,0.05,svae,statlog-segment
32,8,3,relu,Dense,128,16,0.05,4,0.21052631578947367,0.8062354312354312,0.07942349524460622,0.10380258964283348,0.8733974358974359,1.0,0.23076923076923078,0.05,svae,statlog-segment
32,8,3,relu,Dense,128,16,0.05,5,0.2857142857142857,0.8388694638694639,0.07942349524460622,0.10380258964283348,0.8733974358974359,1.0,0.23076923076923078,0.05,svae,statlog-segment
32,8,3,relu,Dense,512,16,0.05,1,0.0,0.6395687645687645,0.07149196960287761,0.0728989805250035,0.7992424242424243,0.6666666666666666,0.15384615384615385,0.05,svae,statlog-segment
32,8,3,relu,Dense,512,16,0.05,2,0.0,0.710081585081585,0.07149196960287761,0.0728989805250035,0.7992424242424243,0.6666666666666666,0.15384615384615385,0.05,svae,statlog-segment
32,8,3,relu,Dense,512,16,0.05,3,0.375,0.6805069930069931,0.07149196960287761,0.0728989805250035,0.7992424242424243,0.6666666666666666,0.15384615384615385,0.05,svae,statlog-segment
32,8,3,relu,Dense,512,16,0.05,4,0.0,0.7071678321678322,0.07149196960287761,0.0728989805250035,0.7992424242424243,0.6666666666666666,0.15384615384615385,0.05,svae,statlog-segment
32,8,3,relu,Dense,512,16,0.05,5,0.14285714285714285,0.796911421911422,0.07149196960287761,0.0728989805250035,0.7992424242424243,0.6666666666666666,0.15384615384615385,0.05,svae,statlog-segment
32,8,3,relu,Dense,32,32,0.05,1,0.0,0.6357808857808858,0.06443770389838098,0.0669095751126791,0.8735431235431236,0.75,0.23076923076923078,0.05,svae,statlog-segment
32,8,3,relu,Dense,32,32,0.05,2,0.058823529411764705,0.6701631701631702,0.06443770389838098,0.0669095751126791,0.8735431235431236,0.75,0.23076923076923078,0.05,svae,statlog-segment
32,8,3,relu,Dense,32,32,0.05,3,0.05263157894736842,0.7301864801864801,0.06443770389838098,0.0669095751126791,0.8735431235431236,0.75,0.23076923076923078,0.05,svae,statlog-segment
32,8,3,relu,Dense,32,32,0.05,4,0.05263157894736842,0.7363053613053613,0.06443770389838098,0.0669095751126791,0.8735431235431236,0.75,0.23076923076923078,0.05,svae,statlog-segment
32,8,3,relu,Dense,32,32,0.05,5,0.0,0.7677738927738927,0.06443770389838098,0.0669095751126791,0.8735431235431236,0.75,0.23076923076923078,0.05,svae,statlog-segment
32,8,3,relu,Dense,64,32,0.05,1,0.0,0.5017482517482517,0.09659545652801069,0.3278376635436584,0.8681526806526807,0.5,0.15384615384615385,0.05,svae,statlog-segment
32,8,3,relu,Dense,64,32,0.05,2,0.0,0.6363636363636365,0.09659545652801069,0.3278376635436584,0.8681526806526807,0.5,0.15384615384615385,0.05,svae,statlog-segment
32,8,3,relu,Dense,64,32,0.05,3,0.0,0.6284965034965034,0.09659545652801069,0.3278376635436584,0.8681526806526807,0.5,0.15384615384615385,0.05,svae,statlog-segment
32,8,3,relu,Dense,64,32,0.05,4,0.0,0.6349067599067599,0.09659545652801069,0.3278376635436584,0.8681526806526807,0.5,0.15384615384615385,0.05,svae,statlog-segment
32,8,3,relu,Dense,64,32,0.05,5,0.0,0.6177156177156178,0.09659545652801069,0.3278376635436584,0.8681526806526807,0.5,0.15384615384615385,0.05,svae,statlog-segment
32,8,3,relu,Dense,128,32,0.05,1,0.0,0.4635780885780885,0.08236301057469726,0.07164524573352954,0.8722319347319347,0.5,0.3076923076923077,0.05,svae,statlog-segment
32,8,3,relu,Dense,128,32,0.05,2,0.0,0.7333916083916083,0.08236301057469726,0.07164524573352954,0.8722319347319347,0.5,0.3076923076923077,0.05,svae,statlog-segment
32,8,3,relu,Dense,128,32,0.05,3,0.0,0.7625291375291376,0.08236301057469726,0.07164524573352954,0.8722319347319347,0.5,0.3076923076923077,0.05,svae,statlog-segment
32,8,3,relu,Dense,128,32,0.05,4,0.10526315789473684,0.8586829836829837,0.08236301057469726,0.07164524573352954,0.8722319347319347,0.5,0.3076923076923077,0.05,svae,statlog-segment
32,8,3,relu,Dense,128,32,0.05,5,0.0,0.8921911421911423,0.08236301057469726,0.07164524573352954,0.8722319347319347,0.5,0.3076923076923077,0.05,svae,statlog-segment
32,8,3,relu,Dense,512,32,0.05,1,0.0,0.48033216783216776,0.09145548934329846,0.06316262372009299,0.8318764568764568,1.0,0.15384615384615385,0.05,svae,statlog-segment
32,8,3,relu,Dense,512,32,0.05,2,0.0,0.6137820512820513,0.09145548934329846,0.06316262372009299,0.8318764568764568,1.0,0.15384615384615385,0.05,svae,statlog-segment
32,8,3,relu,Dense,512,32,0.05,3,0.0,0.6200466200466201,0.09145548934329846,0.06316262372009299,0.8318764568764568,1.0,0.15384615384615385,0.05,svae,statlog-segment
32,8,3,relu,Dense,512,32,0.05,4,0.26666666666666666,0.7106643356643357,0.09145548934329846,0.06316262372009299,0.8318764568764568,1.0,0.15384615384615385,0.05,svae,statlog-segment
32,8,3,relu,Dense,512,32,0.05,5,0.26666666666666666,0.7100815850815851,0.09145548934329846,0.06316262372009299,0.8318764568764568,1.0,0.15384615384615385,0.05,svae,statlog-segment
32,8,3,relu,Dense,32,16,0.05,1,0.1276595744680851,0.8554990143492412,0.32403283668724847,0.33074164834153424,0.8528400495117591,0.625,0.15151515151515152,0.05,svae,waveform-1
32,8,3,relu,Dense,32,16,0.05,2,0.11320754716981132,0.8411726951817724,0.32403283668724847,0.33074164834153424,0.8528400495117591,0.625,0.15151515151515152,0.05,svae,waveform-1
32,8,3,relu,Dense,32,16,0.05,3,0.18421052631578946,0.9283454820519873,0.32403283668724847,0.33074164834153424,0.8528400495117591,0.625,0.15151515151515152,0.05,svae,waveform-1
32,8,3,relu,Dense,32,16,0.05,4,0.23255813953488372,0.9415944620180626,0.32403283668724847,0.33074164834153424,0.8528400495117591,0.625,0.15151515151515152,0.05,svae,waveform-1
32,8,3,relu,Dense,32,16,0.05,5,0.40540540540540543,0.9264200247558795,0.32403283668724847,0.33074164834153424,0.8528400495117591,0.625,0.15151515151515152,0.05,svae,waveform-1
32,8,3,relu,Dense,64,16,0.05,1,0.16666666666666666,0.8522899188557284,0.3148614236224392,0.31662941442129866,0.8536423233851373,0.8,0.24242424242424243,0.05,svae,waveform-1
32,8,3,relu,Dense,64,16,0.05,2,0.0975609756097561,0.8817677531747122,0.3148614236224392,0.31662941442129866,0.8536423233851373,0.8,0.24242424242424243,0.05,svae,waveform-1
32,8,3,relu,Dense,64,16,0.05,3,0.24,0.8858249667629394,0.3148614236224392,0.31662941442129866,0.8536423233851373,0.8,0.24242424242424243,0.05,svae,waveform-1
32,8,3,relu,Dense,64,16,0.05,4,0.21428571428571427,0.9049649291706781,0.3148614236224392,0.31662941442129866,0.8536423233851373,0.8,0.24242424242424243,0.05,svae,waveform-1
32,8,3,relu,Dense,64,16,0.05,5,0.21818181818181817,0.9217897584009536,0.3148614236224392,0.31662941442129866,0.8536423233851373,0.8,0.24242424242424243,0.05,svae,waveform-1
32,8,3,relu,Dense,128,16,0.05,1,0.0,0.635584284600926,0.31877711921383095,0.3228530269601005,0.8543529088158438,0.6666666666666666,0.24242424242424243,0.05,svae,waveform-1
32,8,3,relu,Dense,128,16,0.05,2,0.05555555555555555,0.6541511942419658,0.31877711921383095,0.3228530269601005,0.8543529088158438,0.6666666666666666,0.24242424242424243,0.05,svae,waveform-1
32,8,3,relu,Dense,128,16,0.05,3,0.058823529411764705,0.7094851693943979,0.31877711921383095,0.3228530269601005,0.8543529088158438,0.6666666666666666,0.24242424242424243,0.05,svae,waveform-1
32,8,3,relu,Dense,128,16,0.05,4,0.10526315789473684,0.7746985742447164,0.31877711921383095,0.3228530269601005,0.8543529088158438,0.6666666666666666,0.24242424242424243,0.05,svae,waveform-1
32,8,3,relu,Dense,128,16,0.05,5,0.2,0.8355109338467888,0.31877711921383095,0.3228530269601005,0.8543529088158438,0.6666666666666666,0.24242424242424243,0.05,svae,waveform-1
32,8,3,relu,Dense,512,16,0.05,1,0.0,0.636524091138312,0.31314008581571706,0.31772727022984876,0.894374914042085,0.46153846153846156,0.18181818181818182,0.05,svae,waveform-1
32,8,3,relu,Dense,512,16,0.05,2,0.11428571428571428,0.6967404758630175,0.31314008581571706,0.31772727022984876,0.894374914042085,0.46153846153846156,0.18181818181818182,0.05,svae,waveform-1
32,8,3,relu,Dense,512,16,0.05,3,0.05263157894736842,0.6820015587035255,0.31314008581571706,0.31772727022984876,0.894374914042085,0.46153846153846156,0.18181818181818182,0.05,svae,waveform-1
32,8,3,relu,Dense,512,16,0.05,4,0.10526315789473684,0.6798010360794022,0.31314008581571706,0.31772727022984876,0.894374914042085,0.46153846153846156,0.18181818181818182,0.05,svae,waveform-1
32,8,3,relu,Dense,512,16,0.05,5,0.05,0.7164993352587906,0.31314008581571706,0.31772727022984876,0.894374914042085,0.46153846153846156,0.18181818181818182,0.05,svae,waveform-1
32,8,3,relu,Dense,32,32,0.05,1,0.23809523809523808,0.8377114564709118,0.3106220697992197,0.31521142530488555,0.8352817127401091,0.5714285714285714,0.12121212121212122,0.05,svae,waveform-1
32,8,3,relu,Dense,32,32,0.05,2,0.4,0.9692843717049466,0.3106220697992197,0.31521142530488555,0.8352817127401091,0.5714285714285714,0.12121212121212122,0.05,svae,waveform-1
32,8,3,relu,Dense,32,32,0.05,3,0.20689655172413793,0.9429239444368037,0.3106220697992197,0.31521142530488555,0.8352817127401091,0.5714285714285714,0.12121212121212122,0.05,svae,waveform-1
32,8,3,relu,Dense,32,32,0.05,4,0.2807017543859649,0.9445284921835602,0.3106220697992197,0.31521142530488555,0.8352817127401091,0.5714285714285714,0.12121212121212122,0.05,svae,waveform-1
32,8,3,relu,Dense,32,32,0.05,5,0.3939393939393939,0.946499793701004,0.3106220697992197,0.31521142530488555,0.8352817127401091,0.5714285714285714,0.12121212121212122,0.05,svae,waveform-1
32,8,3,relu,Dense,64,32,0.05,1,0.13333333333333333,0.7683491495896944,0.3110407297692924,0.31676780226017104,0.8045202402237197,0.7142857142857143,0.15151515151515152,0.05,svae,waveform-1
32,8,3,relu,Dense,64,32,0.05,2,0.15625,0.8966212808875441,0.3110407297692924,0.31676780226017104,0.8045202402237197,0.7142857142857143,0.15151515151515152,0.05,svae,waveform-1
32,8,3,relu,Dense,64,32,0.05,3,0.08333333333333333,0.8821803511667354,0.3110407297692924,0.31676780226017104,0.8045202402237197,0.7142857142857143,0.15151515151515152,0.05,svae,waveform-1
32,8,3,relu,Dense,64,32,0.05,4,0.09090909090909091,0.8684729289873011,0.3110407297692924,0.31676780226017104,0.8045202402237197,0.7142857142857143,0.15151515151515152,0.05,svae,waveform-1
32,8,3,relu,Dense,64,32,0.05,5,0.1643835616438356,0.9366432861137854,0.3110407297692924,0.31676780226017104,0.8045202402237197,0.7142857142857143,0.15151515151515152,0.05,svae,waveform-1
32,8,3,relu,Dense,128,32,0.05,1,0.05263157894736842,0.7188603126575895,0.3138419853516988,0.3164635318895147,0.8557282354559208,0.5833333333333334,0.21212121212121213,0.05,svae,waveform-1
32,8,3,relu,Dense,128,32,0.05,2,0.15,0.929904185577408,0.3138419853516988,0.3164635318895147,0.8557282354559208,0.5833333333333334,0.21212121212121213,0.05,svae,waveform-1
32,8,3,relu,Dense,128,32,0.05,3,0.14285714285714285,0.9396002383899511,0.3138419853516988,0.3164635318895147,0.8557282354559208,0.5833333333333334,0.21212121212121213,0.05,svae,waveform-1
32,8,3,relu,Dense,128,32,0.05,4,0.125,0.9164030623939853,0.3138419853516988,0.3164635318895147,0.8557282354559208,0.5833333333333334,0.21212121212121213,0.05,svae,waveform-1
32,8,3,relu,Dense,128,32,0.05,5,0.13043478260869565,0.9238527483610691,0.3138419853516988,0.3164635318895147,0.8557282354559208,0.5833333333333334,0.21212121212121213,0.05,svae,waveform-1
32,8,3,relu,Dense,512,32,0.05,1,0.0,0.5858891486728098,0.32068898104530175,0.32675939695963296,0.8368862604868657,0.7,0.21212121212121213,0.05,svae,waveform-1
32,8,3,relu,Dense,512,32,0.05,2,0.0,0.7764635767661485,0.32068898104530175,0.32675939695963296,0.8368862604868657,0.7,0.21212121212121213,0.05,svae,waveform-1
32,8,3,relu,Dense,512,32,0.05,3,0.0,0.7752716270114152,0.32068898104530175,0.32675939695963296,0.8368862604868657,0.7,0.21212121212121213,0.05,svae,waveform-1
32,8,3,relu,Dense,512,32,0.05,4,0.20512820512820512,0.9368725072204649,0.32068898104530175,0.32675939695963296,0.8368862604868657,0.7,0.21212121212121213,0.05,svae,waveform-1
32,8,3,relu,Dense,512,32,0.05,5,0.16216216216216217,0.9475542107917297,0.32068898104530175,0.32675939695963296,0.8368862604868657,0.7,0.21212121212121213,0.05,svae,waveform-1
32,8,3,relu,Dense,32,16,0.05,1,0.04,0.7899876220602393,0.31218069533187087,0.32070048347081026,0.9268326227479028,0.7,0.21212121212121213,0.05,svae,waveform-2
32,8,3,relu,Dense,32,16,0.05,2,0.057971014492753624,0.9198643011048457,0.31218069533187087,0.32070048347081026,0.9268326227479028,0.7,0.21212121212121213,0.05,svae,waveform-2
32,8,3,relu,Dense,32,16,0.05,3,0.125,0.7887039838628341,0.31218069533187087,0.32070048347081026,0.9268326227479028,0.7,0.21212121212121213,0.05,svae,waveform-2
32,8,3,relu,Dense,32,16,0.05,4,0.08888888888888889,0.8873607481776923,0.31218069533187087,0.32070048347081026,0.9268326227479028,0.7,0.21212121212121213,0.05,svae,waveform-2
32,8,3,relu,Dense,32,16,0.05,5,0.07079646017699115,0.8747994315316555,0.31218069533187087,0.32070048347081026,0.9268326227479028,0.7,0.21212121212121213,0.05,svae,waveform-2
32,8,3,relu,Dense,64,16,0.05,1,0.2,0.7789391647182872,0.31618641089501126,0.31789095068482315,0.886993994407005,0.8333333333333334,0.30303030303030304,0.05,svae,waveform-2
32,8,3,relu,Dense,64,16,0.05,2,0.23255813953488372,0.8735157933342503,0.31618641089501126,0.31789095068482315,0.886993994407005,0.8333333333333334,0.30303030303030304,0.05,svae,waveform-2
32,8,3,relu,Dense,64,16,0.05,3,0.23255813953488372,0.928070416723972,0.31618641089501126,0.31789095068482315,0.886993994407005,0.8333333333333334,0.30303030303030304,0.05,svae,waveform-2
32,8,3,relu,Dense,64,16,0.05,4,0.18181818181818182,0.9190849493421354,0.31618641089501126,0.31789095068482315,0.886993994407005,0.8333333333333334,0.30303030303030304,0.05,svae,waveform-2
32,8,3,relu,Dense,64,16,0.05,5,0.2857142857142857,0.9304543162334387,0.31618641089501126,0.31789095068482315,0.886993994407005,0.8333333333333334,0.30303030303030304,0.05,svae,waveform-2
32,8,3,relu,Dense,128,16,0.05,1,0.10810810810810811,0.799316921102095,0.3366468092791076,0.34544863384810254,0.7650483656535094,0.625,0.15151515151515152,0.05,svae,waveform-2
32,8,3,relu,Dense,128,16,0.05,2,0.05555555555555555,0.79892724522074,0.3366468092791076,0.34544863384810254,0.7650483656535094,0.625,0.15151515151515152,0.05,svae,waveform-2
32,8,3,relu,Dense,128,16,0.05,3,0.20512820512820512,0.8931600421766838,0.3366468092791076,0.34544863384810254,0.7650483656535094,0.625,0.15151515151515152,0.05,svae,waveform-2
32,8,3,relu,Dense,128,16,0.05,4,0.05263157894736842,0.87642690138908,0.3366468092791076,0.34544863384810254,0.7650483656535094,0.625,0.15151515151515152,0.05,svae,waveform-2
32,8,3,relu,Dense,128,16,0.05,5,0.26666666666666666,0.8685646174299729,0.3366468092791076,0.34544863384810254,0.7650483656535094,0.625,0.15151515151515152,0.05,svae,waveform-2
32,8,3,relu,Dense,512,16,0.05,1,0.0,0.5951496813826617,0.34686826174444757,0.35178489795470125,0.9476688213450696,0.7272727272727273,0.24242424242424243,0.05,svae,waveform-2
32,8,3,relu,Dense,512,16,0.05,2,0.0,0.6108742493008756,0.34686826174444757,0.35178489795470125,0.9476688213450696,0.7272727272727273,0.24242424242424243,0.05,svae,waveform-2
32,8,3,relu,Dense,512,16,0.05,3,0.058823529411764705,0.5791042039150965,0.34686826174444757,0.35178489795470125,0.9476688213450696,0.7272727272727273,0.24242424242424243,0.05,svae,waveform-2
32,8,3,relu,Dense,512,16,0.05,4,0.0,0.6418190987026087,0.34686826174444757,0.35178489795470125,0.9476688213450696,0.7272727272727273,0.24242424242424243,0.05,svae,waveform-2
32,8,3,relu,Dense,512,16,0.05,5,0.0,0.6712969330215927,0.34686826174444757,0.35178489795470125,0.9476688213450696,0.7272727272727273,0.24242424242424243,0.05,svae,waveform-2
32,8,3,relu,Dense,32,32,0.05,1,0.10810810810810811,0.9478751203410809,0.31243010960154055,0.3188963788341633,0.836748727822858,0.6428571428571429,0.2727272727272727,0.05,svae,waveform-2
32,8,3,relu,Dense,32,32,0.05,2,0.4230769230769231,0.9738687938385366,0.31243010960154055,0.3188963788341633,0.836748727822858,0.6428571428571429,0.2727272727272727,0.05,svae,waveform-2
32,8,3,relu,Dense,32,32,0.05,3,0.36363636363636365,0.9587860450190253,0.31243010960154055,0.3188963788341633,0.836748727822858,0.6428571428571429,0.2727272727272727,0.05,svae,waveform-2
32,8,3,relu,Dense,32,32,0.05,4,0.26229508196721313,0.9474625223490579,0.31243010960154055,0.3188963788341633,0.836748727822858,0.6428571428571429,0.2727272727272727,0.05,svae,waveform-2
32,8,3,relu,Dense,32,32,0.05,5,0.23728813559322035,0.93916471828726,0.31243010960154055,0.3188963788341633,0.836748727822858,0.6428571428571429,0.2727272727272727,0.05,svae,waveform-2
32,8,3,relu,Dense,64,32,0.05,1,0.05555555555555555,0.9019392105625086,0.3097778156281384,0.3188499624360299,0.8737679365515977,0.5714285714285714,0.24242424242424243,0.05,svae,waveform-2
32,8,3,relu,Dense,64,32,0.05,2,0.09090909090909091,0.8883234768257462,0.3097778156281384,0.3188499624360299,0.8737679365515977,0.5714285714285714,0.24242424242424243,0.05,svae,waveform-2
32,8,3,relu,Dense,64,32,0.05,3,0.12244897959183673,0.8789712556732224,0.3097778156281384,0.3188499624360299,0.8737679365515977,0.5714285714285714,0.24242424242424243,0.05,svae,waveform-2
32,8,3,relu,Dense,64,32,0.05,4,0.1111111111111111,0.841333149956448,0.3097778156281384,0.3188499624360299,0.8737679365515977,0.5714285714285714,0.24242424242424243,0.05,svae,waveform-2
32,8,3,relu,Dense,64,32,0.05,5,0.15384615384615385,0.8528858937330949,0.3097778156281384,0.3188499624360299,0.8737679365515977,0.5714285714285714,0.24242424242424243,0.05,svae,waveform-2
32,8,3,relu,Dense,128,32,0.05,1,0.05714285714285714,0.7769678632008435,0.3358442692701393,0.34302194185193546,0.823362215192775,0.5,0.12121212121212122,0.05,svae,waveform-2
32,8,3,relu,Dense,128,32,0.05,2,0.11428571428571428,0.8760372255077248,0.3358442692701393,0.34302194185193546,0.823362215192775,0.5,0.12121212121212122,0.05,svae,waveform-2
32,8,3,relu,Dense,128,32,0.05,3,0.10810810810810811,0.9157383211846147,0.3358442692701393,0.34302194185193546,0.823362215192775,0.5,0.12121212121212122,0.05,svae,waveform-2
32,8,3,relu,Dense,128,32,0.05,4,0.09523809523809523,0.9361389996790905,0.3358442692701393,0.34302194185193546,0.823362215192775,0.5,0.12121212121212122,0.05,svae,waveform-2
32,8,3,relu,Dense,128,32,0.05,5,0.10256410256410256,0.9380644569751982,0.3358442692701393,0.34302194185193546,0.823362215192775,0.5,0.12121212121212122,0.05,svae,waveform-2
32,8,3,relu,Dense,512,32,0.05,1,0.1111111111111111,0.7270435061660477,0.3074761970459215,0.31095815896661144,0.8485536148168523,0.5333333333333333,0.24242424242424243,0.05,svae,waveform-2
32,8,3,relu,Dense,512,32,0.05,2,0.05405405405405406,0.7080639985329849,0.3074761970459215,0.31095815896661144,0.8485536148168523,0.5333333333333333,0.24242424242424243,0.05,svae,waveform-2
32,8,3,relu,Dense,512,32,0.05,3,0.0,0.7802686471370284,0.3074761970459215,0.31095815896661144,0.8485536148168523,0.5333333333333333,0.24242424242424243,0.05,svae,waveform-2
32,8,3,relu,Dense,512,32,0.05,4,0.05714285714285714,0.84321276303122,0.3074761970459215,0.31095815896661144,0.8485536148168523,0.5333333333333333,0.24242424242424243,0.05,svae,waveform-2
32,8,3,relu,Dense,512,32,0.05,5,0.10810810810810811,0.8626507128776418,0.3074761970459215,0.31095815896661144,0.8485536148168523,0.5333333333333333,0.24242424242424243,0.05,svae,waveform-2
32,8,3,relu,Dense,32,16,0.05,1,0.0,0.36166666666666664,0.06818158634155301,0.09389503546340917,0.8425,1.0,0.375,0.05,svae,yeast
32,8,3,relu,Dense,32,16,0.05,2,0.13333333333333333,0.3425,0.06818158634155301,0.09389503546340917,0.8425,1.0,0.375,0.05,svae,yeast
32,8,3,relu,Dense,32,16,0.05,3,0.0,0.7058333333333333,0.06818158634155301,0.09389503546340917,0.8425,1.0,0.375,0.05,svae,yeast
32,8,3,relu,Dense,32,16,0.05,4,0.21052631578947367,0.8725,0.06818158634155301,0.09389503546340917,0.8425,1.0,0.375,0.05,svae,yeast
32,8,3,relu,Dense,32,16,0.05,5,0.07407407407407407,0.7383333333333333,0.06818158634155301,0.09389503546340917,0.8425,1.0,0.375,0.05,svae,yeast
32,8,3,relu,Dense,64,16,0.05,1,0.0,0.5808333333333333,0.07695624862600045,0.1542491925955713,0.79,0.0,0.0,0.05,svae,yeast
32,8,3,relu,Dense,64,16,0.05,2,0.0,0.6895833333333332,0.07695624862600045,0.1542491925955713,0.79,0.0,0.0,0.05,svae,yeast
32,8,3,relu,Dense,64,16,0.05,3,0.0,0.6691666666666667,0.07695624862600045,0.1542491925955713,0.79,0.0,0.0,0.05,svae,yeast
32,8,3,relu,Dense,64,16,0.05,4,0.0,0.7283333333333333,0.07695624862600045,0.1542491925955713,0.79,0.0,0.0,0.05,svae,yeast
32,8,3,relu,Dense,64,16,0.05,5,0.0,0.7124999999999999,0.07695624862600045,0.1542491925955713,0.79,0.0,0.0,0.05,svae,yeast
32,8,3,relu,Dense,128,16,0.05,1,0.0,0.7441666666666665,0.0773229599362229,0.10919372577162755,0.7912499999999999,1.0,0.125,0.05,svae,yeast
32,8,3,relu,Dense,128,16,0.05,2,0.18181818181818182,0.6883333333333334,0.0773229599362229,0.10919372577162755,0.7912499999999999,1.0,0.125,0.05,svae,yeast
32,8,3,relu,Dense,128,16,0.05,3,0.18181818181818182,0.8091666666666667,0.0773229599362229,0.10919372577162755,0.7912499999999999,1.0,0.125,0.05,svae,yeast
32,8,3,relu,Dense,128,16,0.05,4,0.0,0.705,0.0773229599362229,0.10919372577162755,0.7912499999999999,1.0,0.125,0.05,svae,yeast
32,8,3,relu,Dense,128,16,0.05,5,0.15384615384615385,0.7141666666666666,0.0773229599362229,0.10919372577162755,0.7912499999999999,1.0,0.125,0.05,svae,yeast
32,8,3,relu,Dense,512,16,0.05,1,0.0,0.6083333333333333,0.06615715757021055,0.08030497175917237,0.7745833333333333,0.4,0.25,0.05,svae,yeast
32,8,3,relu,Dense,512,16,0.05,2,0.0,0.6629166666666666,0.06615715757021055,0.08030497175917237,0.7745833333333333,0.4,0.25,0.05,svae,yeast
32,8,3,relu,Dense,512,16,0.05,3,0.2,0.8516666666666666,0.06615715757021055,0.08030497175917237,0.7745833333333333,0.4,0.25,0.05,svae,yeast
32,8,3,relu,Dense,512,16,0.05,4,0.36363636363636365,0.8558333333333333,0.06615715757021055,0.08030497175917237,0.7745833333333333,0.4,0.25,0.05,svae,yeast
32,8,3,relu,Dense,512,16,0.05,5,0.3333333333333333,0.9766666666666667,0.06615715757021055,0.08030497175917237,0.7745833333333333,0.4,0.25,0.05,svae,yeast
32,8,3,relu,Dense,32,32,0.05,1,0.0,0.7008333333333334,0.0727929828316126,0.09513585072358491,0.7324999999999999,0.0,0.0,0.05,svae,yeast
32,8,3,relu,Dense,32,32,0.05,2,0.0,0.6174999999999999,0.0727929828316126,0.09513585072358491,0.7324999999999999,0.0,0.0,0.05,svae,yeast
32,8,3,relu,Dense,32,32,0.05,3,0.0,0.7366666666666667,0.0727929828316126,0.09513585072358491,0.7324999999999999,0.0,0.0,0.05,svae,yeast
32,8,3,relu,Dense,32,32,0.05,4,0.16666666666666666,0.7991666666666667,0.0727929828316126,0.09513585072358491,0.7324999999999999,0.0,0.0,0.05,svae,yeast
32,8,3,relu,Dense,32,32,0.05,5,0.3076923076923077,0.6966666666666667,0.0727929828316126,0.09513585072358491,0.7324999999999999,0.0,0.0,0.05,svae,yeast
32,8,3,relu,Dense,64,32,0.05,1,0.0,0.4091666666666667,0.06212682104409541,0.1051941395261523,0.8366666666666667,0.2,0.125,0.05,svae,yeast
32,8,3,relu,Dense,64,32,0.05,2,0.0,0.6,0.06212682104409541,0.1051941395261523,0.8366666666666667,0.2,0.125,0.05,svae,yeast
32,8,3,relu,Dense,64,32,0.05,3,0.0,0.7033333333333334,0.06212682104409541,0.1051941395261523,0.8366666666666667,0.2,0.125,0.05,svae,yeast
32,8,3,relu,Dense,64,32,0.05,4,0.0,0.6333333333333333,0.06212682104409541,0.1051941395261523,0.8366666666666667,0.2,0.125,0.05,svae,yeast
32,8,3,relu,Dense,64,32,0.05,5,0.125,0.6658333333333333,0.06212682104409541,0.1051941395261523,0.8366666666666667,0.2,0.125,0.05,svae,yeast
32,8,3,relu,Dense,128,32,0.05,1,0.0,0.38208333333333333,0.0856356396378851,0.12084019118565044,0.8383333333333333,0.25,0.125,0.05,svae,yeast
32,8,3,relu,Dense,128,32,0.05,2,0.0,0.5904166666666667,0.0856356396378851,0.12084019118565044,0.8383333333333333,0.25,0.125,0.05,svae,yeast
32,8,3,relu,Dense,128,32,0.05,3,0.0,0.7779166666666667,0.0856356396378851,0.12084019118565044,0.8383333333333333,0.25,0.125,0.05,svae,yeast
32,8,3,relu,Dense,128,32,0.05,4,0.18181818181818182,0.915,0.0856356396378851,0.12084019118565044,0.8383333333333333,0.25,0.125,0.05,svae,yeast
32,8,3,relu,Dense,128,32,0.05,5,0.16666666666666666,0.9366666666666666,0.0856356396378851,0.12084019118565044,0.8383333333333333,0.25,0.125,0.05,svae,yeast
32,8,3,relu,Dense,512,32,0.05,1,0.0,0.49666666666666665,0.0682644708850583,0.11344395186316762,0.8012499999999999,1.0,0.25,0.05,svae,yeast
32,8,3,relu,Dense,512,32,0.05,2,0.0,0.5341666666666667,0.0682644708850583,0.11344395186316762,0.8012499999999999,1.0,0.25,0.05,svae,yeast
32,8,3,relu,Dense,512,32,0.05,3,0.2222222222222222,0.6416666666666666,0.0682644708850583,0.11344395186316762,0.8012499999999999,1.0,0.25,0.05,svae,yeast
32,8,3,relu,Dense,512,32,0.05,4,0.0,0.6220833333333333,0.0682644708850583,0.11344395186316762,0.8012499999999999,1.0,0.25,0.05,svae,yeast
32,8,3,relu,Dense,512,32,0.05,5,0.0,0.6966666666666668,0.0682644708850583,0.11344395186316762,0.8012499999999999,1.0,0.25,0.05,svae,yeast
