dataset,anom_sel,anom_ratio,anom_seen,pxvita,f2,f3
abalone,rnd,0.05,1,0.9914153132250579,0.8677494199535964,0.8174013921113689
abalone,rnd,0.05,2,0.9914153132250579,0.8900232018561486,0.8176334106728538
abalone,rnd,0.05,3,0.9914153132250579,0.8946635730858468,0.8303944315545243
abalone,rnd,0.05,4,0.9914153132250579,0.9062645011600929,0.9076566125290022
abalone,rnd,0.05,5,0.9914153132250579,0.9712296983758701,0.9700696055684455
abalone,rnd,0.05,6,0.9914153132250579,0.962877030162413,0.9809744779582367
abalone,rnd,0.01,1,0.9907192575406032,0.9132250580046405,0.7763341067285383
abalone,rnd,0.01,2,0.9907192575406032,0.8881670533642693,0.7946635730858468
abalone,rnd,0.01,3,0.9907192575406032,0.9197215777262182,0.8754060324825985
abalone,rnd,0.01,4,0.9907192575406032,0.936890951276102,0.933874709976798
abalone,rnd,0.01,5,0.9907192575406032,0.9587006960556845,0.9658932714617169
abalone,rnd,0.01,6,0.9907192575406032,0.9700696055684455,0.9703016241299304
abalone,rnd,0.005,1,0.9902552204176333,0.8046403712296983,0.7689095127610208
abalone,rnd,0.005,2,0.9902552204176333,0.8566125290023201,0.7721577726218097
abalone,rnd,0.005,3,0.9902552204176333,0.9157772621809744,0.8930394431554524
abalone,rnd,0.005,4,0.9902552204176333,0.9598607888631092,0.9535962877030162
abalone,rnd,0.005,5,0.9902552204176333,0.9487238979118331,0.9491879350348027
abalone,rnd,0.005,6,0.9902552204176333,0.9642691415313227,0.9719257540603248
abalone,best,0.05,1,0.9914153132250579,0.8566125290023201,0.6939675174013921
abalone,best,0.05,2,0.9914153132250579,0.8366589327146171,0.6837587006960557
abalone,best,0.05,3,0.9914153132250579,0.8756380510440837,0.6879350348027842
abalone,best,0.05,4,0.9914153132250579,0.8208816705336428,0.6494199535962878
abalone,best,0.05,5,0.9914153132250579,0.8234338747099768,0.62877030162413
abalone,best,0.05,6,0.9914153132250579,0.9698375870069607,0.9693735498839908
abalone,best,0.01,1,0.9907192575406032,0.8672853828306264,0.7368909512761022
abalone,best,0.01,2,0.9907192575406032,0.874245939675174,0.7440835266821346
abalone,best,0.01,3,0.9907192575406032,0.8621809744779583,0.7187935034802784
abalone,best,0.01,4,0.9907192575406032,0.8392111368909514,0.6677494199535963
abalone,best,0.01,5,0.9907192575406032,0.8510440835266821,0.6498839907192575
abalone,best,0.01,6,0.9907192575406032,0.9691415313225059,0.9786542923433876
abalone,best,0.005,1,0.9902552204176333,0.856844547563805,0.717401392111369
abalone,best,0.005,2,0.9902552204176333,0.8633410672853827,0.7178654292343387
abalone,best,0.005,3,0.9902552204176333,0.8728538283062646,0.7143851508120651
abalone,best,0.005,4,0.9902552204176333,0.8380510440835266,0.6900232018561485
abalone,best,0.005,5,0.9902552204176333,0.848027842227378,0.682830626450116
abalone,best,0.005,6,0.9902552204176333,0.957308584686775,0.9714617169373551
blood-transfusion,rnd,0.05,1,0.9103896103896103,0.9922077922077923,0.9922077922077921
blood-transfusion,rnd,0.05,2,0.9103896103896103,0.9935064935064934,0.9883116883116883
blood-transfusion,rnd,0.05,3,0.9103896103896103,0.9974025974025974,0.9831168831168832
blood-transfusion,rnd,0.05,4,0.9103896103896103,0.996103896103896,0.9948051948051948
blood-transfusion,rnd,0.05,5,0.9103896103896103,0.9948051948051948,0.9948051948051948
blood-transfusion,rnd,0.05,6,0.9103896103896103,0.996103896103896,0.9935064935064934
blood-transfusion,rnd,0.01,1,0.9155844155844155,0.9896103896103895,0.9857142857142858
blood-transfusion,rnd,0.01,2,0.9155844155844155,0.9974025974025974,0.9935064935064934
blood-transfusion,rnd,0.01,3,0.9155844155844155,0.9974025974025974,0.9948051948051948
blood-transfusion,rnd,0.01,4,0.9155844155844155,0.996103896103896,0.9948051948051948
blood-transfusion,rnd,0.005,1,0.9649350649350648,0.9883116883116884,0.9766233766233766
blood-transfusion,rnd,0.005,2,0.9649350649350648,0.9948051948051948,1.0
blood-transfusion,best,0.05,1,0.9103896103896103,0.9896103896103895,0.9909090909090909
blood-transfusion,best,0.05,2,0.9103896103896103,0.9909090909090909,0.9909090909090909
blood-transfusion,best,0.05,3,0.9103896103896103,0.996103896103896,0.9974025974025974
blood-transfusion,best,0.05,4,0.9103896103896103,0.996103896103896,0.9974025974025974
blood-transfusion,best,0.05,5,0.9103896103896103,0.9974025974025974,0.9974025974025974
blood-transfusion,best,0.05,6,0.9103896103896103,0.9974025974025974,0.9987012987012986
blood-transfusion,best,0.01,1,0.9155844155844155,0.9896103896103895,0.9883116883116884
blood-transfusion,best,0.01,2,0.9155844155844155,0.9922077922077921,0.9909090909090909
blood-transfusion,best,0.01,3,0.9155844155844155,0.996103896103896,0.9922077922077923
blood-transfusion,best,0.01,4,0.9155844155844155,0.996103896103896,0.9948051948051948
blood-transfusion,best,0.005,1,0.9649350649350648,0.9883116883116884,0.9883116883116884
blood-transfusion,best,0.005,2,0.9649350649350648,0.9935064935064934,0.996103896103896
breast-cancer-wisconsin,rnd,0.05,1,0.9144922164566344,0.9392512972572273,0.9353595255744998
breast-cancer-wisconsin,rnd,0.05,2,0.9144922164566344,0.9654188287620459,0.9424388435878427
breast-cancer-wisconsin,rnd,0.05,3,0.9144922164566344,0.9681616011860639,0.9535211267605636
breast-cancer-wisconsin,rnd,0.05,4,0.9144922164566344,0.97824314306894,0.9656782802075611
breast-cancer-wisconsin,rnd,0.05,5,0.9144922164566344,0.9818383988139361,0.9663454410674573
breast-cancer-wisconsin,rnd,0.05,6,0.9144922164566344,0.9851000741289843,0.9728687916975538
breast-cancer-wisconsin,rnd,0.05,7,0.9144922164566344,0.9876204595997035,0.976315789473684
breast-cancer-wisconsin,rnd,0.05,8,0.9144922164566344,0.9911045218680504,0.9779095626389918
breast-cancer-wisconsin,rnd,0.05,9,0.9144922164566344,0.9883246849518162,0.9784655300222387
breast-cancer-wisconsin,rnd,0.05,10,0.9144922164566344,0.9895848776871757,0.9779095626389918
breast-cancer-wisconsin,rnd,0.01,1,0.9365826538176428,0.9449592290585619,0.9470348406226835
breast-cancer-wisconsin,rnd,0.01,2,0.9365826538176428,0.9814306893995551,0.9722016308376574
breast-cancer-wisconsin,rnd,0.01,3,0.9365826538176428,0.9775759822090437,0.9718680504077094
breast-cancer-wisconsin,rnd,0.01,4,0.9365826538176428,0.9816160118606373,0.9734988880652337
breast-cancer-wisconsin,rnd,0.005,1,0.9542994810971089,0.9365085248332097,0.9552260934025203
breast-cancer-wisconsin,rnd,0.005,2,0.9542994810971089,0.957709414381023,0.9638250555967385
breast-cancer-wisconsin,best,0.05,1,0.9144922164566344,0.9441067457375836,0.9834692364714602
breast-cancer-wisconsin,best,0.05,2,0.9144922164566344,0.9586360266864344,0.9806893995552259
breast-cancer-wisconsin,best,0.05,3,0.9144922164566344,0.9659747961452927,0.9734618235730169
breast-cancer-wisconsin,best,0.05,4,0.9144922164566344,0.968754633061527,0.9755374351371386
breast-cancer-wisconsin,best,0.05,5,0.9144922164566344,0.9763528539659007,0.978650852483321
breast-cancer-wisconsin,best,0.05,6,0.9144922164566344,0.9747220163083767,0.980281690140845
breast-cancer-wisconsin,best,0.05,7,0.9144922164566344,0.9825055596738326,0.9787620459599704
breast-cancer-wisconsin,best,0.05,8,0.9144922164566344,0.9834321719792438,0.9817272053372867
breast-cancer-wisconsin,best,0.05,9,0.9144922164566344,0.9868791697553743,0.9830615270570793
breast-cancer-wisconsin,best,0.05,10,0.9144922164566344,0.9873980726464048,0.9857672349888805
breast-cancer-wisconsin,best,0.01,1,0.9365826538176428,0.9693106004447738,0.9703854707190512
breast-cancer-wisconsin,best,0.01,2,0.9365826538176428,0.9776871756856931,0.9803558191252779
breast-cancer-wisconsin,best,0.01,3,0.9365826538176428,0.9843587842846551,0.9765752409191994
breast-cancer-wisconsin,best,0.01,4,0.9365826538176428,0.9869532987398072,0.9766864343958487
breast-cancer-wisconsin,best,0.005,1,0.9542994810971089,0.9472201630837658,0.9544477390659749
breast-cancer-wisconsin,best,0.005,2,0.9542994810971089,0.968754633061527,0.9789844329132691
breast-tissue,rnd,0.05,1,0.9897435897435898,0.9512820512820515,0.9820512820512821
breast-tissue,rnd,0.05,2,0.9897435897435898,0.9820512820512821,0.9820512820512821
breast-tissue,rnd,0.05,3,0.9897435897435898,0.9974358974358974,1.0
breast-tissue,rnd,0.01,1,0.9923076923076923,0.9820512820512821,0.9923076923076923
breast-tissue,rnd,0.005,1,0.9974358974358974,0.9717948717948719,0.9897435897435898
breast-tissue,best,0.05,1,0.9897435897435898,0.9589743589743591,0.976923076923077
breast-tissue,best,0.05,2,0.9897435897435898,0.9871794871794872,0.9897435897435898
breast-tissue,best,0.05,3,0.9897435897435898,0.9974358974358974,1.0
breast-tissue,best,0.01,1,0.9923076923076923,0.976923076923077,0.9923076923076923
breast-tissue,best,0.005,1,0.9974358974358974,0.9743589743589745,0.9871794871794872
cardiotocography,rnd,0.05,1,0.618871302053891,0.8657339363105333,0.8566515922366685
cardiotocography,rnd,0.05,2,0.618871302053891,0.8890804597701149,0.8644055021669492
cardiotocography,rnd,0.05,3,0.618871302053891,0.906510269455436,0.8702374222724704
cardiotocography,rnd,0.05,4,0.618871302053891,0.9087431693989071,0.8856227623892974
cardiotocography,rnd,0.05,5,0.618871302053891,0.9147635198794047,0.8986244582626719
cardiotocography,rnd,0.05,6,0.618871302053891,0.9141888072357267,0.9017900885622762
cardiotocography,rnd,0.05,7,0.618871302053891,0.9175051818353117,0.9056340682117957
cardiotocography,rnd,0.05,8,0.618871302053891,0.9185980780101752,0.9105615225174297
cardiotocography,rnd,0.05,9,0.618871302053891,0.9225268513284341,0.9151215375918598
cardiotocography,rnd,0.05,10,0.618871302053891,0.9219615602035048,0.9192952703975881
cardiotocography,rnd,0.01,1,0.6725833804409271,0.8925570001884303,0.8938948558507631
cardiotocography,rnd,0.01,2,0.6725833804409271,0.9063029960429623,0.901648765781044
cardiotocography,rnd,0.01,3,0.6725833804409271,0.9066233276804221,0.8912568306010927
cardiotocography,rnd,0.01,4,0.6725833804409271,0.9129357452421332,0.8972206519690973
cardiotocography,rnd,0.01,5,0.6725833804409271,0.9185886564914263,0.9002543810062184
cardiotocography,rnd,0.01,6,0.6725833804409271,0.9155266628980592,0.9020256265309969
cardiotocography,rnd,0.01,7,0.6725833804409271,0.917966836254004,0.906472583380441
cardiotocography,rnd,0.01,8,0.6725833804409271,0.9212549462973432,0.9073676276615789
cardiotocography,rnd,0.01,9,0.6725833804409271,0.9219332956472582,0.9117109478047862
cardiotocography,rnd,0.01,10,0.6725833804409271,0.9278029018277746,0.9143678160919538
cardiotocography,rnd,0.005,1,0.6667231957791595,0.8625965705671754,0.88648012059544
cardiotocography,rnd,0.005,2,0.6667231957791595,0.9016581872997926,0.906679856792915
cardiotocography,rnd,0.005,3,0.6667231957791595,0.9061145656679856,0.9001601658187302
cardiotocography,rnd,0.005,4,0.6667231957791595,0.9169869983041267,0.8974750329753155
cardiotocography,rnd,0.005,5,0.6667231957791595,0.917712455247786,0.9094780478613153
cardiotocography,rnd,0.005,6,0.6667231957791595,0.9220934614659884,0.9131241756171095
cardiotocography,rnd,0.005,7,0.6667231957791595,0.9225739589221782,0.9120218579234972
cardiotocography,rnd,0.005,8,0.6667231957791595,0.9250800829093653,0.9168362540041454
cardiotocography,best,0.05,1,0.618871302053891,0.5644243452044471,0.5700018843037498
cardiotocography,best,0.05,2,0.618871302053891,0.630488034671189,0.6109101187111362
cardiotocography,best,0.05,3,0.618871302053891,0.6892123610325985,0.6820991143772377
cardiotocography,best,0.05,4,0.618871302053891,0.74415865837573,0.7446485773506689
cardiotocography,best,0.05,5,0.618871302053891,0.7973619747503298,0.8034859619370642
cardiotocography,best,0.05,6,0.618871302053891,0.8200678349349916,0.8228471829658941
cardiotocography,best,0.05,7,0.618871302053891,0.8291784435651028,0.8352364801205955
cardiotocography,best,0.05,8,0.618871302053891,0.8390898812888639,0.8454682494818163
cardiotocography,best,0.05,9,0.618871302053891,0.8484642924439421,0.8603071415112116
cardiotocography,best,0.05,10,0.618871302053891,0.8627190503109101,0.864056905973243
cardiotocography,best,0.01,1,0.6725833804409271,0.7257584322592802,0.6482758620689655
cardiotocography,best,0.01,2,0.6725833804409271,0.8286414169964196,0.7515733936310532
cardiotocography,best,0.01,3,0.6725833804409271,0.857593744111551,0.8384963256076878
cardiotocography,best,0.01,4,0.6725833804409271,0.8847277181081591,0.8793009233088375
cardiotocography,best,0.01,5,0.6725833804409271,0.8998304126625213,0.9052006783493498
cardiotocography,best,0.01,6,0.6725833804409271,0.907207461842849,0.9095345769738081
cardiotocography,best,0.01,7,0.6725833804409271,0.9142547578669682,0.9113623516110797
cardiotocography,best,0.01,8,0.6725833804409271,0.9191727906538535,0.9149142641793857
cardiotocography,best,0.01,9,0.6725833804409271,0.921895609572263,0.9175805539853024
cardiotocography,best,0.01,10,0.6725833804409271,0.9224043715846996,0.9207556058036556
cardiotocography,best,0.005,1,0.6667231957791595,0.8114848313548144,0.7157245147917844
cardiotocography,best,0.005,2,0.6667231957791595,0.8525343885434331,0.8549462973431317
cardiotocography,best,0.005,3,0.6667231957791595,0.9007631430186546,0.9015074429998116
cardiotocography,best,0.005,4,0.6667231957791595,0.9113340870548331,0.9071132466553609
cardiotocography,best,0.005,5,0.6667231957791595,0.9235726399095533,0.9099773883550029
cardiotocography,best,0.005,6,0.6667231957791595,0.9280572828339928,0.9125400414546825
cardiotocography,best,0.005,7,0.6667231957791595,0.9264933107216884,0.9173073299415867
cardiotocography,best,0.005,8,0.6667231957791595,0.9278029018277746,0.9169869983041267
ecoli,rnd,0.05,1,0.8278963414634146,0.7467987804878049,0.7445121951219512
ecoli,rnd,0.05,2,0.8278963414634146,0.8208841463414634,0.8234756097560976
ecoli,rnd,0.05,3,0.8278963414634146,0.8911585365853659,0.894512195121951
ecoli,rnd,0.05,4,0.8278963414634146,0.9222560975609756,0.9301829268292682
ecoli,rnd,0.05,5,0.8278963414634146,0.9286585365853659,0.9352134146341463
ecoli,rnd,0.05,6,0.8278963414634146,0.9460365853658539,0.9408536585365855
ecoli,rnd,0.05,7,0.8278963414634146,0.9480182926829267,0.9434451219512197
ecoli,rnd,0.05,8,0.8278963414634146,0.9513719512195123,0.9489329268292682
ecoli,rnd,0.05,9,0.8278963414634146,0.9589939024390244,0.9567073170731707
ecoli,rnd,0.01,1,0.8606707317073171,0.7650914634146342,0.7545731707317073
ecoli,rnd,0.01,2,0.8606707317073171,0.8638719512195122,0.8682926829268294
ecoli,rnd,0.005,1,0.8571646341463415,0.7838414634146341,0.7902439024390244
ecoli,best,0.05,1,0.8278963414634146,0.7861280487804878,0.7763719512195123
ecoli,best,0.05,2,0.8278963414634146,0.7894817073170731,0.7858231707317074
ecoli,best,0.05,3,0.8278963414634146,0.818140243902439,0.8140243902439025
ecoli,best,0.05,4,0.8278963414634146,0.8144817073170731,0.8198170731707318
ecoli,best,0.05,5,0.8278963414634146,0.8353658536585366,0.8551829268292683
ecoli,best,0.05,6,0.8278963414634146,0.907469512195122,0.9109756097560975
ecoli,best,0.05,7,0.8278963414634146,0.9309451219512195,0.9428353658536585
ecoli,best,0.05,8,0.8278963414634146,0.9510670731707318,0.9509146341463415
ecoli,best,0.05,9,0.8278963414634146,0.9557926829268293,0.9545731707317072
ecoli,best,0.01,1,0.8606707317073171,0.7945121951219514,0.7928353658536585
ecoli,best,0.01,2,0.8606707317073171,0.8707317073170733,0.871951219512195
ecoli,best,0.005,1,0.8571646341463415,0.7878048780487805,0.7882621951219513
glass,rnd,0.05,1,0.7669565217391305,0.7823188405797101,0.7936231884057972
glass,rnd,0.05,2,0.7669565217391305,0.8376811594202899,0.8484057971014491
glass,rnd,0.05,3,0.7669565217391305,0.8504347826086956,0.8594202898550725
glass,rnd,0.05,4,0.7669565217391305,0.8576811594202898,0.8689855072463768
glass,rnd,0.05,5,0.7669565217391305,0.8573913043478262,0.8721739130434785
glass,rnd,0.01,1,0.8408695652173913,0.7634782608695652,0.7756521739130434
glass,rnd,0.005,1,0.8344927536231885,0.7823188405797102,0.8069565217391304
glass,best,0.05,1,0.7669565217391305,0.813913043478261,0.8055072463768116
glass,best,0.05,2,0.7669565217391305,0.8310144927536232,0.8295652173913043
glass,best,0.05,3,0.7669565217391305,0.8417391304347828,0.8489855072463769
glass,best,0.05,4,0.7669565217391305,0.8602898550724637,0.8611594202898549
glass,best,0.05,5,0.7669565217391305,0.8692753623188405,0.8733333333333333
glass,best,0.01,1,0.8408695652173913,0.7756521739130434,0.7698550724637682
glass,best,0.005,1,0.8344927536231885,0.7811594202898551,0.8228985507246378
haberman,rnd,0.05,1,0.9044444444444444,0.968888888888889,0.9844444444444445
haberman,rnd,0.05,2,0.9044444444444444,0.9733333333333334,0.968888888888889
haberman,rnd,0.05,3,0.9044444444444444,0.9755555555555556,0.9800000000000001
haberman,rnd,0.01,1,0.9088888888888891,0.9711111111111113,0.9800000000000001
haberman,rnd,0.01,2,0.9088888888888891,0.968888888888889,0.9822222222222223
haberman,rnd,0.005,1,0.9111111111111111,0.9733333333333334,0.9777777777777779
haberman,best,0.05,1,0.9044444444444444,0.957777777777778,0.9622222222222223
haberman,best,0.05,2,0.9044444444444444,0.9777777777777779,0.9822222222222223
haberman,best,0.05,3,0.9044444444444444,0.9866666666666667,0.9800000000000001
haberman,best,0.01,1,0.9088888888888891,0.9600000000000002,0.9800000000000001
haberman,best,0.01,2,0.9088888888888891,0.9755555555555556,0.9844444444444445
haberman,best,0.005,1,0.9111111111111111,0.9844444444444445,0.9844444444444445
ionosphere,rnd,0.05,1,0.8907936507936508,0.9152380952380952,0.9682539682539684
ionosphere,rnd,0.05,2,0.8907936507936508,0.940952380952381,0.9784126984126985
ionosphere,rnd,0.05,3,0.8907936507936508,0.9555555555555555,0.9828571428571429
ionosphere,rnd,0.05,4,0.8907936507936508,0.9669841269841271,0.9841269841269842
ionosphere,rnd,0.05,5,0.8907936507936508,0.9685714285714286,0.9857142857142858
ionosphere,rnd,0.05,6,0.8907936507936508,0.968888888888889,0.9863492063492064
ionosphere,rnd,0.05,7,0.8907936507936508,0.9679365079365079,0.9866666666666667
ionosphere,rnd,0.05,8,0.8907936507936508,0.9730158730158731,0.9876190476190476
ionosphere,rnd,0.05,9,0.8907936507936508,0.975873015873016,0.9888888888888889
ionosphere,rnd,0.05,10,0.8907936507936508,0.9679365079365081,0.9892063492063492
ionosphere,rnd,0.01,1,0.9095238095238096,0.9415873015873016,0.9774603174603176
ionosphere,rnd,0.01,2,0.9095238095238096,0.9469841269841272,0.9828571428571429
ionosphere,rnd,0.005,1,0.9371428571428572,0.946031746031746,0.974920634920635
ionosphere,best,0.05,1,0.8907936507936508,0.9104761904761904,0.9580952380952381
ionosphere,best,0.05,2,0.8907936507936508,0.9453968253968256,0.9777777777777779
ionosphere,best,0.05,3,0.8907936507936508,0.9542857142857144,0.9834920634920635
ionosphere,best,0.05,4,0.8907936507936508,0.9571428571428571,0.9866666666666667
ionosphere,best,0.05,5,0.8907936507936508,0.9673015873015874,0.9885714285714287
ionosphere,best,0.05,6,0.8907936507936508,0.9765079365079365,0.9885714285714287
ionosphere,best,0.05,7,0.8907936507936508,0.9771428571428572,0.9904761904761905
ionosphere,best,0.05,8,0.8907936507936508,0.9730158730158731,0.9892063492063492
ionosphere,best,0.05,9,0.8907936507936508,0.975873015873016,0.9888888888888889
ionosphere,best,0.05,10,0.8907936507936508,0.9780952380952381,0.9892063492063492
ionosphere,best,0.01,1,0.9095238095238096,0.9342857142857144,0.9768253968253969
ionosphere,best,0.01,2,0.9095238095238096,0.966031746031746,0.9841269841269842
ionosphere,best,0.005,1,0.9371428571428572,0.9330158730158729,0.9787301587301588
iris,rnd,0.05,1,0.8877777777777778,0.8766666666666667,0.9155555555555555
iris,rnd,0.05,2,0.8877777777777778,0.9111111111111111,0.943888888888889
iris,rnd,0.05,3,0.8877777777777778,0.9444444444444444,0.9616666666666666
iris,rnd,0.05,4,0.8877777777777778,0.9533333333333334,0.9672222222222222
iris,rnd,0.05,5,0.8877777777777778,0.9600000000000002,0.9738888888888889
iris,rnd,0.01,1,0.9394444444444445,0.8538888888888888,0.89
iris,rnd,0.005,1,0.9466666666666667,0.8883333333333333,0.9244444444444445
iris,best,0.05,1,0.8877777777777778,0.8983333333333334,0.9383333333333335
iris,best,0.05,2,0.8877777777777778,0.9083333333333332,0.9377777777777778
iris,best,0.05,3,0.8877777777777778,0.9227777777777778,0.9505555555555555
iris,best,0.05,4,0.8877777777777778,0.9438888888888888,0.9700000000000001
iris,best,0.05,5,0.8877777777777778,0.9555555555555555,0.9788888888888888
iris,best,0.01,1,0.9394444444444445,0.8655555555555555,0.9099999999999999
iris,best,0.005,1,0.9466666666666667,0.8988888888888888,0.9349999999999999
magic-telescope,rnd,0.05,1,0.9240777780664005,0.6980469618123202,0.6849706903568243
magic-telescope,rnd,0.05,2,0.9240777780664005,0.7456475684974009,0.7166095915121814
magic-telescope,rnd,0.05,3,0.9240777780664005,0.7850176637140556,0.7411996750107512
magic-telescope,rnd,0.05,4,0.9240777780664005,0.7913864861042562,0.7490645735742756
magic-telescope,rnd,0.05,5,0.9240777780664005,0.8065887529475602,0.7550247061098556
magic-telescope,rnd,0.05,6,0.9240777780664005,0.8361738865654754,0.7635728469462266
magic-telescope,rnd,0.05,7,0.9240777780664005,0.8378830385051652,0.7731680390679794
magic-telescope,rnd,0.05,8,0.9240777780664005,0.845819010427941,0.7797638632736172
magic-telescope,rnd,0.05,9,0.9240777780664005,0.8376806417816105,0.7701267486932604
magic-telescope,rnd,0.05,10,0.9240777780664005,0.8416686148704228,0.7809244154667174
magic-telescope,rnd,0.01,1,0.9425382353026066,0.7152257174440722,0.6755012656108845
magic-telescope,rnd,0.01,2,0.9425382353026066,0.789219217659096,0.7309521954091662
magic-telescope,rnd,0.01,3,0.9425382353026066,0.7969924063346927,0.7459928334964051
magic-telescope,rnd,0.01,4,0.9425382353026066,0.8159819812799265,0.7611790096197972
magic-telescope,rnd,0.01,5,0.9425382353026066,0.8213963281410095,0.7637862834910657
magic-telescope,rnd,0.01,6,0.9425382353026066,0.8461944365073182,0.7879526687505232
magic-telescope,rnd,0.01,7,0.9425382353026066,0.84233858049545,0.7923015646240832
magic-telescope,rnd,0.01,8,0.9425382353026066,0.8499347712520166,0.8032046508674557
magic-telescope,rnd,0.01,9,0.9425382353026066,0.8539572347628818,0.8028681888632014
magic-telescope,rnd,0.01,10,0.9425382353026066,0.85873964205003,0.8097332259656597
magic-telescope,rnd,0.005,1,0.943857818646763,0.7133487313585762,0.6764892935380246
magic-telescope,rnd,0.005,2,0.943857818646763,0.7782854652454881,0.7371564306598204
magic-telescope,rnd,0.005,3,0.943857818646763,0.8110549018249618,0.7588143953497097
magic-telescope,rnd,0.005,4,0.943857818646763,0.8380135681568263,0.7874317767906879
magic-telescope,rnd,0.005,5,0.943857818646763,0.8531765101465336,0.805238070499
magic-telescope,rnd,0.005,6,0.943857818646763,0.8535060452040997,0.8093195573681067
magic-telescope,rnd,0.005,7,0.943857818646763,0.8667628502076641,0.8237328738458697
magic-telescope,rnd,0.005,8,0.943857818646763,0.8675305867989712,0.8273685106775996
magic-telescope,rnd,0.005,9,0.943857818646763,0.8733829908824065,0.8355128682465878
magic-telescope,rnd,0.005,10,0.943857818646763,0.8821040889189057,0.8461274760226626
magic-telescope,best,0.05,1,0.9240777780664005,0.7508626934854953,0.7505416006442062
magic-telescope,best,0.05,2,0.9240777780664005,0.7583801623791754,0.7461901793213325
magic-telescope,best,0.05,3,0.9240777780664005,0.7661819247098618,0.7528735283846072
magic-telescope,best,0.05,4,0.9240777780664005,0.7635841032345956,0.7397857841736585
magic-telescope,best,0.05,5,0.9240777780664005,0.763096475050004,0.7401957728307833
magic-telescope,best,0.05,6,0.9240777780664005,0.7651922372017445,0.7375775312939247
magic-telescope,best,0.05,7,0.9240777780664005,0.7592540399973446,0.7439099150583163
magic-telescope,best,0.05,8,0.9240777780664005,0.7560176406242334,0.7464849353340665
magic-telescope,best,0.05,9,0.9240777780664005,0.7544668704343486,0.7496300577534181
magic-telescope,best,0.05,10,0.9240777780664005,0.7543096431756589,0.7493546394668559
magic-telescope,best,0.01,1,0.9425382353026066,0.7789039838602142,0.7702521552905999
magic-telescope,best,0.01,2,0.9425382353026066,0.7803734345822042,0.7700273903016974
magic-telescope,best,0.01,3,0.9425382353026066,0.7842483396974655,0.7763633818508225
magic-telescope,best,0.01,4,0.9425382353026066,0.7824987084130652,0.7726990270526131
magic-telescope,best,0.01,5,0.9425382353026066,0.7801995393580452,0.7795265431938421
magic-telescope,best,0.01,6,0.9425382353026066,0.7789671922487467,0.778813861397569
magic-telescope,best,0.01,7,0.9425382353026066,0.7803549627243682,0.7784426203484831
magic-telescope,best,0.01,8,0.9425382353026066,0.7811215448245606,0.7759896875081175
magic-telescope,best,0.01,9,0.9425382353026066,0.7833914186675442,0.778942298534085
magic-telescope,best,0.01,10,0.9425382353026066,0.7937405656429217,0.7904271761435956
magic-telescope,best,0.005,1,0.943857818646763,0.7885368412545855,0.7774216172688783
magic-telescope,best,0.005,2,0.943857818646763,0.7907904800662677,0.775677469817273
magic-telescope,best,0.005,3,0.943857818646763,0.7886056056316078,0.7806972693398908
magic-telescope,best,0.005,4,0.943857818646763,0.7857902347369058,0.7796397554787818
magic-telescope,best,0.005,5,0.943857818646763,0.7890671856104227,0.7829820794116713
magic-telescope,best,0.005,6,0.943857818646763,0.7907535363505959,0.7890201400974968
magic-telescope,best,0.005,7,0.943857818646763,0.79379258989878,0.779627849789161
magic-telescope,best,0.005,8,0.943857818646763,0.7950693127603016,0.7806961148487761
magic-telescope,best,0.005,9,0.943857818646763,0.7912852516646318,0.778075564329688
magic-telescope,best,0.005,10,0.943857818646763,0.7935396841889556,0.7910954821876451
musk-2,rnd,0.05,1,0.4843923101987618,0.8115272964246572,0.8520972185195059
musk-2,rnd,0.05,2,0.4843923101987618,0.8269705856216121,0.8569196362451494
musk-2,rnd,0.05,3,0.4843923101987618,0.8205278592375367,0.8302378624959271
musk-2,rnd,0.05,4,0.4843923101987618,0.8328860452027607,0.847405136408069
musk-2,rnd,0.05,5,0.4843923101987618,0.8387156017654552,0.8490595100565775
musk-2,rnd,0.05,6,0.4843923101987618,0.8541811072602862,0.8646627565982404
musk-2,rnd,0.05,7,0.4843923101987618,0.8562990609911431,0.8661423620367902
musk-2,rnd,0.05,8,0.4843923101987618,0.8608000829408453,0.8678944873959538
musk-2,rnd,0.05,9,0.4843923101987618,0.861705026807666,0.8731923338961461
musk-2,rnd,0.05,10,0.4843923101987618,0.8668399537901003,0.8803089546491305
musk-2,rnd,0.01,1,0.6402633371841583,0.787960247637667,0.8365324802274949
musk-2,rnd,0.01,2,0.6402633371841583,0.7955700702035012,0.831840398116058
musk-2,rnd,0.01,3,0.6402633371841583,0.8093752777037235,0.8306036908676205
musk-2,rnd,0.01,4,0.6402633371841583,0.8085029177404545,0.8387170828519801
musk-2,rnd,0.01,5,0.6402633371841583,0.8218504695044284,0.8492239106608608
musk-2,rnd,0.01,6,0.6402633371841583,0.8274815604727628,0.8550549483100804
musk-2,rnd,0.01,7,0.6402633371841583,0.8333792470156107,0.8597366628158417
musk-2,rnd,0.01,8,0.6402633371841583,0.843209218282532,0.8630957670547114
musk-2,rnd,0.01,9,0.6402633371841583,0.8511256257590569,0.8660327616339348
musk-2,rnd,0.01,10,0.6402633371841583,0.8529207026274476,0.8764433188186853
musk-2,rnd,0.005,1,0.6497156313871856,0.8060709736662816,0.8523801060457952
musk-2,rnd,0.005,2,0.6497156313871856,0.7841627417873752,0.8491691104594331
musk-2,rnd,0.005,3,0.6497156313871856,0.8157291388962943,0.8493172191119405
musk-2,rnd,0.005,4,0.6497156313871856,0.834473769957641,0.8548357475043693
musk-2,rnd,0.005,5,0.6497156313871856,0.8361148138274238,0.8576083414793093
musk-2,rnd,0.005,6,0.6497156313871856,0.8391732575017035,0.8589946384667793
musk-2,rnd,0.005,7,0.6497156313871856,0.8403670132409136,0.8608400722770225
musk-2,rnd,0.005,8,0.6497156313871856,0.855089013300157,0.8765440327023905
musk-2,rnd,0.005,9,0.6497156313871856,0.8567300571699399,0.870871471311354
musk-2,rnd,0.005,10,0.6497156313871856,0.8612192304274415,0.8714283598447821
musk-2,best,0.05,1,0.4843923101987618,0.5280902870345686,0.6713972570277555
musk-2,best,0.05,2,0.4843923101987618,0.5370775200687224,0.6719659942533843
musk-2,best,0.05,3,0.4843923101987618,0.5425323617405728,0.704930537041974
musk-2,best,0.05,4,0.4843923101987618,0.5382268432121805,0.708257057377292
musk-2,best,0.05,5,0.4843923101987618,0.5451627714091056,0.7020098344145265
musk-2,best,0.05,6,0.4843923101987618,0.5492609378239877,0.7215542521994134
musk-2,best,0.05,7,0.4843923101987618,0.5396546106223525,0.7535131372374775
musk-2,best,0.05,8,0.4843923101987618,0.5424286856838176,0.7432803104357355
musk-2,best,0.05,9,0.4843923101987618,0.5661497674694156,0.735940045617465
musk-2,best,0.05,10,0.4843923101987618,0.5594982078853047,0.7559969193400278
musk-2,best,0.01,1,0.6402633371841583,0.7917592345744838,0.8318981604905359
musk-2,best,0.01,2,0.6402633371841583,0.7990580289700524,0.8322314049586778
musk-2,best,0.01,3,0.6402633371841583,0.803862673657395,0.8335777126099707
musk-2,best,0.01,4,0.6402633371841583,0.8062783257797921,0.8351461832400249
musk-2,best,0.01,5,0.6402633371841583,0.8055363014307296,0.8344293373618885
musk-2,best,0.01,6,0.6402633371841583,0.8030258597707277,0.8348603335406855
musk-2,best,0.01,7,0.6402633371841583,0.8070677448976568,0.8365013774104684
musk-2,best,0.01,8,0.6402633371841583,0.8083459225687966,0.8387644776207825
musk-2,best,0.01,9,0.6402633371841583,0.8068900145146479,0.8438949613436417
musk-2,best,0.01,10,0.6402633371841583,0.8105942119138598,0.8490446991913269
musk-2,best,0.005,1,0.6497156313871856,0.7884889955271187,0.8417029532865309
musk-2,best,0.005,2,0.6497156313871856,0.7876773601113778,0.838277200154033
musk-2,best,0.005,3,0.6497156313871856,0.7925101454426967,0.839229538789656
musk-2,best,0.005,4,0.6497156313871856,0.7962024941497082,0.8435617168755
musk-2,best,0.005,5,0.6497156313871856,0.8006753754554342,0.8470511567285761
musk-2,best,0.005,6,0.6497156313871856,0.8009212358185966,0.8488699309813679
musk-2,best,0.005,7,0.6497156313871856,0.8037708462928406,0.8501688438638586
musk-2,best,0.005,8,0.6497156313871856,0.8070099825231789,0.8513226102668918
musk-2,best,0.005,9,0.6497156313871856,0.8098092360555704,0.8524615658046741
musk-2,best,0.005,10,0.6497156313871856,0.8133297787256734,0.8521298024230577
page-blocks,rnd,0.05,1,0.9400838056484038,0.8592807892909622,0.7612160700156632
page-blocks,rnd,0.05,2,0.9400838056484038,0.8978168547853187,0.8374243084822941
page-blocks,rnd,0.05,3,0.9400838056484038,0.9146684105992346,0.8637027886773561
page-blocks,rnd,0.05,4,0.9400838056484038,0.9356795685381647,0.8889801223982303
page-blocks,rnd,0.05,5,0.9400838056484038,0.9416202425358071,0.905163170727769
page-blocks,rnd,0.05,6,0.9400838056484038,0.9435095028177429,0.900302766070823
page-blocks,rnd,0.05,7,0.9400838056484038,0.9481486863989407,0.9107954270212664
page-blocks,rnd,0.05,8,0.9400838056484038,0.9543444912722634,0.9063710055063054
page-blocks,rnd,0.05,9,0.9400838056484038,0.954405851862617,0.9080471184743819
page-blocks,rnd,0.05,10,0.9400838056484038,0.9567230215246493,0.9133515800352014
page-blocks,rnd,0.01,1,0.9739758433044292,0.8468681877634066,0.7785811170856949
page-blocks,rnd,0.01,2,0.9739758433044292,0.9044131182483166,0.8300561933827446
page-blocks,rnd,0.01,3,0.9739758433044292,0.9183694230489754,0.8460583894459784
page-blocks,rnd,0.01,4,0.9739758433044292,0.9263543735568149,0.879651697912125
page-blocks,rnd,0.01,5,0.9739758433044292,0.9413521936411051,0.8957717708989327
page-blocks,rnd,0.01,6,0.9739758433044292,0.9446785835392143,0.9004141839848858
page-blocks,rnd,0.01,7,0.9739758433044292,0.9478338096852846,0.9108357958307092
page-blocks,rnd,0.01,8,0.9739758433044292,0.9544381469101714,0.9234962618482456
page-blocks,rnd,0.01,9,0.9739758433044292,0.9623778843514346,0.9311138561901533
page-blocks,rnd,0.01,10,0.9739758433044292,0.9617158358765684,0.933329296452389
page-blocks,rnd,0.005,1,0.9799980622971466,0.819677372474931,0.7679285956498572
page-blocks,rnd,0.005,2,0.9799980622971466,0.9006281386749342,0.8326737069870335
page-blocks,rnd,0.005,3,0.9799980622971466,0.9171696620323274,0.8695239709990471
page-blocks,rnd,0.005,4,0.9799980622971466,0.9409388170324082,0.9063354809539959
page-blocks,rnd,0.005,5,0.9799980622971466,0.9399796541200406,0.9113977296581568
page-blocks,rnd,0.005,6,0.9799980622971466,0.9344426682168289,0.9123899949942678
page-blocks,rnd,0.005,7,0.9799980622971466,0.9442926577209384,0.9227397503592825
page-blocks,rnd,0.005,8,0.9799980622971466,0.9520014855721873,0.933684541975488
page-blocks,rnd,0.005,9,0.9799980622971466,0.9562095302685334,0.9388291430509131
page-blocks,rnd,0.005,10,0.9799980622971466,0.9616690080576143,0.947902436661338
page-blocks,best,0.05,1,0.9400838056484038,0.855377932794006,0.7706252321206543
page-blocks,best,0.05,2,0.9400838056484038,0.8736310936717853,0.7998845452049927
page-blocks,best,0.05,3,0.9400838056484038,0.8697815240032941,0.8017576579631512
page-blocks,best,0.05,4,0.9400838056484038,0.8727284470926383,0.7994792423581843
page-blocks,best,0.05,5,0.9400838056484038,0.8795540053932729,0.8106727058405594
page-blocks,best,0.05,6,0.9400838056484038,0.880765069676565,0.8121033764472217
page-blocks,best,0.05,7,0.9400838056484038,0.8785011868429976,0.803215779360235
page-blocks,best,0.05,8,0.9400838056484038,0.8796331282597812,0.8133095964733809
page-blocks,best,0.05,9,0.9400838056484038,0.8815256180464726,0.8050129987566408
page-blocks,best,0.05,10,0.9400838056484038,0.8875567181772676,0.810330378336482
page-blocks,best,0.01,1,0.9739758433044292,0.9375349190201682,0.9199825606743206
page-blocks,best,0.01,2,0.9739758433044292,0.9345831516736908,0.8908265917421563
page-blocks,best,0.01,3,0.9739758433044292,0.9294805341600867,0.8783631255147023
page-blocks,best,0.01,4,0.9739758433044292,0.9281564372103539,0.8985459154838604
page-blocks,best,0.01,5,0.9739758433044292,0.924880104635954,0.8961560819648307
page-blocks,best,0.01,6,0.9739758433044292,0.9204314618353276,0.8856149784430556
page-blocks,best,0.01,7,0.9739758433044292,0.9245555394080316,0.8862269695942127
page-blocks,best,0.01,8,0.9739758433044292,0.9233299423533401,0.8877609843530495
page-blocks,best,0.01,9,0.9739758433044292,0.9175265223078041,0.8848867251207027
page-blocks,best,0.01,10,0.9739758433044292,0.922666279126096,0.8802766070823038
page-blocks,best,0.005,1,0.9799980622971466,0.9411067512796913,0.8960172132603466
page-blocks,best,0.005,2,0.9799980622971466,0.9400458589675272,0.868198259296937
page-blocks,best,0.005,3,0.9799980622971466,0.9379935086954415,0.8648508776179172
page-blocks,best,0.005,4,0.9799980622971466,0.9307626475479985,0.904218540586801
page-blocks,best,0.005,5,0.9799980622971466,0.9227518610021154,0.8985249237029501
page-blocks,best,0.005,6,0.9799980622971466,0.9185890293723459,0.8915136688788774
page-blocks,best,0.005,7,0.9799980622971466,0.9220946567843822,0.8883778197613396
page-blocks,best,0.005,8,0.9799980622971466,0.9221770091556459,0.9070459720001937
page-blocks,best,0.005,9,0.9799980622971466,0.9239290154854751,0.9076999467131716
page-blocks,best,0.005,10,0.9799980622971466,0.9228309838686238,0.9076111353323967
parkinsons,rnd,0.05,1,0.803448275862069,0.8741379310344828,0.8580459770114943
parkinsons,rnd,0.05,2,0.803448275862069,0.910919540229885,0.9080459770114941
parkinsons,rnd,0.05,3,0.803448275862069,0.9252873563218392,0.9287356321839081
parkinsons,rnd,0.05,4,0.803448275862069,0.9304597701149426,0.9344827586206896
parkinsons,rnd,0.05,5,0.803448275862069,0.9425287356321839,0.9373563218390805
parkinsons,rnd,0.05,6,0.803448275862069,0.939080459770115,0.945977011494253
parkinsons,rnd,0.05,7,0.803448275862069,0.9471264367816092,0.9551724137931036
parkinsons,rnd,0.01,1,0.8545977011494253,0.9126436781609195,0.9034482758620689
parkinsons,rnd,0.01,2,0.8545977011494253,0.9114942528735634,0.9149425287356323
parkinsons,rnd,0.005,1,0.8752873563218391,0.8919540229885057,0.9063218390804597
parkinsons,best,0.05,1,0.803448275862069,0.9074712643678161,0.8764367816091955
parkinsons,best,0.05,2,0.803448275862069,0.939655172413793,0.9160919540229886
parkinsons,best,0.05,3,0.803448275862069,0.9448275862068967,0.9339080459770116
parkinsons,best,0.05,4,0.803448275862069,0.9454022988505748,0.9385057471264368
parkinsons,best,0.05,5,0.803448275862069,0.9402298850574713,0.9442528735632184
parkinsons,best,0.05,6,0.803448275862069,0.9419540229885058,0.9551724137931034
parkinsons,best,0.05,7,0.803448275862069,0.945977011494253,0.9626436781609196
parkinsons,best,0.01,1,0.8545977011494253,0.9264367816091953,0.9160919540229886
parkinsons,best,0.01,2,0.8545977011494253,0.9212643678160919,0.9212643678160919
parkinsons,best,0.005,1,0.8752873563218391,0.8770114942528735,0.8896551724137931
pendigits,rnd,0.05,1,0.9180297927859312,0.6522176379577102,0.6457583789008468
pendigits,rnd,0.05,2,0.9180297927859312,0.7081897714736551,0.7020983541048331
pendigits,rnd,0.05,3,0.9180297927859312,0.7503533261153937,0.754078278214004
pendigits,rnd,0.05,4,0.9180297927859312,0.7756451745113375,0.7728640761777252
pendigits,rnd,0.05,5,0.9180297927859312,0.7873195372776982,0.796299724374891
pendigits,rnd,0.05,6,0.9180297927859312,0.8123253435067573,0.8365108491097685
pendigits,rnd,0.05,7,0.9180297927859312,0.8282268971853451,0.8394225022114901
pendigits,rnd,0.05,8,0.9180297927859312,0.8426446177964337,0.8427255634603759
pendigits,rnd,0.05,9,0.9180297927859312,0.8473310985043836,0.8568265030448549
pendigits,rnd,0.05,10,0.9180297927859312,0.856613465669817,0.8656927002039012
pendigits,rnd,0.01,1,0.9573052607850705,0.6720710989825438,0.6915536444333632
pendigits,rnd,0.01,2,0.9573052607850705,0.7098092824525511,0.744772686132334
pendigits,rnd,0.01,3,0.9573052607850705,0.7660270706891311,0.7727579417259528
pendigits,rnd,0.01,4,0.9573052607850705,0.778231166471418,0.7828402023300056
pendigits,rnd,0.01,5,0.9573052607850705,0.8078903237485016,0.7996048348810918
pendigits,rnd,0.01,6,0.9573052607850705,0.809193224472231,0.8125348800672156
pendigits,rnd,0.01,7,0.9573052607850705,0.8260870456198832,0.8303829720378839
pendigits,rnd,0.01,8,0.9573052607850705,0.8392441314393644,0.8428462988705177
pendigits,rnd,0.01,9,0.9573052607850705,0.8438061197654283,0.8474092264395179
pendigits,rnd,0.01,10,0.9573052607850705,0.8545005106066144,0.8658136063854858
pendigits,rnd,0.005,1,0.9606849984118258,0.7164066102210123,0.7391008541987574
pendigits,rnd,0.005,2,0.9606849984118258,0.7254202685210167,0.7357032709562177
pendigits,rnd,0.005,3,0.9606849984118258,0.7811563959028515,0.788884401394861
pendigits,rnd,0.005,4,0.9606849984118258,0.8051274979592812,0.824154339814679
pendigits,rnd,0.005,5,0.9606849984118258,0.8256041893650374,0.8395895166826624
pendigits,rnd,0.005,6,0.9606849984118258,0.8411566862143044,0.854311295847863
pendigits,rnd,0.005,7,0.9606849984118258,0.8489553056979598,0.8577920447831031
pendigits,rnd,0.005,8,0.9606849984118258,0.8554149062977092,0.8636886119355577
pendigits,rnd,0.005,9,0.9606849984118258,0.8680060555553657,0.8796274791744226
pendigits,rnd,0.005,10,0.9606849984118258,0.8760055022558909,0.8882188196960952
pendigits,best,0.05,1,0.9180297927859312,0.6758959523752599,0.6761473279392327
pendigits,best,0.05,2,0.9180297927859312,0.6947447650014175,0.6802072482231232
pendigits,best,0.05,3,0.9180297927859312,0.6955993053017702,0.6795147700220978
pendigits,best,0.05,4,0.9180297927859312,0.7063432198614019,0.6901657849167832
pendigits,best,0.05,5,0.9180297927859312,0.6972801232286733,0.6787356253137926
pendigits,best,0.05,6,0.9180297927859312,0.6982793923268976,0.6799016527260245
pendigits,best,0.05,7,0.9180297927859312,0.694410479901909,0.688497433305213
pendigits,best,0.05,8,0.9180297927859312,0.6925086837278723,0.6953878048697184
pendigits,best,0.05,9,0.9180297927859312,0.6910371462042633,0.693878526857225
pendigits,best,0.05,10,0.9180297927859312,0.6934090761606482,0.6994373934813125
pendigits,best,0.01,1,0.9573052607850705,0.7032005129974145,0.7303750311657884
pendigits,best,0.01,2,0.9573052607850705,0.7186208327498642,0.7256574700552275
pendigits,best,0.01,3,0.9573052607850705,0.7265348083432096,0.7365093121667822
pendigits,best,0.01,4,0.9573052607850705,0.7273428134253678,0.732343940516891
pendigits,best,0.01,5,0.9573052607850705,0.7374807455198112,0.7371280171044677
pendigits,best,0.01,6,0.9573052607850705,0.7368007336341189,0.7401449508007474
pendigits,best,0.01,7,0.9573052607850705,0.7450931387449665,0.7485805477664802
pendigits,best,0.01,8,0.9573052607850705,0.7432149090300524,0.749531232389195
pendigits,best,0.01,9,0.9573052607850705,0.7502729781515016,0.7496288282688216
pendigits,best,0.01,10,0.9573052607850705,0.7511317877379273,0.7592757070791595
pendigits,best,0.005,1,0.9606849984118258,0.7262884705368029,0.74298522143933
pendigits,best,0.005,2,0.9606849984118258,0.7331346976833146,0.7438053512939352
pendigits,best,0.005,3,0.9606849984118258,0.725553555632213,0.7457154298829531
pendigits,best,0.005,4,0.9606849984118258,0.7339674646246956,0.7501678683283866
pendigits,best,0.005,5,0.9606849984118258,0.7396067645983969,0.7602860763211734
pendigits,best,0.005,6,0.9606849984118258,0.7421946350443493,0.7654923853013604
pendigits,best,0.005,7,0.9606849984118258,0.7562516009822774,0.7707554757863171
pendigits,best,0.005,8,0.9606849984118258,0.7608466335825458,0.7716043806290537
pendigits,best,0.005,9,0.9606849984118258,0.7701072273890072,0.7805404233082528
pendigits,best,0.005,10,0.9606849984118258,0.7749159804500853,0.7907943092124363
pima-indians,rnd,0.05,1,0.86385,0.8238000000000001,0.8058
pima-indians,rnd,0.05,2,0.86385,0.84845,0.8008
pima-indians,rnd,0.05,3,0.86385,0.8871499999999999,0.82735
pima-indians,rnd,0.05,4,0.86385,0.8813000000000001,0.8381000000000001
pima-indians,rnd,0.05,5,0.86385,0.9014000000000001,0.8692
pima-indians,rnd,0.05,6,0.86385,0.9046000000000001,0.8850999999999999
pima-indians,rnd,0.05,7,0.86385,0.9057999999999998,0.89125
pima-indians,rnd,0.05,8,0.86385,0.9073999999999998,0.8895500000000002
pima-indians,rnd,0.05,9,0.86385,0.9115500000000001,0.8939999999999999
pima-indians,rnd,0.05,10,0.86385,0.9156999999999998,0.8978999999999999
pima-indians,rnd,0.01,1,0.8727,0.7869499999999998,0.7741
pima-indians,rnd,0.01,2,0.8727,0.8497499999999999,0.8407
pima-indians,rnd,0.01,3,0.8727,0.8754,0.8603500000000002
pima-indians,rnd,0.01,4,0.8727,0.8849499999999999,0.86525
pima-indians,rnd,0.01,5,0.8727,0.899,0.8699000000000001
pima-indians,rnd,0.005,1,0.8726499999999999,0.8396000000000001,0.82385
pima-indians,rnd,0.005,2,0.8726499999999999,0.86615,0.82545
pima-indians,rnd,0.005,3,0.8726499999999999,0.88225,0.84185
pima-indians,best,0.05,1,0.86385,0.8057000000000001,0.7778
pima-indians,best,0.05,2,0.86385,0.8375499999999999,0.7879999999999999
pima-indians,best,0.05,3,0.86385,0.84335,0.8045499999999999
pima-indians,best,0.05,4,0.86385,0.8464500000000001,0.8138
pima-indians,best,0.05,5,0.86385,0.8539,0.82935
pima-indians,best,0.05,6,0.86385,0.85975,0.8319000000000001
pima-indians,best,0.05,7,0.86385,0.8633,0.8472000000000002
pima-indians,best,0.05,8,0.86385,0.8733999999999998,0.84615
pima-indians,best,0.05,9,0.86385,0.8794499999999997,0.8552
pima-indians,best,0.05,10,0.86385,0.8852499999999999,0.8607000000000001
pima-indians,best,0.01,1,0.8727,0.806,0.7801500000000001
pima-indians,best,0.01,2,0.8727,0.84375,0.8267000000000001
pima-indians,best,0.01,3,0.8727,0.8708,0.8413
pima-indians,best,0.01,4,0.8727,0.8880500000000001,0.8443499999999998
pima-indians,best,0.01,5,0.8727,0.893,0.8794000000000001
pima-indians,best,0.005,1,0.8726499999999999,0.8316000000000002,0.8221
pima-indians,best,0.005,2,0.8726499999999999,0.8540999999999999,0.8255000000000001
pima-indians,best,0.005,3,0.8726499999999999,0.88415,0.8421999999999998
sonar,rnd,0.05,1,0.49669421487603305,0.797107438016529,0.8053719008264464
sonar,rnd,0.05,2,0.49669421487603305,0.8475206611570248,0.849586776859504
sonar,rnd,0.05,3,0.49669421487603305,0.828512396694215,0.8545454545454545
sonar,rnd,0.05,4,0.49669421487603305,0.8561983471074381,0.8900826446280993
sonar,rnd,0.05,5,0.49669421487603305,0.8578512396694216,0.9152892561983471
sonar,rnd,0.01,1,0.5557851239669421,0.793801652892562,0.8148760330578512
sonar,rnd,0.005,1,0.5595041322314049,0.793801652892562,0.8140495867768595
sonar,best,0.05,1,0.49669421487603305,0.771900826446281,0.7739669421487603
sonar,best,0.05,2,0.49669421487603305,0.8074380165289256,0.8202479338842975
sonar,best,0.05,3,0.49669421487603305,0.8413223140495868,0.8549586776859505
sonar,best,0.05,4,0.49669421487603305,0.853305785123967,0.8747933884297519
sonar,best,0.05,5,0.49669421487603305,0.8545454545454545,0.9264462809917354
sonar,best,0.01,1,0.5557851239669421,0.8033057851239669,0.8016528925619835
sonar,best,0.005,1,0.5595041322314049,0.7818181818181817,0.812809917355372
spect-heart,rnd,0.05,1,0.49523809523809526,0.9071428571428571,0.9571428571428573
spect-heart,rnd,0.05,2,0.49523809523809526,0.9214285714285715,0.9261904761904762
spect-heart,rnd,0.05,3,0.49523809523809526,0.9333333333333333,0.9285714285714285
spect-heart,rnd,0.05,4,0.49523809523809526,0.9380952380952381,0.9238095238095237
spect-heart,rnd,0.05,5,0.49523809523809526,0.9428571428571428,0.9261904761904762
spect-heart,rnd,0.05,6,0.49523809523809526,0.9571428571428571,0.9238095238095237
spect-heart,rnd,0.01,1,0.4928571428571429,0.9190476190476191,0.9333333333333333
spect-heart,rnd,0.01,2,0.4928571428571429,0.9285714285714285,0.9571428571428571
spect-heart,rnd,0.005,1,0.5166666666666666,0.9095238095238095,0.9119047619047619
spect-heart,best,0.05,1,0.49523809523809526,0.85,0.8547619047619047
spect-heart,best,0.05,2,0.49523809523809526,0.9214285714285715,0.9071428571428573
spect-heart,best,0.05,3,0.49523809523809526,0.9357142857142857,0.9238095238095237
spect-heart,best,0.05,4,0.49523809523809526,0.9333333333333333,0.9380952380952381
spect-heart,best,0.05,5,0.49523809523809526,0.9452380952380952,0.9357142857142857
spect-heart,best,0.05,6,0.49523809523809526,0.9619047619047618,0.9476190476190476
spect-heart,best,0.01,1,0.4928571428571429,0.8761904761904763,0.8785714285714284
spect-heart,best,0.01,2,0.4928571428571429,0.9214285714285714,0.9309523809523809
spect-heart,best,0.005,1,0.5166666666666666,0.9238095238095237,0.9285714285714286
statlog-satimage,rnd,0.05,1,0.7859689935315803,0.9622651610481932,0.9689835971477141
statlog-satimage,rnd,0.05,2,0.7859689935315803,0.973898933704219,0.9810859438814932
statlog-satimage,rnd,0.05,3,0.7859689935315803,0.9758684349956951,0.9778026138596374
statlog-satimage,rnd,0.05,4,0.7859689935315803,0.9757351480230477,0.981434476896925
statlog-satimage,rnd,0.05,5,0.7859689935315803,0.9779014062741462,0.9808480694085701
statlog-satimage,rnd,0.05,6,0.7859689935315803,0.9781075457535818,0.9797094730335342
statlog-satimage,rnd,0.05,7,0.7859689935315803,0.9788385544296533,0.9798286862264609
statlog-satimage,rnd,0.05,8,0.7859689935315803,0.9806369627127625,0.9839906616332208
statlog-satimage,rnd,0.05,9,0.7859689935315803,0.9815672119566419,0.9854766871978278
statlog-satimage,rnd,0.05,10,0.7859689935315803,0.9820468242929994,0.9847100801377575
statlog-satimage,rnd,0.01,1,0.8825225732388458,0.9548267545312052,0.9558610393624303
statlog-satimage,rnd,0.01,2,0.8825225732388458,0.968624301830143,0.9802812548292381
statlog-satimage,rnd,0.01,3,0.8825225732388458,0.969958827295406,0.9771248647813321
statlog-satimage,rnd,0.01,4,0.8825225732388458,0.9736141466322275,0.9793203744177319
statlog-satimage,rnd,0.01,5,0.8825225732388458,0.9727904165838798,0.9800913967812436
statlog-satimage,rnd,0.01,6,0.8825225732388458,0.9756879594675144,0.9812901516656733
statlog-satimage,rnd,0.01,7,0.8825225732388458,0.9764912687374439,0.9819118815815617
statlog-satimage,rnd,0.01,8,0.8825225732388458,0.9765842660661853,0.9832315053977085
statlog-satimage,rnd,0.01,9,0.8825225732388458,0.976481058348235,0.9815484469170144
statlog-satimage,rnd,0.01,10,0.8825225732388458,0.9768251760602247,0.9839511998587103
statlog-satimage,rnd,0.005,1,0.9077151908514912,0.9686013974435393,0.9761510144159657
statlog-satimage,rnd,0.005,2,0.9077151908514912,0.969537993686116,0.9780694637613969
statlog-satimage,rnd,0.005,3,0.9077151908514912,0.9734494006225578,0.9810210941121928
statlog-satimage,rnd,0.005,4,0.9077151908514912,0.9741017617060732,0.9804465527518378
statlog-satimage,rnd,0.005,5,0.9077151908514912,0.975878093471974,0.9844051482438131
statlog-satimage,rnd,0.005,6,0.9077151908514912,0.9765105856900014,0.9832626884782657
statlog-satimage,rnd,0.005,7,0.9077151908514912,0.9759666754972736,0.9843463695167449
statlog-satimage,rnd,0.005,8,0.9077151908514912,0.9771709495110052,0.9853577499613662
statlog-satimage,rnd,0.005,9,0.9077151908514912,0.9780451795924675,0.9864196304391021
statlog-satimage,rnd,0.005,10,0.9077151908514912,0.9772653266220722,0.986733668896395
statlog-satimage,best,0.05,1,0.7859689935315803,0.9414936419630437,0.9434832880764729
statlog-satimage,best,0.05,2,0.7859689935315803,0.9515012031701879,0.9503013444598979
statlog-satimage,best,0.05,3,0.7859689935315803,0.9610622668167872,0.9672663200653465
statlog-satimage,best,0.05,4,0.7859689935315803,0.9619191116409475,0.9670030575976334
statlog-satimage,best,0.05,5,0.7859689935315803,0.9626112104554387,0.9656401086164648
statlog-satimage,best,0.05,6,0.7859689935315803,0.9642655694637614,0.9706473386758507
statlog-satimage,best,0.05,7,0.7859689935315803,0.9656287944013953,0.9704249177649734
statlog-satimage,best,0.05,8,0.7859689935315803,0.9656138927522795,0.9729849658917809
statlog-satimage,best,0.05,9,0.7859689935315803,0.9676788749806831,0.9729308784246198
statlog-satimage,best,0.05,10,0.7859689935315803,0.9667022650506656,0.9707066693158486
statlog-satimage,best,0.01,1,0.8825225732388458,0.9500562951188822,0.9597144954411995
statlog-satimage,best,0.01,2,0.8825225732388458,0.9640873015873016,0.9737435702143632
statlog-satimage,best,0.01,3,0.8825225732388458,0.9674175442082257,0.9780258626399101
statlog-satimage,best,0.01,4,0.8825225732388458,0.9695584144645342,0.9802646974413316
statlog-satimage,best,0.01,5,0.8825225732388458,0.969916054043314,0.9799498311146433
statlog-satimage,best,0.01,6,0.8825225732388458,0.9711043225820696,0.9814041216857629
statlog-satimage,best,0.01,7,0.8825225732388458,0.9713951806962935,0.9824243327372674
statlog-satimage,best,0.01,8,0.8825225732388458,0.9735429498642294,0.9829812128838554
statlog-satimage,best,0.01,9,0.8825225732388458,0.974295207188114,0.9831172594211537
statlog-satimage,best,0.01,10,0.8825225732388458,0.9748678168532134,0.9838648254851314
statlog-satimage,best,0.005,1,0.9077151908514912,0.9547665960218115,0.9676874296311014
statlog-satimage,best,0.005,2,0.9077151908514912,0.9604292226858291,0.9724730666490056
statlog-satimage,best,0.005,3,0.9077151908514912,0.9661978166324481,0.9742535377618828
statlog-satimage,best,0.005,4,0.9077151908514912,0.96638160363821,0.9777534936088484
statlog-satimage,best,0.005,5,0.9077151908514912,0.9674512108969691,0.9794834646886106
statlog-satimage,best,0.005,6,0.9077151908514912,0.9692140207960792,0.9799564540698059
statlog-satimage,best,0.005,7,0.9077151908514912,0.9705626200410624,0.9808298562818731
statlog-satimage,best,0.005,8,0.9077151908514912,0.972272722255337,0.9817079497538469
statlog-satimage,best,0.005,9,0.9077151908514912,0.9737391549109212,0.9821456167075082
statlog-satimage,best,0.005,10,0.9077151908514912,0.976042011612248,0.9836724838289511
statlog-vehicle,rnd,0.05,1,0.6548500881834214,0.8895943562610229,0.9049382716049383
statlog-vehicle,rnd,0.05,2,0.6548500881834214,0.8982363315696649,0.880952380952381
statlog-vehicle,rnd,0.05,3,0.6548500881834214,0.8940035273368607,0.8878306878306879
statlog-vehicle,rnd,0.05,4,0.6548500881834214,0.8955026455026456,0.8900352733686064
statlog-vehicle,rnd,0.05,5,0.6548500881834214,0.901410934744268,0.8992945326278662
statlog-vehicle,rnd,0.05,6,0.6548500881834214,0.8995590828924163,0.9033509700176365
statlog-vehicle,rnd,0.05,7,0.6548500881834214,0.9154320987654321,0.9119047619047617
statlog-vehicle,rnd,0.05,8,0.6548500881834214,0.9149029982363315,0.917989417989418
statlog-vehicle,rnd,0.05,9,0.6548500881834214,0.9141975308641974,0.9158730158730162
statlog-vehicle,rnd,0.05,10,0.6548500881834214,0.9162257495590829,0.9200176366843034
statlog-vehicle,rnd,0.01,1,0.72336860670194,0.8451499118165785,0.8318342151675486
statlog-vehicle,rnd,0.01,2,0.72336860670194,0.8865961199294533,0.8908289241622576
statlog-vehicle,rnd,0.01,3,0.72336860670194,0.8957671957671958,0.894973544973545
statlog-vehicle,rnd,0.01,4,0.72336860670194,0.9092592592592592,0.9006172839506175
statlog-vehicle,rnd,0.01,5,0.72336860670194,0.9149911816578482,0.9106701940035273
statlog-vehicle,rnd,0.01,6,0.72336860670194,0.9092592592592592,0.9078483245149911
statlog-vehicle,rnd,0.005,1,0.7494708994708995,0.878042328042328,0.9012345679012345
statlog-vehicle,rnd,0.005,2,0.7494708994708995,0.8894179894179896,0.8923280423280422
statlog-vehicle,rnd,0.005,3,0.7494708994708995,0.8905643738977072,0.902821869488536
statlog-vehicle,best,0.05,1,0.6548500881834214,0.8634038800705468,0.9006172839506172
statlog-vehicle,best,0.05,2,0.6548500881834214,0.8708994708994708,0.9009700176366842
statlog-vehicle,best,0.05,3,0.6548500881834214,0.872310405643739,0.901763668430335
statlog-vehicle,best,0.05,4,0.6548500881834214,0.8897707231040565,0.902821869488536
statlog-vehicle,best,0.05,5,0.6548500881834214,0.8900352733686068,0.9031746031746032
statlog-vehicle,best,0.05,6,0.6548500881834214,0.8970899470899472,0.9049382716049383
statlog-vehicle,best,0.05,7,0.6548500881834214,0.9027336860670193,0.9019400352733686
statlog-vehicle,best,0.05,8,0.6548500881834214,0.8987654320987655,0.9033509700176368
statlog-vehicle,best,0.05,9,0.6548500881834214,0.903968253968254,0.9035273368606701
statlog-vehicle,best,0.05,10,0.6548500881834214,0.9045855379188712,0.9044973544973546
statlog-vehicle,best,0.01,1,0.72336860670194,0.8923280423280424,0.8970017636684304
statlog-vehicle,best,0.01,2,0.72336860670194,0.8982363315696651,0.9067019400352733
statlog-vehicle,best,0.01,3,0.72336860670194,0.8982363315696649,0.9080246913580247
statlog-vehicle,best,0.01,4,0.72336860670194,0.9031746031746032,0.9103174603174603
statlog-vehicle,best,0.01,5,0.72336860670194,0.9073192239858907,0.9133156966490299
statlog-vehicle,best,0.01,6,0.72336860670194,0.9148148148148147,0.9144620811287479
statlog-vehicle,best,0.005,1,0.7494708994708995,0.8535273368606703,0.87989417989418
statlog-vehicle,best,0.005,2,0.7494708994708995,0.8833333333333334,0.8982363315696649
statlog-vehicle,best,0.005,3,0.7494708994708995,0.9023809523809525,0.9049382716049383
synthetic-control-chart,rnd,0.05,1,0.9581089743589744,0.784871794871795,0.7991025641025641
synthetic-control-chart,rnd,0.05,2,0.9581089743589744,0.8562179487179487,0.8880128205128205
synthetic-control-chart,rnd,0.05,3,0.9581089743589744,0.896025641025641,0.9053846153846156
synthetic-control-chart,rnd,0.05,4,0.9581089743589744,0.9108974358974358,0.9244230769230768
synthetic-control-chart,rnd,0.05,5,0.9581089743589744,0.9156089743589743,0.9343910256410256
synthetic-control-chart,rnd,0.05,6,0.9581089743589744,0.9235576923076924,0.9411538461538461
synthetic-control-chart,rnd,0.05,7,0.9581089743589744,0.9319551282051283,0.9474358974358973
synthetic-control-chart,rnd,0.05,8,0.9581089743589744,0.9426282051282053,0.9561538461538464
synthetic-control-chart,rnd,0.05,9,0.9581089743589744,0.9488461538461539,0.9594230769230769
synthetic-control-chart,rnd,0.05,10,0.9581089743589744,0.9503205128205128,0.9608012820512819
synthetic-control-chart,rnd,0.01,1,0.9728205128205127,0.8293269230769231,0.8386217948717947
synthetic-control-chart,rnd,0.01,2,0.9728205128205127,0.8634935897435898,0.8946794871794872
synthetic-control-chart,rnd,0.01,3,0.9728205128205127,0.8879166666666667,0.905
synthetic-control-chart,rnd,0.01,4,0.9728205128205127,0.900705128205128,0.9339743589743591
synthetic-control-chart,rnd,0.005,1,0.9790064102564102,0.8299358974358976,0.8504166666666666
synthetic-control-chart,rnd,0.005,2,0.9790064102564102,0.8613782051282053,0.8837820512820512
synthetic-control-chart,best,0.05,1,0.9581089743589744,0.808974358974359,0.8009935897435898
synthetic-control-chart,best,0.05,2,0.9581089743589744,0.8127564102564102,0.8033974358974361
synthetic-control-chart,best,0.05,3,0.9581089743589744,0.8217628205128206,0.8209615384615386
synthetic-control-chart,best,0.05,4,0.9581089743589744,0.824871794871795,0.8177564102564101
synthetic-control-chart,best,0.05,5,0.9581089743589744,0.8245512820512821,0.8315705128205128
synthetic-control-chart,best,0.05,6,0.9581089743589744,0.8292948717948718,0.8336858974358974
synthetic-control-chart,best,0.05,7,0.9581089743589744,0.8531089743589743,0.8485897435897437
synthetic-control-chart,best,0.05,8,0.9581089743589744,0.8616346153846155,0.879102564102564
synthetic-control-chart,best,0.05,9,0.9581089743589744,0.8875961538461539,0.9014423076923078
synthetic-control-chart,best,0.05,10,0.9581089743589744,0.9033333333333335,0.915801282051282
synthetic-control-chart,best,0.01,1,0.9728205128205127,0.8248076923076925,0.8414102564102564
synthetic-control-chart,best,0.01,2,0.9728205128205127,0.8540384615384615,0.8500961538461539
synthetic-control-chart,best,0.01,3,0.9728205128205127,0.880673076923077,0.8820192307692307
synthetic-control-chart,best,0.01,4,0.9728205128205127,0.895352564102564,0.9160897435897436
synthetic-control-chart,best,0.005,1,0.9790064102564102,0.8339423076923078,0.8402564102564103
synthetic-control-chart,best,0.005,2,0.9790064102564102,0.8680128205128206,0.8854807692307693
wall-following-robot,rnd,0.05,1,0.6500905797101447,0.615327945001858,0.6385744147157191
wall-following-robot,rnd,0.05,2,0.6500905797101447,0.6453228353771832,0.6563099219620959
wall-following-robot,rnd,0.05,3,0.6500905797101447,0.6729714790040877,0.692761519881085
wall-following-robot,rnd,0.05,4,0.6500905797101447,0.6866230026012634,0.7000450575994054
wall-following-robot,rnd,0.05,5,0.6500905797101447,0.6940496098104794,0.7109940542549239
wall-following-robot,rnd,0.05,6,0.6500905797101447,0.7008825715347453,0.7085098476402824
wall-following-robot,rnd,0.05,7,0.6500905797101447,0.7212667224080268,0.7260233184689706
wall-following-robot,rnd,0.05,8,0.6500905797101447,0.7219569862504644,0.72978121516165
wall-following-robot,rnd,0.05,9,0.6500905797101447,0.7273694723151245,0.7324837421033074
wall-following-robot,rnd,0.05,10,0.6500905797101447,0.7301862690449645,0.7273494983277592
wall-following-robot,rnd,0.01,1,0.7019351542177631,0.6165017651430694,0.647961259754738
wall-following-robot,rnd,0.01,2,0.7019351542177631,0.6409480676328501,0.6567154403567447
wall-following-robot,rnd,0.01,3,0.7019351542177631,0.6553627833519139,0.6751049795615013
wall-following-robot,rnd,0.01,4,0.7019351542177631,0.6599117428465255,0.6761756781865478
wall-following-robot,rnd,0.01,5,0.7019351542177631,0.6844620958751393,0.6955787811222593
wall-following-robot,rnd,0.01,6,0.7019351542177631,0.6906823671497584,0.6978558156819027
wall-following-robot,rnd,0.01,7,0.7019351542177631,0.6928246934225195,0.7029923820141211
wall-following-robot,rnd,0.01,8,0.7019351542177631,0.7101518952062429,0.7233793199554069
wall-following-robot,rnd,0.01,9,0.7019351542177631,0.7170884429580082,0.732348104793757
wall-following-robot,rnd,0.01,10,0.7019351542177631,0.7214752879970271,0.7359722222222221
wall-following-robot,rnd,0.005,1,0.701354050538833,0.6087811222593832,0.6321943515421776
wall-following-robot,rnd,0.005,2,0.701354050538833,0.6365486807878112,0.6550696767001115
wall-following-robot,rnd,0.005,3,0.701354050538833,0.6623160535117057,0.6815403195837978
wall-following-robot,rnd,0.005,4,0.701354050538833,0.677984949832776,0.6924572649572649
wall-following-robot,rnd,0.005,5,0.701354050538833,0.6893273875882571,0.7021051653660351
wall-following-robot,rnd,0.005,6,0.701354050538833,0.6922073578595318,0.709313916759569
wall-following-robot,rnd,0.005,7,0.701354050538833,0.6982139539204757,0.7159406354515051
wall-following-robot,rnd,0.005,8,0.701354050538833,0.7108519137866965,0.7322626347082868
wall-following-robot,rnd,0.005,9,0.701354050538833,0.7159369193608325,0.7343413229282794
wall-following-robot,rnd,0.005,10,0.701354050538833,0.7227787068004459,0.7358588814567074
wall-following-robot,best,0.05,1,0.6500905797101447,0.572694165737644,0.5874177814938684
wall-following-robot,best,0.05,2,0.6500905797101447,0.5934726867335562,0.6101286696395392
wall-following-robot,best,0.05,3,0.6500905797101447,0.600867707172055,0.6113447603121517
wall-following-robot,best,0.05,4,0.6500905797101447,0.6047826086956523,0.6103567447045709
wall-following-robot,best,0.05,5,0.6500905797101447,0.6099995354886658,0.6158458751393534
wall-following-robot,best,0.05,6,0.6500905797101447,0.6082622630992196,0.620795707915273
wall-following-robot,best,0.05,7,0.6500905797101447,0.6161083240431067,0.6225970828688221
wall-following-robot,best,0.05,8,0.6500905797101447,0.6165505388331475,0.6308876811594202
wall-following-robot,best,0.05,9,0.6500905797101447,0.6159016164994425,0.6275455221107396
wall-following-robot,best,0.05,10,0.6500905797101447,0.6153372352285397,0.6298657562244518
wall-following-robot,best,0.01,1,0.7019351542177631,0.611457636566332,0.6577169267930137
wall-following-robot,best,0.01,2,0.7019351542177631,0.6139060758082497,0.6417382014121145
wall-following-robot,best,0.01,3,0.7019351542177631,0.6251723337049424,0.6447496283909329
wall-following-robot,best,0.01,4,0.7019351542177631,0.6316099962839092,0.6498940914158304
wall-following-robot,best,0.01,5,0.7019351542177631,0.632767094017094,0.6613322185061314
wall-following-robot,best,0.01,6,0.7019351542177631,0.6431981605351169,0.6875822185061315
wall-following-robot,best,0.01,7,0.7019351542177631,0.6563131735414344,0.7062969156447417
wall-following-robot,best,0.01,8,0.7019351542177631,0.668992010405054,0.6999428651059085
wall-following-robot,best,0.01,9,0.7019351542177631,0.6688215347454477,0.701522668153103
wall-following-robot,best,0.01,10,0.7019351542177631,0.6785549052396879,0.7168608324043106
wall-following-robot,best,0.005,1,0.701354050538833,0.6255574136008918,0.66917502787068
wall-following-robot,best,0.005,2,0.701354050538833,0.6279654403567447,0.6729134150873282
wall-following-robot,best,0.005,3,0.701354050538833,0.6474837421033074,0.6803061129691566
wall-following-robot,best,0.005,4,0.701354050538833,0.6512625418060202,0.6905388331475287
wall-following-robot,best,0.005,5,0.701354050538833,0.6763568376068376,0.7116522668153104
wall-following-robot,best,0.005,6,0.701354050538833,0.6822384801189149,0.7086617428465254
wall-following-robot,best,0.005,7,0.701354050538833,0.6923685432924562,0.7168701226309921
wall-following-robot,best,0.005,8,0.701354050538833,0.7023062987736901,0.7193770903010033
wall-following-robot,best,0.005,9,0.701354050538833,0.7154417502787067,0.7326974173169825
wall-following-robot,best,0.005,10,0.701354050538833,0.7244611668524713,0.7411645299145299
waveform-1,rnd,0.05,1,0.7165592180840046,0.8852078769122604,0.8972517435546544
waveform-1,rnd,0.05,2,0.7165592180840046,0.9166370581477832,0.9035944532677134
waveform-1,rnd,0.05,3,0.7165592180840046,0.9355164123263506,0.9163388804841149
waveform-1,rnd,0.05,4,0.7165592180840046,0.9366168448408988,0.9189603329545953
waveform-1,rnd,0.05,5,0.7165592180840046,0.9417178799881984,0.9276376168385635
waveform-1,rnd,0.05,6,0.7165592180840046,0.947953245742337,0.9390832449262717
waveform-1,rnd,0.05,7,0.7165592180840046,0.9518898186452063,0.9435753698972384
waveform-1,rnd,0.05,8,0.7165592180840046,0.9568339181800491,0.9451064337323682
waveform-1,rnd,0.05,9,0.7165592180840046,0.9599789078536857,0.9477705726894371
waveform-1,rnd,0.05,10,0.7165592180840046,0.9599902072177826,0.9483951764270155
waveform-1,rnd,0.01,1,0.753201800365346,0.90608407982373,0.9100846824564817
waveform-1,rnd,0.01,2,0.753201800365346,0.9252214361491766,0.9101016315026271
waveform-1,rnd,0.01,3,0.753201800365346,0.9390242371359878,0.9294072228046277
waveform-1,rnd,0.01,4,0.753201800365346,0.9408503399225365,0.9297330211360881
waveform-1,rnd,0.01,5,0.753201800365346,0.9442206891356614,0.9350129628815889
waveform-1,rnd,0.01,6,0.753201800365346,0.9472181593335884,0.9400587566933037
waveform-1,rnd,0.01,7,0.753201800365346,0.9530994783460243,0.9445502539218209
waveform-1,rnd,0.01,8,0.753201800365346,0.9570799932203815,0.9483976873968147
waveform-1,rnd,0.01,9,0.753201800365346,0.9613197657265176,0.950007219038173
waveform-1,rnd,0.01,10,0.753201800365346,0.9614779568238744,0.9530166163426468
waveform-1,rnd,0.005,1,0.7607617026886209,0.9142233884281957,0.920797735105241
waveform-1,rnd,0.005,2,0.7607617026886209,0.9368202333946428,0.9260783045931916
waveform-1,rnd,0.005,3,0.7607617026886209,0.937694050884803,0.9300500310732513
waveform-1,rnd,0.005,4,0.7607617026886209,0.9495495947922488,0.9337593612092832
waveform-1,rnd,0.005,5,0.7607617026886209,0.9512978575150187,0.9467856447856573
waveform-1,rnd,0.005,6,0.7607617026886209,0.953329859825111,0.952302245434743
waveform-1,rnd,0.005,7,0.7607617026886209,0.9521679085504801,0.9573310902003126
waveform-1,rnd,0.005,8,0.7607617026886209,0.9570887816146791,0.9562676944903045
waveform-1,rnd,0.005,9,0.7607617026886209,0.9585909692971167,0.9548213758859013
waveform-1,rnd,0.005,10,0.7607617026886209,0.959024111587498,0.9557485514842969
waveform-1,best,0.05,1,0.7165592180840046,0.8904332050646261,0.8919353927470638
waveform-1,best,0.05,2,0.7165592180840046,0.8997576914143665,0.8959893534880511
waveform-1,best,0.05,3,0.7165592180840046,0.9024262245685838,0.9051933132874244
waveform-1,best,0.05,4,0.7165592180840046,0.9075278874583335,0.9115579939862274
waveform-1,best,0.05,5,0.7165592180840046,0.9116414837320544,0.9184016421742486
waveform-1,best,0.05,6,0.7165592180840046,0.9149396425634491,0.9209891965524383
waveform-1,best,0.05,7,0.7165592180840046,0.9159321033766267,0.924903170727114
waveform-1,best,0.05,8,0.7165592180840046,0.9205679813686041,0.9287405603229107
waveform-1,best,0.05,9,0.7165592180840046,0.9220281103069032,0.9285698143765577
waveform-1,best,0.05,10,0.7165592180840046,0.9244618677848851,0.9296319546016661
waveform-1,best,0.01,1,0.753201800365346,0.9015574290180226,0.9037608050169176
waveform-1,best,0.01,2,0.753201800365346,0.924502671044124,0.9241756172277638
waveform-1,best,0.01,3,0.753201800365346,0.928990401817942,0.9273959359953798
waveform-1,best,0.01,4,0.753201800365346,0.9268272013358357,0.9249477404410518
waveform-1,best,0.01,5,0.753201800365346,0.9329288579481612,0.9367907294995007
waveform-1,best,0.01,6,0.753201800365346,0.9338372012730618,0.9389947332408459
waveform-1,best,0.01,7,0.753201800365346,0.9374611584359169,0.9482068536920674
waveform-1,best,0.01,8,0.753201800365346,0.9394655400782167,0.9495006308811622
waveform-1,best,0.01,9,0.753201800365346,0.9424052579707597,0.9530241492520449
waveform-1,best,0.01,10,0.753201800365346,0.9446927514579319,0.9545495634051262
waveform-1,best,0.005,1,0.7607617026886209,0.9105875041587936,0.9057526318102209
waveform-1,best,0.005,2,0.7607617026886209,0.923088995047112,0.9264756655639325
waveform-1,best,0.005,3,0.7607617026886209,0.9320663398220976,0.9301956673216113
waveform-1,best,0.005,4,0.7607617026886209,0.9352885418170633,0.9375791740164845
waveform-1,best,0.005,5,0.7607617026886209,0.9368208611370926,0.93621132321831
waveform-1,best,0.005,6,0.7607617026886209,0.9416450618640182,0.9404529789517955
waveform-1,best,0.005,7,0.7607617026886209,0.9455722186301404,0.9474177814326339
waveform-1,best,0.005,8,0.7607617026886209,0.9479934212591259,0.9509456940006655
waveform-1,best,0.005,9,0.7607617026886209,0.951235083270036,0.9537253375685026
waveform-1,best,0.005,10,0.7607617026886209,0.9551044877307738,0.9556437184951758
waveform-2,rnd,0.05,1,0.7044105184524893,0.8936616844840899,0.9067024061368102
waveform-2,rnd,0.05,2,0.7044105184524893,0.9238372640473067,0.9239176150808847
waveform-2,rnd,0.05,3,0.7044105184524893,0.9324272917307486,0.9262772989497868
waveform-2,rnd,0.05,4,0.7044105184524893,0.936634421629494,0.9234078882116246
waveform-2,rnd,0.05,5,0.7044105184524893,0.9437053125843529,0.9317876221743742
waveform-2,rnd,0.05,6,0.7044105184524893,0.9449852794395515,0.9358610429313062
waveform-2,rnd,0.05,7,0.7044105184524893,0.9468842003502802,0.9389407473901608
waveform-2,rnd,0.05,8,0.7044105184524893,0.9509871250023542,0.9426670265723379
waveform-2,rnd,0.05,9,0.7044105184524893,0.9528496368509927,0.943085730786373
waveform-2,rnd,0.05,10,0.7044105184524893,0.9534535250877271,0.9451139666417664
waveform-2,rnd,0.01,1,0.7531729242126541,0.913778319031268,0.9248159145265881
waveform-2,rnd,0.01,2,0.7531729242126541,0.921082102435013,0.9179992592639092
waveform-2,rnd,0.01,3,0.7531729242126541,0.9339445452319823,0.9229810233457417
waveform-2,rnd,0.01,4,0.7531729242126541,0.9412301241046823,0.9289577592105511
waveform-2,rnd,0.01,5,0.7531729242126541,0.9456519419212686,0.9446080062272051
waveform-2,rnd,0.01,6,0.7531729242126541,0.9476230532137274,0.9454064946233858
waveform-2,rnd,0.01,7,0.7531729242126541,0.9497730711043871,0.9457115774540024
waveform-2,rnd,0.01,8,0.7531729242126541,0.9537291040232013,0.95092937269697
waveform-2,rnd,0.01,9,0.7531729242126541,0.9557830773190374,0.9518734973415107
waveform-2,rnd,0.01,10,0.7531729242126541,0.956157211819135,0.9517422991694968
waveform-2,rnd,0.005,1,0.772557611063333,0.9065592808582495,0.9171618508358389
waveform-2,rnd,0.005,2,0.772557611063333,0.9265309068995172,0.9363293387988778
waveform-2,rnd,0.005,3,0.772557611063333,0.9324316859278976,0.9349778093043986
waveform-2,rnd,0.005,4,0.772557611063333,0.9435345666379998,0.9470172817496436
waveform-2,rnd,0.005,5,0.772557611063333,0.9459589079792343,0.947355634930101
waveform-2,rnd,0.005,6,0.772557611063333,0.9497322678451484,0.9424717986704415
waveform-2,rnd,0.005,7,0.772557611063333,0.9527284825581761,0.9459036666436494
waveform-2,rnd,0.005,8,0.772557611063333,0.955875983201612,0.9520285497266183
waveform-2,rnd,0.005,9,0.772557611063333,0.9582099296300713,0.9560768607855568
waveform-2,rnd,0.005,10,0.772557611063333,0.9602651584108072,0.957675720805268
waveform-2,best,0.05,1,0.7044105184524893,0.8996516029403457,0.8982749637478735
waveform-2,best,0.05,2,0.7044105184524893,0.8964620435527714,0.9032165523129171
waveform-2,best,0.05,3,0.7044105184524893,0.9013816611320706,0.9076295817352058
waveform-2,best,0.05,4,0.7044105184524893,0.9076182823711088,0.9026352628043768
waveform-2,best,0.05,5,0.7044105184524893,0.9107161913610085,0.916987966177237
waveform-2,best,0.05,6,0.7044105184524893,0.9088794169528127,0.9192214738137239
waveform-2,best,0.05,7,0.7044105184524893,0.9118392226037499,0.9242308585633486
waveform-2,best,0.05,8,0.7044105184524893,0.915348302898287,0.9256966371836961
waveform-2,best,0.05,9,0.7044105184524893,0.9186131913798405,0.9250645005367197
waveform-2,best,0.05,10,0.7044105184524893,0.9211919573637329,0.9274486663611654
waveform-2,best,0.01,1,0.7531729242126541,0.8927709179477844,0.894677999510361
waveform-2,best,0.01,2,0.7531729242126541,0.9089949215635809,0.9082830616254762
waveform-2,best,0.01,3,0.7531729242126541,0.9195027024312464,0.9209232835952067
waveform-2,best,0.01,4,0.7531729242126541,0.9243451076892173,0.9283105567447787
waveform-2,best,0.01,5,0.7531729242126541,0.925667761031004,0.9330952096973653
waveform-2,best,0.01,6,0.7531729242126541,0.9299985561923652,0.938510116069579
waveform-2,best,0.01,7,0.7531729242126541,0.9326018041318008,0.9427222679079226
waveform-2,best,0.01,8,0.7531729242126541,0.9358805029472508,0.9444077563857102
waveform-2,best,0.01,9,0.7531729242126541,0.9387153878506727,0.9479450850904889
waveform-2,best,0.01,10,0.7531729242126541,0.9409576838814573,0.9526041895531103
waveform-2,best,0.005,1,0.772557611063333,0.8998757069949341,0.9132252779329699
waveform-2,best,0.005,2,0.772557611063333,0.9123263507448163,0.9227569192911533
waveform-2,best,0.005,3,0.772557611063333,0.9235290425044413,0.9318114763874676
waveform-2,best,0.005,4,0.772557611063333,0.9270638602394211,0.9350035467448414
waveform-2,best,0.005,5,0.772557611063333,0.9341849705902664,0.9413173803052084
waveform-2,best,0.005,6,0.772557611063333,0.9400173256916153,0.9471867722110974
waveform-2,best,0.005,7,0.772557611063333,0.9430373946177364,0.9564748494987476
waveform-2,best,0.005,8,0.772557611063333,0.9473807446280942,0.9618207042014802
waveform-2,best,0.005,9,0.772557611063333,0.9505583769091217,0.9631333136640701
waveform-2,best,0.005,10,0.772557611063333,0.9522739970245008,0.9638081367976346
wine,rnd,0.05,1,0.8956043956043956,0.9014652014652015,0.9439560439560439
wine,rnd,0.05,2,0.8956043956043956,0.9501831501831504,0.9721611721611723
wine,rnd,0.05,3,0.8956043956043956,0.968864468864469,0.9835164835164836
wine,rnd,0.05,4,0.8956043956043956,0.9721611721611723,0.9871794871794872
wine,rnd,0.05,5,0.8956043956043956,0.9761904761904763,0.9956043956043956
wine,rnd,0.01,1,0.9663003663003664,0.9113553113553113,0.949084249084249
wine,rnd,0.005,1,0.9699633699633701,0.9117216117216117,0.9553113553113555
wine,best,0.05,1,0.8956043956043956,0.9282051282051282,0.9527472527472529
wine,best,0.05,2,0.8956043956043956,0.9637362637362636,0.9824175824175825
wine,best,0.05,3,0.8956043956043956,0.9706959706959708,0.9893772893772894
wine,best,0.05,4,0.8956043956043956,0.9758241758241759,0.9908424908424909
wine,best,0.05,5,0.8956043956043956,0.9831501831501832,0.9904761904761905
wine,best,0.01,1,0.9663003663003664,0.9117216117216117,0.9589743589743591
wine,best,0.005,1,0.9699633699633701,0.917948717948718,0.9652014652014653
yeast,rnd,0.05,1,0.7247428571428571,0.6732,0.6459809523809523
yeast,rnd,0.05,2,0.7247428571428571,0.7838285714285714,0.7564952380952381
yeast,rnd,0.05,3,0.7247428571428571,0.7862857142857143,0.7607238095238096
yeast,rnd,0.05,4,0.7247428571428571,0.8101904761904762,0.7827999999999999
yeast,rnd,0.05,5,0.7247428571428571,0.8284190476190476,0.7869142857142857
yeast,rnd,0.05,6,0.7247428571428571,0.8420571428571428,0.8062095238095237
yeast,rnd,0.05,7,0.7247428571428571,0.8562285714285714,0.8133142857142858
yeast,rnd,0.05,8,0.7247428571428571,0.8506857142857143,0.8230476190476189
yeast,rnd,0.05,9,0.7247428571428571,0.8625904761904761,0.8345714285714285
yeast,rnd,0.05,10,0.7247428571428571,0.8588952380952382,0.8386095238095239
yeast,rnd,0.01,1,0.7471047619047619,0.7232571428571428,0.6969142857142857
yeast,rnd,0.01,2,0.7471047619047619,0.7914285714285715,0.7493142857142856
yeast,rnd,0.01,3,0.7471047619047619,0.8102857142857145,0.7754095238095239
yeast,rnd,0.01,4,0.7471047619047619,0.8219619047619048,0.7928380952380952
yeast,rnd,0.01,5,0.7471047619047619,0.8266476190476191,0.7998666666666666
yeast,rnd,0.01,6,0.7471047619047619,0.8327809523809524,0.8041714285714285
yeast,rnd,0.01,7,0.7471047619047619,0.8322095238095237,0.8084952380952382
yeast,rnd,0.005,1,0.7610285714285714,0.6917333333333334,0.7015619047619046
yeast,rnd,0.005,2,0.7610285714285714,0.7823809523809524,0.7723238095238095
yeast,rnd,0.005,3,0.7610285714285714,0.8045142857142858,0.7899809523809523
yeast,rnd,0.005,4,0.7610285714285714,0.8171428571428573,0.8101714285714288
yeast,best,0.05,1,0.7247428571428571,0.6419999999999999,0.6363809523809525
yeast,best,0.05,2,0.7247428571428571,0.6579619047619047,0.6223047619047619
yeast,best,0.05,3,0.7247428571428571,0.6703809523809524,0.6425904761904763
yeast,best,0.05,4,0.7247428571428571,0.6878666666666666,0.659847619047619
yeast,best,0.05,5,0.7247428571428571,0.6816,0.6951238095238095
yeast,best,0.05,6,0.7247428571428571,0.6962095238095238,0.6940571428571428
yeast,best,0.05,7,0.7247428571428571,0.7153142857142857,0.7208380952380953
yeast,best,0.05,8,0.7247428571428571,0.7227428571428571,0.731752380952381
yeast,best,0.05,9,0.7247428571428571,0.7414095238095239,0.7493904761904762
yeast,best,0.05,10,0.7247428571428571,0.7612380952380953,0.7866095238095239
yeast,best,0.01,1,0.7471047619047619,0.6898285714285716,0.6335047619047619
yeast,best,0.01,2,0.7471047619047619,0.7587238095238095,0.7207428571428571
yeast,best,0.01,3,0.7471047619047619,0.7741904761904761,0.7356952380952382
yeast,best,0.01,4,0.7471047619047619,0.7909714285714287,0.7559619047619048
yeast,best,0.01,5,0.7471047619047619,0.8111999999999998,0.7805142857142856
yeast,best,0.01,6,0.7471047619047619,0.8240571428571426,0.8037333333333334
yeast,best,0.01,7,0.7471047619047619,0.8349142857142858,0.8159619047619048
yeast,best,0.005,1,0.7610285714285714,0.705504761904762,0.6802857142857143
yeast,best,0.005,2,0.7610285714285714,0.776647619047619,0.7415809523809525
yeast,best,0.005,3,0.7610285714285714,0.7955428571428571,0.758057142857143
yeast,best,0.005,4,0.7610285714285714,0.8136000000000001,0.7984571428571429
