dataset,prname,k,auc,anom_ratio
abalone,px_κ,1,0.9620817843866171,0.05
abalone,px_δ,1,0.8057620817843867,0.05
abalone,px_γ,1,0.9620817843866171,0.05
abalone,px_κ,3,0.9903345724907062,0.05
abalone,px_δ,3,0.7956319702602229,0.05
abalone,px_γ,3,0.9906133828996284,0.05
abalone,px_κ,5,0.9893122676579924,0.05
abalone,px_δ,5,0.7818773234200744,0.05
abalone,px_γ,5,0.9902416356877323,0.05
abalone,px_κ,9,0.9871747211895912,0.05
abalone,px_δ,9,0.7646840148698886,0.05
abalone,px_γ,9,0.9898698884758363,0.05
abalone,px_κ,15,0.9820631970260223,0.05
abalone,px_δ,15,0.7542750929368031,0.05
abalone,px_γ,15,0.9880111524163568,0.05
abalone,px_κ,21,0.9801115241635688,0.05
abalone,px_δ,21,0.7355018587360594,0.05
abalone,px_γ,21,0.9865241635687733,0.05
abalone,px_κ,29,0.9722351301115242,0.05
abalone,px_δ,29,0.7408224907063197,0.05
abalone,px_γ,29,0.9823420074349442,0.05
abalone,px_κ,39,0.9654972118959108,0.05
abalone,px_δ,39,0.7397769516728625,0.05
abalone,px_γ,39,0.9794377323420075,0.05
abalone,px_κ,1,0.9408921933085501,0.01
abalone,px_δ,1,0.9030669144981414,0.01
abalone,px_γ,1,0.9408921933085501,0.01
abalone,px_κ,3,0.9927509293680297,0.01
abalone,px_δ,3,0.8592007434944238,0.01
abalone,px_γ,3,0.9903345724907062,0.01
abalone,px_κ,5,0.9922862453531598,0.01
abalone,px_δ,5,0.8583643122676581,0.01
abalone,px_γ,5,0.991635687732342,0.01
abalone,px_κ,9,0.9899628252788103,0.01
abalone,px_δ,9,0.8319702602230483,0.01
abalone,px_γ,9,0.9911710037174721,0.01
abalone,px_κ,15,0.986895910780669,0.01
abalone,px_δ,15,0.8171933085501859,0.01
abalone,px_γ,15,0.9897769516728625,0.01
abalone,px_κ,21,0.9844795539033457,0.01
abalone,px_δ,21,0.8100371747211895,0.01
abalone,px_γ,21,0.9888475836431226,0.01
abalone,px_κ,29,0.982342007434944,0.01
abalone,px_δ,29,0.8119888475836431,0.01
abalone,px_γ,29,0.9875464684014869,0.01
abalone,px_κ,39,0.978903345724907,0.01
abalone,px_δ,39,0.8094795539033457,0.01
abalone,px_γ,39,0.9855947955390334,0.01
abalone,px_κ,1,0.9502788104089219,0.005
abalone,px_δ,1,0.9039962825278811,0.005
abalone,px_γ,1,0.9502788104089219,0.005
abalone,px_κ,3,0.9938661710037173,0.005
abalone,px_δ,3,0.879275092936803,0.005
abalone,px_γ,3,0.991635687732342,0.005
abalone,px_κ,5,0.9931226765799257,0.005
abalone,px_δ,5,0.8694237918215613,0.005
abalone,px_γ,5,0.9930297397769516,0.005
abalone,px_κ,9,0.9911710037174719,0.005
abalone,px_δ,9,0.8566914498141263,0.005
abalone,px_γ,9,0.9930297397769516,0.005
abalone,px_κ,15,0.9883828996282528,0.005
abalone,px_δ,15,0.845631970260223,0.005
abalone,px_γ,15,0.99135687732342,0.005
abalone,px_κ,21,0.9848513011152414,0.005
abalone,px_δ,21,0.8259293680297398,0.005
abalone,px_γ,21,0.991635687732342,0.005
abalone,px_κ,29,0.9807620817843867,0.005
abalone,px_δ,29,0.8319702602230482,0.005
abalone,px_γ,29,0.9897769516728625,0.005
abalone,px_κ,39,0.9769516728624534,0.005
abalone,px_δ,39,0.8262081784386617,0.005
abalone,px_γ,39,0.9864312267657992,0.005
blood-transfusion,px_κ,1,0.9143229166666667,0.05
blood-transfusion,px_δ,1,0.9098958333333333,0.05
blood-transfusion,px_γ,1,0.9143229166666667,0.05
blood-transfusion,px_κ,3,0.9598958333333334,0.05
blood-transfusion,px_δ,3,0.9166666666666666,0.05
blood-transfusion,px_γ,3,0.946875,0.05
blood-transfusion,px_κ,5,0.9729166666666667,0.05
blood-transfusion,px_δ,5,0.890625,0.05
blood-transfusion,px_γ,5,0.9671875,0.05
blood-transfusion,px_κ,9,0.9703125,0.05
blood-transfusion,px_δ,9,0.8880208333333334,0.05
blood-transfusion,px_γ,9,0.9677083333333334,0.05
blood-transfusion,px_κ,15,0.9723958333333332,0.05
blood-transfusion,px_δ,15,0.8182291666666666,0.05
blood-transfusion,px_γ,15,0.9697916666666666,0.05
blood-transfusion,px_κ,21,0.9744791666666666,0.05
blood-transfusion,px_δ,21,0.6515625,0.05
blood-transfusion,px_γ,21,0.9697916666666666,0.05
blood-transfusion,px_κ,29,0.9720052083333333,0.05
blood-transfusion,px_δ,29,0.43489583333333337,0.05
blood-transfusion,px_γ,29,0.970703125,0.05
blood-transfusion,px_κ,39,0.9700520833333333,0.05
blood-transfusion,px_δ,39,0.5045572916666667,0.05
blood-transfusion,px_γ,39,0.9720052083333334,0.05
blood-transfusion,px_κ,1,0.8986979166666668,0.01
blood-transfusion,px_δ,1,0.875,0.01
blood-transfusion,px_γ,1,0.8986979166666668,0.01
blood-transfusion,px_κ,3,0.9572916666666667,0.01
blood-transfusion,px_δ,3,0.9041666666666666,0.01
blood-transfusion,px_γ,3,0.9432291666666666,0.01
blood-transfusion,px_κ,5,0.9682291666666666,0.01
blood-transfusion,px_δ,5,0.884375,0.01
blood-transfusion,px_γ,5,0.965625,0.01
blood-transfusion,px_κ,9,0.9666666666666666,0.01
blood-transfusion,px_δ,9,0.8484375000000002,0.01
blood-transfusion,px_γ,9,0.9666666666666668,0.01
blood-transfusion,px_κ,15,0.9708333333333334,0.01
blood-transfusion,px_δ,15,0.7916666666666667,0.01
blood-transfusion,px_γ,15,0.965625,0.01
blood-transfusion,px_κ,21,0.9729166666666668,0.01
blood-transfusion,px_δ,21,0.6317708333333334,0.01
blood-transfusion,px_γ,21,0.9682291666666666,0.01
blood-transfusion,px_κ,29,0.9692708333333334,0.01
blood-transfusion,px_δ,29,0.4645833333333334,0.01
blood-transfusion,px_γ,29,0.9692708333333334,0.01
blood-transfusion,px_κ,39,0.9687500000000002,0.01
blood-transfusion,px_δ,39,0.4994791666666667,0.01
blood-transfusion,px_γ,39,0.9692708333333334,0.01
blood-transfusion,px_κ,1,0.9549479166666666,0.005
blood-transfusion,px_δ,1,0.9229166666666666,0.005
blood-transfusion,px_γ,1,0.9549479166666666,0.005
blood-transfusion,px_κ,3,0.9729166666666667,0.005
blood-transfusion,px_δ,3,0.9119791666666666,0.005
blood-transfusion,px_γ,3,0.9697916666666666,0.005
blood-transfusion,px_κ,5,0.9723958333333332,0.005
blood-transfusion,px_δ,5,0.8109375,0.005
blood-transfusion,px_γ,5,0.971875,0.005
blood-transfusion,px_κ,9,0.9713541666666666,0.005
blood-transfusion,px_δ,9,0.8250000000000002,0.005
blood-transfusion,px_γ,9,0.9723958333333332,0.005
blood-transfusion,px_κ,15,0.9739583333333333,0.005
blood-transfusion,px_δ,15,0.6703125,0.005
blood-transfusion,px_γ,15,0.9729166666666667,0.005
blood-transfusion,px_κ,21,0.971875,0.005
blood-transfusion,px_δ,21,0.4921874999999999,0.005
blood-transfusion,px_γ,21,0.9734374999999998,0.005
blood-transfusion,px_κ,29,0.9692708333333332,0.005
blood-transfusion,px_δ,29,0.4651041666666667,0.005
blood-transfusion,px_γ,29,0.971875,0.005
blood-transfusion,px_κ,39,0.9682291666666666,0.005
blood-transfusion,px_δ,39,0.5869791666666666,0.005
blood-transfusion,px_γ,39,0.9708333333333332,0.005
breast-cancer-wisconsin,px_κ,1,0.8726990198422186,0.05
breast-cancer-wisconsin,px_δ,1,0.42244800382500597,0.05
breast-cancer-wisconsin,px_γ,1,0.8726990198422186,0.05
breast-cancer-wisconsin,px_κ,3,0.9004542194597178,0.05
breast-cancer-wisconsin,px_δ,3,0.257183839349749,0.05
breast-cancer-wisconsin,px_γ,3,0.8938560841501315,0.05
breast-cancer-wisconsin,px_κ,5,0.9052593832177862,0.05
breast-cancer-wisconsin,px_δ,5,0.20463781974659337,0.05
breast-cancer-wisconsin,px_γ,5,0.9003825005976573,0.05
breast-cancer-wisconsin,px_κ,9,0.9131006454697586,0.05
breast-cancer-wisconsin,px_δ,9,0.23542911785799664,0.05
breast-cancer-wisconsin,px_γ,9,0.9066698541716471,0.05
breast-cancer-wisconsin,px_κ,15,0.9162323691130769,0.05
breast-cancer-wisconsin,px_δ,15,0.35928759263686344,0.05
breast-cancer-wisconsin,px_γ,15,0.9111881424814726,0.05
breast-cancer-wisconsin,px_κ,21,0.9169495577336839,0.05
breast-cancer-wisconsin,px_δ,21,0.4316280181687784,0.05
breast-cancer-wisconsin,px_γ,21,0.9132918957685872,0.05
breast-cancer-wisconsin,px_κ,29,0.9189278030121921,0.05
breast-cancer-wisconsin,px_δ,29,0.48368395888118576,0.05
breast-cancer-wisconsin,px_γ,29,0.9174336600525939,0.05
breast-cancer-wisconsin,px_κ,39,0.9187186229978483,0.05
breast-cancer-wisconsin,px_δ,39,0.5154494382022472,0.05
breast-cancer-wisconsin,px_γ,39,0.9180014343772412,0.05
breast-cancer-wisconsin,px_κ,1,0.920702844848195,0.01
breast-cancer-wisconsin,px_δ,1,0.36504900788907485,0.01
breast-cancer-wisconsin,px_γ,1,0.920702844848195,0.01
breast-cancer-wisconsin,px_κ,3,0.9349748983982789,0.01
breast-cancer-wisconsin,px_δ,3,0.3064307912981114,0.01
breast-cancer-wisconsin,px_γ,3,0.9345923978006215,0.01
breast-cancer-wisconsin,px_κ,5,0.9340186469041356,0.01
breast-cancer-wisconsin,px_δ,5,0.3363853693521396,0.01
breast-cancer-wisconsin,px_γ,5,0.9351422424097537,0.01
breast-cancer-wisconsin,px_κ,9,0.9330145828352856,0.01
breast-cancer-wisconsin,px_δ,9,0.41443939756155873,0.01
breast-cancer-wisconsin,px_γ,9,0.9350705235476932,0.01
breast-cancer-wisconsin,px_κ,15,0.9311977049964142,0.01
breast-cancer-wisconsin,px_δ,15,0.4649055701649534,0.01
breast-cancer-wisconsin,px_γ,15,0.9339708343294285,0.01
breast-cancer-wisconsin,px_κ,21,0.9302175472149175,0.01
breast-cancer-wisconsin,px_δ,21,0.4906287353573989,0.01
breast-cancer-wisconsin,px_γ,21,0.9331819268467607,0.01
breast-cancer-wisconsin,px_κ,29,0.9303131723643319,0.01
breast-cancer-wisconsin,px_δ,29,0.5058570404016256,0.01
breast-cancer-wisconsin,px_γ,29,0.932201769065264,0.01
breast-cancer-wisconsin,px_κ,39,0.9290700454219459,0.01
breast-cancer-wisconsin,px_δ,39,0.5182165909634234,0.01
breast-cancer-wisconsin,px_γ,39,0.9314606741573034,0.01
breast-cancer-wisconsin,px_κ,1,0.9262491035142242,0.005
breast-cancer-wisconsin,px_δ,1,0.4329189576858714,0.005
breast-cancer-wisconsin,px_γ,1,0.9262491035142242,0.005
breast-cancer-wisconsin,px_κ,3,0.9342816160650251,0.005
breast-cancer-wisconsin,px_δ,3,0.3796796557494621,0.005
breast-cancer-wisconsin,px_γ,3,0.9351661486971073,0.005
breast-cancer-wisconsin,px_κ,5,0.932536457088214,0.005
breast-cancer-wisconsin,px_δ,5,0.4175950274922305,0.005
breast-cancer-wisconsin,px_γ,5,0.9344250537891465,0.005
breast-cancer-wisconsin,px_κ,9,0.9288548888357638,0.005
breast-cancer-wisconsin,px_δ,9,0.4565383695912025,0.005
breast-cancer-wisconsin,px_γ,9,0.932727707387043,0.005
breast-cancer-wisconsin,px_κ,15,0.9294286397322494,0.005
breast-cancer-wisconsin,px_δ,15,0.4916327994262491,0.005
breast-cancer-wisconsin,px_γ,15,0.9317475496055462,0.005
breast-cancer-wisconsin,px_κ,21,0.9288548888357638,0.005
breast-cancer-wisconsin,px_δ,21,0.5107817355964619,0.005
breast-cancer-wisconsin,px_γ,21,0.9310064546975854,0.005
breast-cancer-wisconsin,px_κ,29,0.9287114511116424,0.005
breast-cancer-wisconsin,px_δ,29,0.5252928520200814,0.005
breast-cancer-wisconsin,px_γ,29,0.930695672961989,0.005
breast-cancer-wisconsin,px_κ,39,0.9278986373416206,0.005
breast-cancer-wisconsin,px_δ,39,0.5339469280420751,0.005
breast-cancer-wisconsin,px_γ,39,0.9300502032034424,0.005
breast-tissue,px_κ,1,0.7421875,0.05
breast-tissue,px_δ,1,0.5421875,0.05
breast-tissue,px_γ,1,0.7421875,0.05
breast-tissue,px_κ,3,0.721875,0.05
breast-tissue,px_δ,3,0.5875,0.05
breast-tissue,px_γ,3,0.7328125,0.05
breast-tissue,px_κ,5,0.7359375,0.05
breast-tissue,px_δ,5,0.6578125,0.05
breast-tissue,px_γ,5,0.7421875,0.05
breast-tissue,px_κ,9,0.740625,0.05
breast-tissue,px_δ,9,0.671875,0.05
breast-tissue,px_γ,9,0.746875,0.05
breast-tissue,px_κ,15,0.7359375,0.05
breast-tissue,px_δ,15,0.671875,0.05
breast-tissue,px_γ,15,0.7421875,0.05
breast-tissue,px_κ,21,0.721875,0.05
breast-tissue,px_δ,21,0.6734375,0.05
breast-tissue,px_γ,21,0.7390625,0.05
breast-tissue,px_κ,29,0.69921875,0.05
breast-tissue,px_δ,29,0.65625,0.05
breast-tissue,px_γ,29,0.716796875,0.05
breast-tissue,px_κ,39,0.650390625,0.05
breast-tissue,px_δ,39,0.65234375,0.05
breast-tissue,px_γ,39,0.697265625,0.05
breast-tissue,px_κ,1,0.9953125,0.01
breast-tissue,px_δ,1,0.64375,0.01
breast-tissue,px_γ,1,0.9953125,0.01
breast-tissue,px_κ,3,0.9921875,0.01
breast-tissue,px_δ,3,0.628125,0.01
breast-tissue,px_γ,3,0.9953125,0.01
breast-tissue,px_κ,5,0.9921875,0.01
breast-tissue,px_δ,5,0.6953125,0.01
breast-tissue,px_γ,5,0.9953125,0.01
breast-tissue,px_κ,9,0.978125,0.01
breast-tissue,px_δ,9,0.734375,0.01
breast-tissue,px_γ,9,0.990625,0.01
breast-tissue,px_κ,15,0.9671875,0.01
breast-tissue,px_δ,15,0.725,0.01
breast-tissue,px_γ,15,0.9921875,0.01
breast-tissue,px_κ,21,0.9671875,0.01
breast-tissue,px_δ,21,0.7203125,0.01
breast-tissue,px_γ,21,0.98125,0.01
breast-tissue,px_κ,29,0.96875,0.01
breast-tissue,px_δ,29,0.7390625,0.01
breast-tissue,px_γ,29,0.9765625,0.01
breast-tissue,px_κ,39,0.959375,0.01
breast-tissue,px_δ,39,0.7671875,0.01
breast-tissue,px_γ,39,0.9734375,0.01
breast-tissue,px_κ,1,0.9765625,0.005
breast-tissue,px_δ,1,0.6140625,0.005
breast-tissue,px_γ,1,0.9765625,0.005
breast-tissue,px_κ,3,0.9921875,0.005
breast-tissue,px_δ,3,0.659375,0.005
breast-tissue,px_γ,3,0.9921875,0.005
breast-tissue,px_κ,5,0.984375,0.005
breast-tissue,px_δ,5,0.7328125,0.005
breast-tissue,px_γ,5,0.99375,0.005
breast-tissue,px_κ,9,0.9640625,0.005
breast-tissue,px_δ,9,0.73125,0.005
breast-tissue,px_γ,9,0.9875,0.005
breast-tissue,px_κ,15,0.9453125,0.005
breast-tissue,px_δ,15,0.721875,0.005
breast-tissue,px_γ,15,0.98125,0.005
breast-tissue,px_κ,21,0.9359375,0.005
breast-tissue,px_δ,21,0.7078125,0.005
breast-tissue,px_γ,21,0.9703125,0.005
breast-tissue,px_κ,29,0.9328125,0.005
breast-tissue,px_δ,29,0.721875,0.005
breast-tissue,px_γ,29,0.9609375,0.005
breast-tissue,px_κ,39,0.9375,0.005
breast-tissue,px_δ,39,0.7453125,0.005
breast-tissue,px_γ,39,0.9484375,0.005
cardiotocography,px_κ,1,0.4644013828238719,0.05
cardiotocography,px_δ,1,0.6107896652110625,0.05
cardiotocography,px_γ,1,0.4644013828238719,0.05
cardiotocography,px_κ,3,0.3962336244541485,0.05
cardiotocography,px_δ,3,0.6386220281416788,0.05
cardiotocography,px_γ,3,0.42132459970887914,0.05
cardiotocography,px_κ,5,0.37210698689956323,0.05
cardiotocography,px_δ,5,0.661851043182921,0.05
cardiotocography,px_γ,5,0.40095220766618145,0.05
cardiotocography,px_κ,9,0.3659631246967491,0.05
cardiotocography,px_δ,9,0.6834364386220281,0.05
cardiotocography,px_γ,9,0.3823447355652595,0.05
cardiotocography,px_κ,15,0.37117903930131,0.05
cardiotocography,px_δ,15,0.6992054827753518,0.05
cardiotocography,px_γ,15,0.3739689471130519,0.05
cardiotocography,px_κ,21,0.3723495875788453,0.05
cardiotocography,px_δ,21,0.7063440077632217,0.05
cardiotocography,px_γ,21,0.37139737991266375,0.05
cardiotocography,px_κ,29,0.38035995875788453,0.05
cardiotocography,px_δ,29,0.7088261159631247,0.05
cardiotocography,px_γ,29,0.3760083090732654,0.05
cardiotocography,px_κ,39,0.38452207666181465,0.05
cardiotocography,px_δ,39,0.7147622513343038,0.05
cardiotocography,px_γ,39,0.3766678796700631,0.05
cardiotocography,px_κ,1,0.572449660359049,0.01
cardiotocography,px_δ,1,0.6145075206210577,0.01
cardiotocography,px_γ,1,0.572449660359049,0.01
cardiotocography,px_κ,3,0.4740720524017467,0.01
cardiotocography,px_δ,3,0.6417333818534692,0.01
cardiotocography,px_γ,3,0.5125970402717128,0.01
cardiotocography,px_κ,5,0.458036147501213,0.01
cardiotocography,px_δ,5,0.6648289665211061,0.01
cardiotocography,px_γ,5,0.48808224163027647,0.01
cardiotocography,px_κ,9,0.44721615720524016,0.01
cardiotocography,px_δ,9,0.6836608442503639,0.01
cardiotocography,px_γ,9,0.46958393983503155,0.01
cardiotocography,px_κ,15,0.4353074963609898,0.01
cardiotocography,px_δ,15,0.6932071809801068,0.01
cardiotocography,px_γ,15,0.45556768558951954,0.01
cardiotocography,px_κ,21,0.43329694323144113,0.01
cardiotocography,px_δ,21,0.7015829694323146,0.01
cardiotocography,px_γ,21,0.44796821931101405,0.01
cardiotocography,px_κ,29,0.4380337214944202,0.01
cardiotocography,px_δ,29,0.7085092188258127,0.01
cardiotocography,px_γ,29,0.44306768558951964,0.01
cardiotocography,px_κ,39,0.4425400291120815,0.01
cardiotocography,px_δ,39,0.7114446870451239,0.01
cardiotocography,px_γ,39,0.44217006307617657,0.01
cardiotocography,px_κ,1,0.5993328481319747,0.005
cardiotocography,px_δ,1,0.6018377001455605,0.005
cardiotocography,px_γ,1,0.5993328481319747,0.005
cardiotocography,px_κ,3,0.4945960698689956,0.005
cardiotocography,px_δ,3,0.6330149199417758,0.005
cardiotocography,px_γ,3,0.5375727802037845,0.005
cardiotocography,px_κ,5,0.47012372634643385,0.005
cardiotocography,px_δ,5,0.6513282387190685,0.005
cardiotocography,px_γ,5,0.507787481804949,0.005
cardiotocography,px_κ,9,0.46640587093643865,0.005
cardiotocography,px_δ,9,0.6734594856865599,0.005
cardiotocography,px_γ,9,0.4882217370208638,0.005
cardiotocography,px_κ,15,0.4554342552159147,0.005
cardiotocography,px_δ,15,0.687869966035905,0.005
cardiotocography,px_γ,15,0.47497573993207187,0.005
cardiotocography,px_κ,21,0.45604682193110146,0.005
cardiotocography,px_δ,21,0.6958818534691897,0.005
cardiotocography,px_γ,21,0.46830422125181953,0.005
cardiotocography,px_κ,29,0.4578299369238234,0.005
cardiotocography,px_δ,29,0.7019286754002914,0.005
cardiotocography,px_γ,29,0.4640162542455119,0.005
cardiotocography,px_κ,39,0.46012251334303744,0.005
cardiotocography,px_δ,39,0.7075509461426492,0.005
cardiotocography,px_γ,39,0.46268195050946154,0.005
ecoli,px_κ,1,0.8101960784313725,0.05
ecoli,px_δ,1,0.3337254901960784,0.05
ecoli,px_γ,1,0.8101960784313725,0.05
ecoli,px_κ,3,0.8657843137254903,0.05
ecoli,px_δ,3,0.2914705882352941,0.05
ecoli,px_γ,3,0.8554901960784314,0.05
ecoli,px_κ,5,0.8864705882352941,0.05
ecoli,px_δ,5,0.26607843137254905,0.05
ecoli,px_γ,5,0.8730392156862745,0.05
ecoli,px_κ,9,0.895294117647059,0.05
ecoli,px_δ,9,0.27264705882352935,0.05
ecoli,px_γ,9,0.8854901960784314,0.05
ecoli,px_κ,15,0.882450980392157,0.05
ecoli,px_δ,15,0.30803921568627457,0.05
ecoli,px_γ,15,0.8912745098039216,0.05
ecoli,px_κ,21,0.8672549019607845,0.05
ecoli,px_δ,21,0.3513725490196079,0.05
ecoli,px_γ,21,0.8861764705882355,0.05
ecoli,px_κ,29,0.8145833333333332,0.05
ecoli,px_δ,29,0.36360294117647063,0.05
ecoli,px_γ,29,0.872058823529412,0.05
ecoli,px_κ,39,0.7927696078431372,0.05
ecoli,px_δ,39,0.36874999999999997,0.05
ecoli,px_γ,39,0.8555147058823531,0.05
ecoli,px_κ,1,0.8709803921568628,0.01
ecoli,px_δ,1,0.3229411764705883,0.01
ecoli,px_γ,1,0.8709803921568628,0.01
ecoli,px_κ,3,0.912843137254902,0.01
ecoli,px_δ,3,0.291078431372549,0.01
ecoli,px_γ,3,0.9047058823529414,0.01
ecoli,px_κ,5,0.9212745098039216,0.01
ecoli,px_δ,5,0.28715686274509805,0.01
ecoli,px_γ,5,0.9143137254901962,0.01
ecoli,px_κ,9,0.9172549019607843,0.01
ecoli,px_δ,9,0.30666666666666664,0.01
ecoli,px_γ,9,0.9192156862745098,0.01
ecoli,px_κ,15,0.8850000000000001,0.01
ecoli,px_δ,15,0.35352941176470587,0.01
ecoli,px_γ,15,0.9116666666666667,0.01
ecoli,px_κ,21,0.8570588235294119,0.01
ecoli,px_δ,21,0.3914705882352941,0.01
ecoli,px_γ,21,0.8997058823529412,0.01
ecoli,px_κ,29,0.7998039215686275,0.01
ecoli,px_δ,29,0.4124509803921569,0.01
ecoli,px_γ,29,0.8792156862745099,0.01
ecoli,px_κ,39,0.7805882352941177,0.01
ecoli,px_δ,39,0.4000980392156864,0.01
ecoli,px_γ,39,0.858235294117647,0.01
ecoli,px_κ,1,0.8631372549019607,0.005
ecoli,px_δ,1,0.2788235294117647,0.005
ecoli,px_γ,1,0.8631372549019607,0.005
ecoli,px_κ,3,0.8984313725490196,0.005
ecoli,px_δ,3,0.24960784313725495,0.005
ecoli,px_γ,3,0.8915686274509802,0.005
ecoli,px_κ,5,0.8962745098039215,0.005
ecoli,px_δ,5,0.24627450980392154,0.005
ecoli,px_γ,5,0.8958823529411765,0.005
ecoli,px_κ,9,0.8920588235294119,0.005
ecoli,px_δ,9,0.2686274509803922,0.005
ecoli,px_γ,9,0.895686274509804,0.005
ecoli,px_κ,15,0.8760784313725491,0.005
ecoli,px_δ,15,0.3171568627450981,0.005
ecoli,px_γ,15,0.8929411764705882,0.005
ecoli,px_κ,21,0.8677450980392158,0.005
ecoli,px_δ,21,0.3540196078431373,0.005
ecoli,px_γ,21,0.8872549019607844,0.005
ecoli,px_κ,29,0.843235294117647,0.005
ecoli,px_δ,29,0.36901960784313725,0.005
ecoli,px_γ,29,0.8818627450980394,0.005
ecoli,px_κ,39,0.8216666666666665,0.005
ecoli,px_δ,39,0.37,0.005
ecoli,px_γ,39,0.8718627450980392,0.005
glass,px_κ,1,0.6369495166487648,0.05
glass,px_δ,1,0.484156820622986,0.05
glass,px_γ,1,0.6369495166487648,0.05
glass,px_κ,3,0.6358754027926959,0.05
glass,px_δ,3,0.4403866809881847,0.05
glass,px_γ,3,0.64312567132116,0.05
glass,px_κ,5,0.5899570354457573,0.05
glass,px_δ,5,0.41917293233082703,0.05
glass,px_γ,5,0.6331901181525241,0.05
glass,px_κ,9,0.49006444683136413,0.05
glass,px_δ,9,0.43018259935553166,0.05
glass,px_γ,9,0.5647153598281418,0.05
glass,px_κ,15,0.4640171858216971,0.05
glass,px_δ,15,0.44199785177228773,0.05
glass,px_γ,15,0.5155746509129968,0.05
glass,px_κ,21,0.42105263157894735,0.05
glass,px_δ,21,0.4401181525241675,0.05
glass,px_γ,21,0.48496240601503754,0.05
glass,px_κ,29,0.4183673469387755,0.05
glass,px_δ,29,0.4312567132116004,0.05
glass,px_γ,29,0.4634801288936628,0.05
glass,px_κ,39,0.41970998925886144,0.05
glass,px_δ,39,0.4116541353383458,0.05
glass,px_γ,39,0.44978517722878625,0.05
glass,px_κ,1,0.6890977443609023,0.01
glass,px_δ,1,0.4725563909774436,0.01
glass,px_γ,1,0.6890977443609023,0.01
glass,px_κ,3,0.6586466165413534,0.01
glass,px_δ,3,0.43007518796992483,0.01
glass,px_γ,3,0.6845864661654135,0.01
glass,px_κ,5,0.6046992481203007,0.01
glass,px_δ,5,0.42781954887218043,0.01
glass,px_γ,5,0.6590225563909774,0.01
glass,px_κ,9,0.5156015037593985,0.01
glass,px_δ,9,0.4334586466165414,0.01
glass,px_γ,9,0.6022556390977443,0.01
glass,px_κ,15,0.4904135338345865,0.01
glass,px_δ,15,0.45808270676691726,0.01
glass,px_γ,15,0.5462406015037594,0.01
glass,px_κ,21,0.44530075187969925,0.01
glass,px_δ,21,0.4563909774436089,0.01
glass,px_γ,21,0.5086466165413535,0.01
glass,px_κ,29,0.43778195488721805,0.01
glass,px_δ,29,0.43796992481203006,0.01
glass,px_γ,29,0.4825187969924811,0.01
glass,px_κ,39,0.4451127819548872,0.01
glass,px_δ,39,0.42443609022556394,0.01
glass,px_γ,39,0.468609022556391,0.01
glass,px_κ,1,0.7272556390977443,0.005
glass,px_δ,1,0.5180451127819549,0.005
glass,px_γ,1,0.7272556390977443,0.005
glass,px_κ,3,0.681390977443609,0.005
glass,px_δ,3,0.49718045112781956,0.005
glass,px_γ,3,0.7058270676691729,0.005
glass,px_κ,5,0.6390977443609022,0.005
glass,px_δ,5,0.4956766917293233,0.005
glass,px_γ,5,0.6823308270676692,0.005
glass,px_κ,9,0.5537593984962406,0.005
glass,px_δ,9,0.5050751879699249,0.005
glass,px_γ,9,0.6360902255639098,0.005
glass,px_κ,15,0.544548872180451,0.005
glass,px_δ,15,0.5225563909774436,0.005
glass,px_γ,15,0.5845864661654134,0.005
glass,px_κ,21,0.5016917293233082,0.005
glass,px_δ,21,0.5171052631578947,0.005
glass,px_γ,21,0.5565789473684211,0.005
glass,px_κ,29,0.49906015037593987,0.005
glass,px_δ,29,0.5037593984962406,0.005
glass,px_γ,29,0.537593984962406,0.005
glass,px_κ,39,0.525,0.005
glass,px_δ,39,0.4883458646616542,0.005
glass,px_γ,39,0.530451127819549,0.005
haberman,px_κ,1,0.875,0.05
haberman,px_δ,1,0.8341836734693878,0.05
haberman,px_γ,1,0.875,0.05
haberman,px_κ,3,0.9209183673469388,0.05
haberman,px_δ,3,0.7474489795918368,0.05
haberman,px_γ,3,0.9183673469387754,0.05
haberman,px_κ,5,0.9183673469387754,0.05
haberman,px_δ,5,0.7270408163265307,0.05
haberman,px_γ,5,0.9158163265306122,0.05
haberman,px_κ,9,0.9438775510204082,0.05
haberman,px_δ,9,0.7270408163265306,0.05
haberman,px_γ,9,0.9260204081632653,0.05
haberman,px_κ,15,0.9489795918367347,0.05
haberman,px_δ,15,0.7168367346938774,0.05
haberman,px_γ,15,0.9413265306122449,0.05
haberman,px_κ,21,0.9489795918367347,0.05
haberman,px_δ,21,0.7015306122448981,0.05
haberman,px_γ,21,0.9464285714285714,0.05
haberman,px_κ,29,0.9438775510204083,0.05
haberman,px_δ,29,0.6326530612244898,0.05
haberman,px_γ,29,0.9464285714285714,0.05
haberman,px_κ,39,0.9387755102040816,0.05
haberman,px_δ,39,0.7602040816326531,0.05
haberman,px_γ,39,0.9464285714285714,0.05
haberman,px_κ,1,0.925,0.01
haberman,px_δ,1,0.8160714285714287,0.01
haberman,px_γ,1,0.925,0.01
haberman,px_κ,3,0.9553571428571427,0.01
haberman,px_δ,3,0.8178571428571428,0.01
haberman,px_γ,3,0.9464285714285715,0.01
haberman,px_κ,5,0.955357142857143,0.01
haberman,px_δ,5,0.7625000000000001,0.01
haberman,px_γ,5,0.9571428571428571,0.01
haberman,px_κ,9,0.9607142857142856,0.01
haberman,px_δ,9,0.7714285714285712,0.01
haberman,px_γ,9,0.9589285714285714,0.01
haberman,px_κ,15,0.9660714285714287,0.01
haberman,px_δ,15,0.6803571428571428,0.01
haberman,px_γ,15,0.9589285714285714,0.01
haberman,px_κ,21,0.9607142857142857,0.01
haberman,px_δ,21,0.46785714285714286,0.01
haberman,px_γ,21,0.9607142857142857,0.01
haberman,px_κ,29,0.9589285714285716,0.01
haberman,px_δ,29,0.5285714285714286,0.01
haberman,px_γ,29,0.9607142857142857,0.01
haberman,px_κ,39,0.9553571428571429,0.01
haberman,px_δ,39,0.7017857142857143,0.01
haberman,px_γ,39,0.9607142857142857,0.01
haberman,px_κ,1,0.9071428571428573,0.005
haberman,px_δ,1,0.7071428571428571,0.005
haberman,px_γ,1,0.9071428571428573,0.005
haberman,px_κ,3,0.9464285714285714,0.005
haberman,px_δ,3,0.6892857142857143,0.005
haberman,px_γ,3,0.9410714285714287,0.005
haberman,px_κ,5,0.9428571428571428,0.005
haberman,px_δ,5,0.6892857142857143,0.005
haberman,px_γ,5,0.9428571428571428,0.005
haberman,px_κ,9,0.9375000000000002,0.005
haberman,px_δ,9,0.6535714285714285,0.005
haberman,px_γ,9,0.9392857142857144,0.005
haberman,px_κ,15,0.9339285714285716,0.005
haberman,px_δ,15,0.6392857142857142,0.005
haberman,px_γ,15,0.9392857142857143,0.005
haberman,px_κ,21,0.9267857142857144,0.005
haberman,px_δ,21,0.5892857142857142,0.005
haberman,px_γ,21,0.9357142857142857,0.005
haberman,px_κ,29,0.9285714285714286,0.005
haberman,px_δ,29,0.6660714285714286,0.005
haberman,px_γ,29,0.9357142857142857,0.005
haberman,px_κ,39,0.9267857142857144,0.005
haberman,px_δ,39,0.7517857142857142,0.005
haberman,px_γ,39,0.9321428571428572,0.005
ionosphere,px_κ,1,0.8392857142857144,0.05
ionosphere,px_δ,1,0.742063492063492,0.05
ionosphere,px_γ,1,0.8392857142857144,0.05
ionosphere,px_κ,3,0.8954081632653061,0.05
ionosphere,px_δ,3,0.7185374149659863,0.05
ionosphere,px_γ,3,0.8619614512471656,0.05
ionosphere,px_κ,5,0.9155328798185941,0.05
ionosphere,px_δ,5,0.7071995464852607,0.05
ionosphere,px_γ,5,0.8840702947845804,0.05
ionosphere,px_κ,9,0.9359410430839002,0.05
ionosphere,px_δ,9,0.7046485260770975,0.05
ionosphere,px_γ,9,0.9158163265306122,0.05
ionosphere,px_κ,15,0.905328798185941,0.05
ionosphere,px_δ,15,0.703514739229025,0.05
ionosphere,px_γ,15,0.9220521541950113,0.05
ionosphere,px_κ,21,0.8846371882086167,0.05
ionosphere,px_δ,21,0.7097505668934241,0.05
ionosphere,px_γ,21,0.9163832199546486,0.05
ionosphere,px_κ,29,0.8526077097505669,0.05
ionosphere,px_δ,29,0.7253401360544218,0.05
ionosphere,px_γ,29,0.8999433106575966,0.05
ionosphere,px_κ,39,0.8344671201814059,0.05
ionosphere,px_δ,39,0.7378117913832201,0.05
ionosphere,px_γ,39,0.8917233560090703,0.05
ionosphere,px_κ,1,0.8936507936507937,0.01
ionosphere,px_δ,1,0.7075396825396825,0.01
ionosphere,px_γ,1,0.8936507936507937,0.01
ionosphere,px_κ,3,0.9208333333333334,0.01
ionosphere,px_δ,3,0.6912698412698413,0.01
ionosphere,px_γ,3,0.9097222222222223,0.01
ionosphere,px_κ,5,0.9482142857142858,0.01
ionosphere,px_δ,5,0.690674603174603,0.01
ionosphere,px_γ,5,0.927579365079365,0.01
ionosphere,px_κ,9,0.9359126984126984,0.01
ionosphere,px_δ,9,0.6906746031746032,0.01
ionosphere,px_γ,9,0.9376984126984128,0.01
ionosphere,px_κ,15,0.9007936507936508,0.01
ionosphere,px_δ,15,0.6942460317460317,0.01
ionosphere,px_γ,15,0.9347222222222221,0.01
ionosphere,px_κ,21,0.8640873015873016,0.01
ionosphere,px_δ,21,0.7023809523809523,0.01
ionosphere,px_γ,21,0.922420634920635,0.01
ionosphere,px_κ,29,0.8255952380952379,0.01
ionosphere,px_δ,29,0.7126984126984126,0.01
ionosphere,px_γ,29,0.9059523809523811,0.01
ionosphere,px_κ,39,0.8113095238095239,0.01
ionosphere,px_δ,39,0.7202380952380951,0.01
ionosphere,px_γ,39,0.8884920634920637,0.01
ionosphere,px_κ,1,0.8976190476190474,0.005
ionosphere,px_δ,1,0.6726190476190477,0.005
ionosphere,px_γ,1,0.8976190476190474,0.005
ionosphere,px_κ,3,0.9305555555555556,0.005
ionosphere,px_δ,3,0.6640873015873016,0.005
ionosphere,px_γ,3,0.9194444444444445,0.005
ionosphere,px_κ,5,0.9632936507936506,0.005
ionosphere,px_δ,5,0.6579365079365079,0.005
ionosphere,px_γ,5,0.9371031746031745,0.005
ionosphere,px_κ,9,0.9521825396825397,0.005
ionosphere,px_δ,9,0.6575396825396824,0.005
ionosphere,px_γ,9,0.9509920634920632,0.005
ionosphere,px_κ,15,0.9126984126984127,0.005
ionosphere,px_δ,15,0.6634920634920636,0.005
ionosphere,px_γ,15,0.9470238095238093,0.005
ionosphere,px_κ,21,0.8722222222222221,0.005
ionosphere,px_δ,21,0.6755952380952381,0.005
ionosphere,px_γ,21,0.9367063492063492,0.005
ionosphere,px_κ,29,0.8406746031746032,0.005
ionosphere,px_δ,29,0.690873015873016,0.005
ionosphere,px_γ,29,0.9186507936507937,0.005
ionosphere,px_κ,39,0.8146825396825396,0.005
ionosphere,px_δ,39,0.7069444444444444,0.005
ionosphere,px_γ,39,0.8970238095238094,0.005
iris,px_κ,1,0.7812987012987013,0.05
iris,px_δ,1,0.32415584415584414,0.05
iris,px_γ,1,0.7812987012987013,0.05
iris,px_κ,3,0.8509090909090908,0.05
iris,px_δ,3,0.33922077922077926,0.05
iris,px_γ,3,0.8446753246753246,0.05
iris,px_κ,5,0.8472727272727273,0.05
iris,px_δ,5,0.32987012987012987,0.05
iris,px_γ,5,0.8529870129870131,0.05
iris,px_κ,9,0.8337662337662338,0.05
iris,px_δ,9,0.33766233766233766,0.05
iris,px_γ,9,0.8503896103896105,0.05
iris,px_κ,15,0.8114285714285715,0.05
iris,px_δ,15,0.3433766233766234,0.05
iris,px_γ,15,0.8394805194805194,0.05
iris,px_κ,21,0.8067532467532467,0.05
iris,px_δ,21,0.36103896103896105,0.05
iris,px_γ,21,0.8296103896103897,0.05
iris,px_κ,29,0.7444155844155844,0.05
iris,px_δ,29,0.3392207792207792,0.05
iris,px_γ,29,0.8218181818181819,0.05
iris,px_κ,39,0.33974025974025973,0.05
iris,px_δ,39,0.28051948051948056,0.05
iris,px_γ,39,0.7864935064935065,0.05
iris,px_κ,1,0.9210909090909091,0.01
iris,px_δ,1,0.30981818181818177,0.01
iris,px_γ,1,0.9210909090909091,0.01
iris,px_κ,3,0.9181818181818182,0.01
iris,px_δ,3,0.29927272727272725,0.01
iris,px_γ,3,0.932,0.01
iris,px_κ,5,0.9145454545454547,0.01
iris,px_δ,5,0.2792727272727273,0.01
iris,px_γ,5,0.9269090909090909,0.01
iris,px_κ,9,0.8923636363636364,0.01
iris,px_δ,9,0.30072727272727273,0.01
iris,px_γ,9,0.9167272727272728,0.01
iris,px_κ,15,0.9014545454545454,0.01
iris,px_δ,15,0.33272727272727265,0.01
iris,px_γ,15,0.9105454545454545,0.01
iris,px_κ,21,0.866909090909091,0.01
iris,px_δ,21,0.35163636363636364,0.01
iris,px_γ,21,0.9039999999999999,0.01
iris,px_κ,29,0.7912727272727273,0.01
iris,px_δ,29,0.3549090909090909,0.01
iris,px_γ,29,0.889090909090909,0.01
iris,px_κ,39,0.19345454545454546,0.01
iris,px_δ,39,0.2672727272727272,0.01
iris,px_γ,39,0.8356363636363637,0.01
iris,px_κ,1,0.8854545454545454,0.005
iris,px_δ,1,0.36436363636363633,0.005
iris,px_γ,1,0.8854545454545454,0.005
iris,px_κ,3,0.9029090909090909,0.005
iris,px_δ,3,0.3658181818181817,0.005
iris,px_γ,3,0.9116363636363637,0.005
iris,px_κ,5,0.8920000000000001,0.005
iris,px_δ,5,0.36872727272727274,0.005
iris,px_γ,5,0.9061818181818182,0.005
iris,px_κ,9,0.884,0.005
iris,px_δ,9,0.3814545454545455,0.005
iris,px_γ,9,0.8992727272727272,0.005
iris,px_κ,15,0.8647272727272728,0.005
iris,px_δ,15,0.4247272727272728,0.005
iris,px_γ,15,0.892,0.005
iris,px_κ,21,0.8400000000000001,0.005
iris,px_δ,21,0.44400000000000006,0.005
iris,px_γ,21,0.8814545454545455,0.005
iris,px_κ,29,0.8083636363636364,0.005
iris,px_δ,29,0.4458181818181819,0.005
iris,px_γ,29,0.8672727272727272,0.005
iris,px_κ,39,0.24072727272727273,0.005
iris,px_δ,39,0.27454545454545454,0.005
iris,px_γ,39,0.8167272727272726,0.005
magic-telescope,px_κ,1,0.9109718953215544,0.05
magic-telescope,px_δ,1,0.6471346075627619,0.05
magic-telescope,px_γ,1,0.9109718953215544,0.05
magic-telescope,px_κ,3,0.9320117569387764,0.05
magic-telescope,px_δ,3,0.6265099972527802,0.05
magic-telescope,px_γ,3,0.931530861469233,0.05
magic-telescope,px_κ,5,0.9314778576860965,0.05
magic-telescope,px_δ,5,0.6187340848385284,0.05
magic-telescope,px_γ,5,0.9332572798352886,0.05
magic-telescope,px_κ,9,0.9290103764641552,0.05
magic-telescope,px_δ,9,0.6112321353158201,0.05
magic-telescope,px_γ,9,0.9329183988606632,0.05
magic-telescope,px_κ,15,0.9255276384695784,0.05
magic-telescope,px_δ,15,0.6053980227674681,0.05
magic-telescope,px_γ,15,0.9310346853324474,0.05
magic-telescope,px_κ,21,0.9229392980609331,0.05
magic-telescope,px_δ,21,0.6012488760623694,0.05
magic-telescope,px_γ,21,0.9292672104868019,0.05
magic-telescope,px_κ,29,0.9195464618753624,0.05
magic-telescope,px_δ,29,0.5976710216898345,0.05
magic-telescope,px_γ,29,0.9271210523237771,0.05
magic-telescope,px_κ,39,0.9159752412266201,0.05
magic-telescope,px_δ,39,0.5943956123164684,0.05
magic-telescope,px_γ,39,0.9247481594221785,0.05
magic-telescope,px_κ,1,0.9369138081917839,0.01
magic-telescope,px_δ,1,0.6474968649879452,0.01
magic-telescope,px_γ,1,0.9369138081917839,0.01
magic-telescope,px_κ,3,0.9443314731183692,0.01
magic-telescope,px_δ,3,0.6228677990598198,0.01
magic-telescope,px_γ,3,0.9459441214712057,0.01
magic-telescope,px_κ,5,0.9425444007344754,0.01
magic-telescope,px_δ,5,0.6154179985269833,0.01
magic-telescope,px_γ,5,0.9458580645817107,0.01
magic-telescope,px_κ,9,0.938979011822022,0.01
magic-telescope,px_δ,9,0.6082959072498483,0.01
magic-telescope,px_γ,9,0.9440680119726507,0.01
magic-telescope,px_κ,15,0.9351903370472948,0.01
magic-telescope,px_δ,15,0.6031798540475154,0.01
magic-telescope,px_γ,15,0.9414674074258897,0.01
magic-telescope,px_κ,21,0.9320334007002838,0.01
magic-telescope,px_δ,21,0.5994241003647425,0.01
magic-telescope,px_γ,21,0.9393009454475558,0.01
magic-telescope,px_κ,29,0.9281504676412233,0.01
magic-telescope,px_δ,29,0.5961464533472319,0.01
magic-telescope,px_γ,29,0.9367811766206191,0.01
magic-telescope,px_κ,39,0.9243262149846647,0.01
magic-telescope,px_δ,39,0.5938652180462106,0.01
magic-telescope,px_γ,39,0.9340648053427817,0.01
magic-telescope,px_κ,1,0.9427611947884407,0.005
magic-telescope,px_δ,1,0.6455858013756164,0.005
magic-telescope,px_γ,1,0.9427611947884407,0.005
magic-telescope,px_κ,3,0.9465556913983771,0.005
magic-telescope,px_δ,3,0.6243002015463903,0.005
magic-telescope,px_γ,3,0.9489508452288214,0.005
magic-telescope,px_κ,5,0.9443169647353887,0.005
magic-telescope,px_δ,5,0.6175475195747657,0.005
magic-telescope,px_γ,5,0.9482684198707556,0.005
magic-telescope,px_κ,9,0.9408291309848238,0.005
magic-telescope,px_δ,9,0.611331601568384,0.005
magic-telescope,px_γ,9,0.946209014973206,0.005
magic-telescope,px_κ,15,0.9365955709695575,0.005
magic-telescope,px_δ,15,0.6054296006128637,0.005
magic-telescope,px_γ,15,0.9433751904802834,0.005
magic-telescope,px_κ,21,0.9333207193570481,0.005
magic-telescope,px_δ,21,0.601682856913152,0.005
magic-telescope,px_γ,21,0.9410253637953936,0.005
magic-telescope,px_κ,29,0.9294880573829651,0.005
magic-telescope,px_δ,29,0.5984970886203451,0.005
magic-telescope,px_γ,29,0.9383974982742421,0.005
magic-telescope,px_κ,39,0.9257189735457658,0.005
magic-telescope,px_δ,39,0.5958126219235528,0.005
magic-telescope,px_γ,39,0.9356145917368754,0.005
musk-2,px_κ,1,0.494599128074881,0.05
musk-2,px_δ,1,0.42037788696622275,0.05
musk-2,px_γ,1,0.494599128074881,0.05
musk-2,px_κ,3,0.6091963572202838,0.05
musk-2,px_δ,3,0.44338183515709684,0.05
musk-2,px_γ,3,0.5402517664000254,0.05
musk-2,px_κ,5,0.619421301241425,0.05
musk-2,px_δ,5,0.4524397287695728,0.05
musk-2,px_γ,5,0.5607388418112623,0.05
musk-2,px_κ,9,0.6280175176244394,0.05
musk-2,px_δ,9,0.46385308615601284,0.05
musk-2,px_γ,9,0.5876197710207537,0.05
musk-2,px_κ,15,0.6192947059428581,0.05
musk-2,px_δ,15,0.47570319732250943,0.05
musk-2,px_γ,15,0.604689960201603,0.05
musk-2,px_κ,21,0.6130788767832135,0.05
musk-2,px_δ,21,0.49041436223662244,0.05
musk-2,px_γ,21,0.60970115597332,0.05
musk-2,px_κ,29,0.6093644916011932,0.05
musk-2,px_δ,29,0.5013482399297395,0.05
musk-2,px_γ,29,0.6121404891325848,0.05
musk-2,px_κ,39,0.6016314969102834,0.05
musk-2,px_δ,39,0.5093126666508422,0.05
musk-2,px_γ,39,0.6127560587718673,0.05
musk-2,px_κ,1,0.7941617413183317,0.01
musk-2,px_δ,1,0.43338270549977453,0.01
musk-2,px_γ,1,0.7941617413183317,0.01
musk-2,px_κ,3,0.8808155902110186,0.01
musk-2,px_δ,3,0.4262394075340027,0.01
musk-2,px_γ,3,0.8542075529920007,0.01
musk-2,px_κ,5,0.8875729307602841,0.01
musk-2,px_δ,5,0.4342920553537943,0.01
musk-2,px_γ,5,0.8791564005791734,0.01
musk-2,px_κ,9,0.8614040209831708,0.01
musk-2,px_δ,9,0.4622136770395689,0.01
musk-2,px_γ,9,0.8903453677989036,0.01
musk-2,px_κ,15,0.8072667283818747,0.01
musk-2,px_δ,15,0.5002900614778418,0.01
musk-2,px_γ,15,0.8771226471076934,0.01
musk-2,px_κ,21,0.7754758005174586,0.01
musk-2,px_δ,21,0.5253891618600014,0.01
musk-2,px_γ,21,0.8585083908946334,0.01
musk-2,px_κ,29,0.7367528305917542,0.01
musk-2,px_δ,29,0.5522799022051318,0.01
musk-2,px_γ,29,0.8345389161860004,0.01
musk-2,px_κ,39,0.713008141660139,0.01
musk-2,px_δ,39,0.570823898027487,0.01
musk-2,px_γ,39,0.8090208644876453,0.01
musk-2,px_κ,1,0.8694357805786985,0.005
musk-2,px_δ,1,0.4355152033041373,0.005
musk-2,px_γ,1,0.8694357805786985,0.005
musk-2,px_κ,3,0.9322661349664132,0.005
musk-2,px_δ,3,0.4278601438439079,0.005
musk-2,px_γ,3,0.9234579505803604,0.005
musk-2,px_κ,5,0.9195015310118924,0.005
musk-2,px_δ,5,0.44551639013506145,0.005
musk-2,px_γ,5,0.9345082959481594,0.005
musk-2,px_κ,9,0.8760639939234262,0.005
musk-2,px_δ,9,0.4955455861757933,0.005
musk-2,px_γ,9,0.9269007097248932,0.005
musk-2,px_κ,15,0.8187130005459429,0.005
musk-2,px_δ,15,0.5453920102542192,0.005
musk-2,px_γ,15,0.9030971539794445,0.005
musk-2,px_κ,21,0.7920833630041069,0.005
musk-2,px_δ,21,0.5644083647843527,0.005
musk-2,px_γ,21,0.8824959054333122,0.005
musk-2,px_κ,29,0.7526067554416199,0.005
musk-2,px_δ,29,0.5913366089866837,0.005
musk-2,px_γ,29,0.8566937264117358,0.005
musk-2,px_κ,39,0.7309254907545873,0.005
musk-2,px_δ,39,0.6060737259370029,0.005
musk-2,px_γ,39,0.8312293194711483,0.005
ionosphere,px_κ,1,0.8392857142857144,0.05
ionosphere,px_δ,1,0.742063492063492,0.05
ionosphere,px_γ,1,0.8392857142857144,0.05
ionosphere,px_κ,3,0.8954081632653061,0.05
ionosphere,px_δ,3,0.7185374149659863,0.05
ionosphere,px_γ,3,0.8619614512471656,0.05
ionosphere,px_κ,5,0.9155328798185941,0.05
ionosphere,px_δ,5,0.7071995464852607,0.05
ionosphere,px_γ,5,0.8840702947845804,0.05
ionosphere,px_κ,9,0.9359410430839002,0.05
ionosphere,px_δ,9,0.7046485260770975,0.05
ionosphere,px_γ,9,0.9158163265306122,0.05
ionosphere,px_κ,15,0.905328798185941,0.05
ionosphere,px_δ,15,0.703514739229025,0.05
ionosphere,px_γ,15,0.9220521541950113,0.05
ionosphere,px_κ,21,0.8846371882086167,0.05
ionosphere,px_δ,21,0.7097505668934241,0.05
ionosphere,px_γ,21,0.9163832199546486,0.05
ionosphere,px_κ,29,0.8526077097505669,0.05
ionosphere,px_δ,29,0.7253401360544218,0.05
ionosphere,px_γ,29,0.8999433106575966,0.05
ionosphere,px_κ,39,0.8344671201814059,0.05
ionosphere,px_δ,39,0.7378117913832201,0.05
ionosphere,px_γ,39,0.8917233560090703,0.05
ionosphere,px_κ,1,0.8936507936507937,0.01
ionosphere,px_δ,1,0.7075396825396825,0.01
ionosphere,px_γ,1,0.8936507936507937,0.01
ionosphere,px_κ,3,0.9208333333333334,0.01
ionosphere,px_δ,3,0.6912698412698413,0.01
ionosphere,px_γ,3,0.9097222222222223,0.01
ionosphere,px_κ,5,0.9482142857142858,0.01
ionosphere,px_δ,5,0.690674603174603,0.01
ionosphere,px_γ,5,0.927579365079365,0.01
ionosphere,px_κ,9,0.9359126984126984,0.01
ionosphere,px_δ,9,0.6906746031746032,0.01
ionosphere,px_γ,9,0.9376984126984128,0.01
ionosphere,px_κ,15,0.9007936507936508,0.01
ionosphere,px_δ,15,0.6942460317460317,0.01
ionosphere,px_γ,15,0.9347222222222221,0.01
ionosphere,px_κ,21,0.8640873015873016,0.01
ionosphere,px_δ,21,0.7023809523809523,0.01
ionosphere,px_γ,21,0.922420634920635,0.01
ionosphere,px_κ,29,0.8255952380952379,0.01
ionosphere,px_δ,29,0.7126984126984126,0.01
ionosphere,px_γ,29,0.9059523809523811,0.01
ionosphere,px_κ,39,0.8113095238095239,0.01
ionosphere,px_δ,39,0.7202380952380951,0.01
ionosphere,px_γ,39,0.8884920634920637,0.01
ionosphere,px_κ,1,0.8976190476190474,0.005
ionosphere,px_δ,1,0.6726190476190477,0.005
ionosphere,px_γ,1,0.8976190476190474,0.005
ionosphere,px_κ,3,0.9305555555555556,0.005
ionosphere,px_δ,3,0.6640873015873016,0.005
ionosphere,px_γ,3,0.9194444444444445,0.005
ionosphere,px_κ,5,0.9632936507936506,0.005
ionosphere,px_δ,5,0.6579365079365079,0.005
ionosphere,px_γ,5,0.9371031746031745,0.005
ionosphere,px_κ,9,0.9521825396825397,0.005
ionosphere,px_δ,9,0.6575396825396824,0.005
ionosphere,px_γ,9,0.9509920634920632,0.005
ionosphere,px_κ,15,0.9126984126984127,0.005
ionosphere,px_δ,15,0.6634920634920636,0.005
ionosphere,px_γ,15,0.9470238095238093,0.005
ionosphere,px_κ,21,0.8722222222222221,0.005
ionosphere,px_δ,21,0.6755952380952381,0.005
ionosphere,px_γ,21,0.9367063492063492,0.005
ionosphere,px_κ,29,0.8406746031746032,0.005
ionosphere,px_δ,29,0.690873015873016,0.005
ionosphere,px_γ,29,0.9186507936507937,0.005
ionosphere,px_κ,39,0.8146825396825396,0.005
ionosphere,px_δ,39,0.7069444444444444,0.005
ionosphere,px_γ,39,0.8970238095238094,0.005
page-blocks,px_κ,1,0.7016992743165797,0.05
page-blocks,px_δ,1,0.9414952102145439,0.05
page-blocks,px_γ,1,0.7016992743165797,0.05
page-blocks,px_κ,3,0.7877487664756252,0.05
page-blocks,px_δ,3,0.9410622740829314,0.05
page-blocks,px_γ,3,0.762396232768455,0.05
page-blocks,px_κ,5,0.8171068184004731,0.05
page-blocks,px_δ,5,0.9407410079852664,0.05
page-blocks,px_γ,5,0.7897115820723212,0.05
page-blocks,px_κ,9,0.8615308759053869,0.05
page-blocks,px_δ,9,0.9406997759727318,0.05
page-blocks,px_γ,9,0.8239135364697154,0.05
page-blocks,px_κ,15,0.9057126953366597,0.05
page-blocks,px_δ,15,0.9400091397627786,0.05
page-blocks,px_γ,15,0.8598833134045277,0.05
page-blocks,px_κ,21,0.9320694003490978,0.05
page-blocks,px_δ,21,0.9388202834013661,0.05
page-blocks,px_γ,21,0.8901012245907726,0.05
page-blocks,px_κ,29,0.9476233180774886,0.05
page-blocks,px_δ,29,0.9360336865542408,0.05
page-blocks,px_γ,29,0.9187059332866038,0.05
page-blocks,px_κ,39,0.9500268008081475,0.05
page-blocks,px_δ,39,0.9334326337635206,0.05
page-blocks,px_γ,39,0.9332350637034593,0.05
page-blocks,px_κ,1,0.8050735991423746,0.01
page-blocks,px_δ,1,0.9369201748237334,0.01
page-blocks,px_γ,1,0.8050735991423746,0.01
page-blocks,px_κ,3,0.8952830577660501,0.01
page-blocks,px_δ,3,0.9336247062219106,0.01
page-blocks,px_γ,3,0.8755793097761109,0.01
page-blocks,px_κ,5,0.9330732280542614,0.01
page-blocks,px_δ,5,0.9300447367336,0.01
page-blocks,px_γ,5,0.9076258607182621,0.01
page-blocks,px_κ,9,0.9630262235599719,0.01
page-blocks,px_δ,9,0.9241578361439823,0.01
page-blocks,px_γ,9,0.9451274069187319,0.01
page-blocks,px_κ,15,0.9652800684451407,0.01
page-blocks,px_δ,15,0.9167020574774256,0.01
page-blocks,px_γ,15,0.9598946522079743,0.01
page-blocks,px_κ,21,0.9661608873129097,0.01
page-blocks,px_δ,21,0.9106471364367295,0.01
page-blocks,px_γ,21,0.9630107615552715,0.01
page-blocks,px_κ,29,0.9683812311878943,0.01
page-blocks,px_δ,29,0.9024429967426709,0.01
page-blocks,px_γ,29,0.9653259390590854,0.01
page-blocks,px_κ,39,0.9690244505834332,0.01
page-blocks,px_δ,39,0.8950140188842617,0.01
page-blocks,px_γ,39,0.967387539685812,0.01
page-blocks,px_κ,1,0.832894384199893,0.005
page-blocks,px_δ,1,0.9378638725106173,0.005
page-blocks,px_γ,1,0.832894384199893,0.005
page-blocks,px_κ,3,0.9082257865006399,0.005
page-blocks,px_δ,3,0.9318522450830826,0.005
page-blocks,px_γ,3,0.891778336700615,0.005
page-blocks,px_κ,5,0.9480017935925454,0.005
page-blocks,px_δ,5,0.9276568878076941,0.005
page-blocks,px_γ,5,0.9237924174328954,0.005
page-blocks,px_κ,9,0.9709164845586112,0.005
page-blocks,px_δ,9,0.9211185214200306,0.005
page-blocks,px_γ,9,0.9616732981486825,0.005
page-blocks,px_κ,15,0.9681075537046964,0.005
page-blocks,px_δ,15,0.9149429967426711,0.005
page-blocks,px_γ,15,0.9676014307508349,0.005
page-blocks,px_κ,21,0.9687270646930276,0.005
page-blocks,px_δ,21,0.9079706634230817,0.005
page-blocks,px_γ,21,0.9685239970312951,0.005
page-blocks,px_κ,29,0.9706845544881046,0.005
page-blocks,px_δ,29,0.8993304951964705,0.005
page-blocks,px_γ,29,0.9695723209499857,0.005
page-blocks,px_κ,39,0.9700671051004,0.005
page-blocks,px_δ,39,0.8926138003545953,0.005
page-blocks,px_γ,39,0.9703742835937824,0.005
parkinsons,px_κ,1,0.6683558558558559,0.05
parkinsons,px_δ,1,0.8372747747747749,0.05
parkinsons,px_γ,1,0.6683558558558559,0.05
parkinsons,px_κ,3,0.7449324324324323,0.05
parkinsons,px_δ,3,0.7939189189189189,0.05
parkinsons,px_γ,3,0.740990990990991,0.05
parkinsons,px_κ,5,0.732545045045045,0.05
parkinsons,px_δ,5,0.7916666666666665,0.05
parkinsons,px_γ,5,0.7421171171171171,0.05
parkinsons,px_κ,9,0.7156531531531533,0.05
parkinsons,px_δ,9,0.8108108108108106,0.05
parkinsons,px_γ,9,0.7359234234234234,0.05
parkinsons,px_κ,15,0.7088963963963963,0.05
parkinsons,px_δ,15,0.8209459459459459,0.05
parkinsons,px_γ,15,0.732545045045045,0.05
parkinsons,px_κ,21,0.7167792792792792,0.05
parkinsons,px_δ,21,0.8209459459459459,0.05
parkinsons,px_γ,21,0.723536036036036,0.05
parkinsons,px_κ,29,0.741554054054054,0.05
parkinsons,px_δ,29,0.8119369369369368,0.05
parkinsons,px_γ,29,0.7291666666666666,0.05
parkinsons,px_κ,39,0.75,0.05
parkinsons,px_δ,39,0.7967342342342341,0.05
parkinsons,px_γ,39,0.7381756756756758,0.05
parkinsons,px_κ,1,0.7631756756756756,0.01
parkinsons,px_δ,1,0.7817567567567567,0.01
parkinsons,px_γ,1,0.7631756756756756,0.01
parkinsons,px_κ,3,0.7817567567567567,0.01
parkinsons,px_δ,3,0.7861486486486486,0.01
parkinsons,px_γ,3,0.785472972972973,0.01
parkinsons,px_κ,5,0.7537162162162161,0.01
parkinsons,px_δ,5,0.8010135135135135,0.01
parkinsons,px_γ,5,0.7875000000000001,0.01
parkinsons,px_κ,9,0.729054054054054,0.01
parkinsons,px_δ,9,0.8192567567567567,0.01
parkinsons,px_γ,9,0.7692567567567568,0.01
parkinsons,px_κ,15,0.7219594594594594,0.01
parkinsons,px_δ,15,0.8378378378378377,0.01
parkinsons,px_γ,15,0.756418918918919,0.01
parkinsons,px_κ,21,0.7341216216216215,0.01
parkinsons,px_δ,21,0.8351351351351353,0.01
parkinsons,px_γ,21,0.7500000000000001,0.01
parkinsons,px_κ,29,0.7456081081081081,0.01
parkinsons,px_δ,29,0.8320945945945946,0.01
parkinsons,px_γ,29,0.7510135135135134,0.01
parkinsons,px_κ,39,0.7567567567567568,0.01
parkinsons,px_δ,39,0.8111486486486488,0.01
parkinsons,px_γ,39,0.7557432432432433,0.01
parkinsons,px_κ,1,0.7655405405405405,0.005
parkinsons,px_δ,1,0.777027027027027,0.005
parkinsons,px_γ,1,0.7655405405405405,0.005
parkinsons,px_κ,3,0.7719594594594594,0.005
parkinsons,px_δ,3,0.7530405405405405,0.005
parkinsons,px_γ,3,0.785135135135135,0.005
parkinsons,px_κ,5,0.7385135135135135,0.005
parkinsons,px_δ,5,0.7692567567567565,0.005
parkinsons,px_γ,5,0.7746621621621621,0.005
parkinsons,px_κ,9,0.7087837837837838,0.005
parkinsons,px_δ,9,0.7949324324324324,0.005
parkinsons,px_γ,9,0.7479729729729729,0.005
parkinsons,px_κ,15,0.6976351351351351,0.005
parkinsons,px_δ,15,0.8104729729729728,0.005
parkinsons,px_γ,15,0.7331081081081081,0.005
parkinsons,px_κ,21,0.6932432432432432,0.005
parkinsons,px_δ,21,0.8118243243243244,0.005
parkinsons,px_γ,21,0.7249999999999999,0.005
parkinsons,px_κ,29,0.6979729729729728,0.005
parkinsons,px_δ,29,0.8027027027027026,0.005
parkinsons,px_γ,29,0.7172297297297299,0.005
parkinsons,px_κ,39,0.7067567567567566,0.005
parkinsons,px_δ,39,0.7864864864864864,0.005
parkinsons,px_γ,39,0.7165540540540539,0.005
pendigits,px_κ,1,0.8339229115350517,0.05
pendigits,px_δ,1,0.7207056004922711,0.05
pendigits,px_γ,1,0.8339229115350517,0.05
pendigits,px_κ,3,0.9008238802383436,0.05
pendigits,px_δ,3,0.7066218998672835,0.05
pendigits,px_γ,3,0.8853515713893,0.05
pendigits,px_κ,5,0.9206779284568656,0.05
pendigits,px_δ,5,0.6983064532278883,0.05
pendigits,px_γ,5,0.9050630722149098,0.05
pendigits,px_κ,9,0.9355653014522357,0.05
pendigits,px_δ,9,0.6859041928595225,0.05
pendigits,px_γ,9,0.9224840749256771,0.05
pendigits,px_κ,15,0.9444893508176904,0.05
pendigits,px_δ,15,0.6726801458607552,0.05
pendigits,px_γ,15,0.9347055567995833,0.05
pendigits,px_κ,21,0.9478619711591852,0.05
pendigits,px_δ,21,0.6622705906341084,0.05
pendigits,px_γ,21,0.9408696847390545,0.05
pendigits,px_κ,29,0.9496561931653713,0.05
pendigits,px_δ,29,0.6488571631430337,0.05
pendigits,px_γ,29,0.9460702068666699,0.05
pendigits,px_κ,39,0.9476344050785467,0.05
pendigits,px_δ,39,0.6333634630824099,0.05
pendigits,px_γ,39,0.9489902437869908,0.05
pendigits,px_κ,1,0.9364271124049003,0.01
pendigits,px_δ,1,0.7084519134666325,0.01
pendigits,px_γ,1,0.9364271124049003,0.01
pendigits,px_κ,3,0.9790441678454591,0.01
pendigits,px_δ,3,0.6660243204421701,0.01
pendigits,px_γ,3,0.9725868801782662,0.01
pendigits,px_κ,5,0.9849286989956143,0.01
pendigits,px_δ,5,0.6423975543018181,0.01
pendigits,px_γ,5,0.9807370410219718,0.01
pendigits,px_κ,9,0.9857487561238033,0.01
pendigits,px_δ,9,0.6167028405708451,0.01
pendigits,px_γ,9,0.9852503317913456,0.01
pendigits,px_κ,15,0.9813682365085172,0.01
pendigits,px_δ,15,0.5970645887152712,0.01
pendigits,px_γ,15,0.9857165327667847,0.01
pendigits,px_κ,21,0.975421224815262,0.01
pendigits,px_δ,21,0.5877650371114764,0.01
pendigits,px_γ,21,0.9840278103955825,0.01
pendigits,px_κ,29,0.9691282489609334,0.01
pendigits,px_δ,29,0.5820621310016002,0.01
pendigits,px_γ,29,0.981078444758789,0.01
pendigits,px_κ,39,0.9614342397745457,0.01
pendigits,px_δ,39,0.5779863405735757,0.01
pendigits,px_γ,39,0.9776934903357237,0.01
pendigits,px_κ,1,0.9595868310239928,0.005
pendigits,px_δ,1,0.6990999579457885,0.005
pendigits,px_γ,1,0.9595868310239928,0.005
pendigits,px_κ,3,0.9890003659262575,0.005
pendigits,px_δ,3,0.6419703490499572,0.005
pendigits,px_γ,3,0.9858247540920934,0.005
pendigits,px_κ,5,0.9906901806146466,0.005
pendigits,px_δ,5,0.6170448450821151,0.005
pendigits,px_γ,5,0.9895576115392386,0.005
pendigits,px_κ,9,0.9882590102513967,0.005
pendigits,px_δ,9,0.5960996630201478,0.005
pendigits,px_γ,9,0.990265760771613,0.005
pendigits,px_κ,15,0.9836411301113618,0.005
pendigits,px_δ,15,0.5852966460400771,0.005
pendigits,px_γ,15,0.9890884613073945,0.005
pendigits,px_κ,21,0.977894094387128,0.005
pendigits,px_δ,21,0.5807672162842646,0.005
pendigits,px_γ,21,0.9872505830242986,0.005
pendigits,px_κ,29,0.9713038990261994,0.005
pendigits,px_δ,29,0.577158582609218,0.005
pendigits,px_γ,29,0.9842646247617383,0.005
pendigits,px_κ,39,0.9636361873760902,0.005
pendigits,px_δ,39,0.5745070645614073,0.005
pendigits,px_γ,39,0.9806491094884132,0.005
pima-indians,px_κ,1,0.8878933333333333,0.05
pima-indians,px_δ,1,0.60064,0.05
pima-indians,px_γ,1,0.8878933333333333,0.05
pima-indians,px_κ,3,0.8990933333333334,0.05
pima-indians,px_δ,3,0.46848,0.05
pima-indians,px_γ,3,0.9029333333333334,0.05
pima-indians,px_κ,5,0.8897066666666666,0.05
pima-indians,px_δ,5,0.44149333333333335,0.05
pima-indians,px_γ,5,0.9010133333333332,0.05
pima-indians,px_κ,9,0.88416,0.05
pima-indians,px_δ,9,0.41328000000000004,0.05
pima-indians,px_γ,9,0.8940266666666666,0.05
pima-indians,px_κ,15,0.8810133333333333,0.05
pima-indians,px_δ,15,0.41359999999999997,0.05
pima-indians,px_γ,15,0.8902933333333333,0.05
pima-indians,px_κ,21,0.8814933333333334,0.05
pima-indians,px_δ,21,0.4386666666666667,0.05
pima-indians,px_γ,21,0.8882133333333333,0.05
pima-indians,px_κ,29,0.8826666666666666,0.05
pima-indians,px_δ,29,0.47167999999999993,0.05
pima-indians,px_γ,29,0.8866666666666667,0.05
pima-indians,px_κ,39,0.8796266666666667,0.05
pima-indians,px_δ,39,0.5166933333333333,0.05
pima-indians,px_γ,39,0.8862933333333333,0.05
pima-indians,px_κ,1,0.9013760000000002,0.01
pima-indians,px_δ,1,0.547008,0.01
pima-indians,px_γ,1,0.9013760000000002,0.01
pima-indians,px_κ,3,0.902496,0.01
pima-indians,px_δ,3,0.4429760000000001,0.01
pima-indians,px_γ,3,0.909376,0.01
pima-indians,px_κ,5,0.892544,0.01
pima-indians,px_δ,5,0.41552000000000006,0.01
pima-indians,px_γ,5,0.9059839999999999,0.01
pima-indians,px_κ,9,0.8864639999999999,0.01
pima-indians,px_δ,9,0.40771199999999996,0.01
pima-indians,px_γ,9,0.89824,0.01
pima-indians,px_κ,15,0.885152,0.01
pima-indians,px_δ,15,0.43523199999999995,0.01
pima-indians,px_γ,15,0.893248,0.01
pima-indians,px_κ,21,0.883488,0.01
pima-indians,px_δ,21,0.46691200000000005,0.01
pima-indians,px_γ,21,0.89024,0.01
pima-indians,px_κ,29,0.8815999999999999,0.01
pima-indians,px_δ,29,0.507264,0.01
pima-indians,px_γ,29,0.8885759999999999,0.01
pima-indians,px_κ,39,0.8782400000000001,0.01
pima-indians,px_δ,39,0.554944,0.01
pima-indians,px_γ,39,0.8862080000000001,0.01
pima-indians,px_κ,1,0.90384,0.005
pima-indians,px_δ,1,0.5898559999999999,0.005
pima-indians,px_γ,1,0.90384,0.005
pima-indians,px_κ,3,0.9066880000000002,0.005
pima-indians,px_δ,3,0.4645119999999999,0.005
pima-indians,px_γ,3,0.9128639999999999,0.005
pima-indians,px_κ,5,0.8983999999999999,0.005
pima-indians,px_δ,5,0.45164800000000005,0.005
pima-indians,px_γ,5,0.911136,0.005
pima-indians,px_κ,9,0.8928960000000001,0.005
pima-indians,px_δ,9,0.4393600000000001,0.005
pima-indians,px_γ,9,0.904768,0.005
pima-indians,px_κ,15,0.892288,0.005
pima-indians,px_δ,15,0.44806400000000013,0.005
pima-indians,px_γ,15,0.8997119999999998,0.005
pima-indians,px_κ,21,0.8911680000000001,0.005
pima-indians,px_δ,21,0.483104,0.005
pima-indians,px_γ,21,0.896992,0.005
pima-indians,px_κ,29,0.889824,0.005
pima-indians,px_δ,29,0.527104,0.005
pima-indians,px_γ,29,0.8961279999999998,0.005
pima-indians,px_κ,39,0.8862720000000002,0.005
pima-indians,px_δ,39,0.574688,0.005
pima-indians,px_γ,39,0.8941440000000002,0.005
sonar,px_κ,1,0.5586734693877551,0.05
sonar,px_δ,1,0.4868197278911565,0.05
sonar,px_γ,1,0.5586734693877551,0.05
sonar,px_κ,3,0.52593537414966,0.05
sonar,px_δ,3,0.4375,0.05
sonar,px_γ,3,0.5463435374149661,0.05
sonar,px_κ,5,0.45833333333333326,0.05
sonar,px_δ,5,0.45280612244897966,0.05
sonar,px_γ,5,0.5246598639455783,0.05
sonar,px_κ,9,0.42559523809523814,0.05
sonar,px_δ,9,0.4948979591836735,0.05
sonar,px_γ,9,0.4791666666666667,0.05
sonar,px_κ,15,0.407312925170068,0.05
sonar,px_δ,15,0.5089285714285715,0.05
sonar,px_γ,15,0.4489795918367347,0.05
sonar,px_κ,21,0.42772108843537415,0.05
sonar,px_δ,21,0.5114795918367347,0.05
sonar,px_γ,21,0.4387755102040816,0.05
sonar,px_κ,29,0.4506802721088435,0.05
sonar,px_δ,29,0.5063775510204082,0.05
sonar,px_γ,29,0.4362244897959184,0.05
sonar,px_κ,39,0.4804421768707483,0.05
sonar,px_δ,39,0.4889455782312926,0.05
sonar,px_γ,39,0.44472789115646266,0.05
sonar,px_κ,1,0.6331632653061225,0.01
sonar,px_δ,1,0.39260204081632655,0.01
sonar,px_γ,1,0.6331632653061225,0.01
sonar,px_κ,3,0.5415816326530613,0.01
sonar,px_δ,3,0.425,0.01
sonar,px_γ,3,0.6007653061224489,0.01
sonar,px_κ,5,0.4762755102040817,0.01
sonar,px_δ,5,0.4670918367346939,0.01
sonar,px_γ,5,0.5668367346938774,0.01
sonar,px_κ,9,0.4369897959183674,0.01
sonar,px_δ,9,0.5051020408163266,0.01
sonar,px_γ,9,0.5178571428571429,0.01
sonar,px_κ,15,0.43443877551020416,0.01
sonar,px_δ,15,0.5244897959183673,0.01
sonar,px_γ,15,0.47857142857142854,0.01
sonar,px_κ,21,0.461734693877551,0.01
sonar,px_δ,21,0.5142857142857145,0.01
sonar,px_γ,21,0.4691326530612246,0.01
sonar,px_κ,29,0.4665816326530612,0.01
sonar,px_δ,29,0.49948979591836745,0.01
sonar,px_γ,29,0.47117346938775506,0.01
sonar,px_κ,39,0.498469387755102,0.01
sonar,px_δ,39,0.4854591836734694,0.01
sonar,px_γ,39,0.4767857142857143,0.01
sonar,px_κ,1,0.610969387755102,0.005
sonar,px_δ,1,0.4219387755102041,0.005
sonar,px_γ,1,0.610969387755102,0.005
sonar,px_κ,3,0.55,0.005
sonar,px_δ,3,0.4158163265306122,0.005
sonar,px_γ,3,0.5836734693877552,0.005
sonar,px_κ,5,0.4982142857142858,0.005
sonar,px_δ,5,0.4642857142857143,0.005
sonar,px_γ,5,0.5607142857142857,0.005
sonar,px_κ,9,0.4627551020408164,0.005
sonar,px_δ,9,0.48392857142857143,0.005
sonar,px_γ,9,0.5229591836734695,0.005
sonar,px_κ,15,0.45229591836734684,0.005
sonar,px_δ,15,0.5061224489795919,0.005
sonar,px_γ,15,0.49158163265306126,0.005
sonar,px_κ,21,0.4660714285714286,0.005
sonar,px_δ,21,0.5183673469387755,0.005
sonar,px_γ,21,0.47882653061224484,0.005
sonar,px_κ,29,0.47857142857142865,0.005
sonar,px_δ,29,0.5178571428571429,0.005
sonar,px_γ,29,0.4806122448979592,0.005
sonar,px_κ,39,0.5165816326530612,0.005
sonar,px_δ,39,0.5033163265306123,0.005
sonar,px_γ,39,0.4892857142857143,0.005
spect-heart,px_κ,1,0.26257861635220126,0.05
spect-heart,px_δ,1,0.2610062893081761,0.05
spect-heart,px_γ,1,0.26257861635220126,0.05
spect-heart,px_κ,3,0.2311320754716981,0.05
spect-heart,px_δ,3,0.28144654088050314,0.05
spect-heart,px_γ,3,0.25,0.05
spect-heart,px_κ,5,0.2421383647798742,0.05
spect-heart,px_δ,5,0.2735849056603774,0.05
spect-heart,px_γ,5,0.24056603773584903,0.05
spect-heart,px_κ,9,0.2641509433962264,0.05
spect-heart,px_δ,9,0.29874213836477986,0.05
spect-heart,px_γ,9,0.24842767295597482,0.05
spect-heart,px_κ,15,0.2578616352201258,0.05
spect-heart,px_δ,15,0.30660377358490565,0.05
spect-heart,px_γ,15,0.25471698113207547,0.05
spect-heart,px_κ,21,0.2452830188679245,0.05
spect-heart,px_δ,21,0.3223270440251572,0.05
spect-heart,px_γ,21,0.2578616352201258,0.05
spect-heart,px_κ,29,0.27201257861635225,0.05
spect-heart,px_δ,29,0.3522012578616352,0.05
spect-heart,px_γ,29,0.25943396226415094,0.05
spect-heart,px_κ,39,0.27044025157232704,0.05
spect-heart,px_δ,39,0.3679245283018868,0.05
spect-heart,px_γ,39,0.25471698113207547,0.05
spect-heart,px_κ,1,0.29150943396226414,0.01
spect-heart,px_δ,1,0.23113207547169812,0.01
spect-heart,px_γ,1,0.29150943396226414,0.01
spect-heart,px_κ,3,0.2716981132075472,0.01
spect-heart,px_δ,3,0.30566037735849055,0.01
spect-heart,px_γ,3,0.2792452830188679,0.01
spect-heart,px_κ,5,0.2669811320754717,0.01
spect-heart,px_δ,5,0.3179245283018868,0.01
spect-heart,px_γ,5,0.269811320754717,0.01
spect-heart,px_κ,9,0.28867924528301886,0.01
spect-heart,px_δ,9,0.3424528301886792,0.01
spect-heart,px_γ,9,0.27641509433962264,0.01
spect-heart,px_κ,15,0.289622641509434,0.01
spect-heart,px_δ,15,0.360377358490566,0.01
spect-heart,px_γ,15,0.279245283018868,0.01
spect-heart,px_κ,21,0.28113207547169816,0.01
spect-heart,px_δ,21,0.38773584905660374,0.01
spect-heart,px_γ,21,0.28018867924528307,0.01
spect-heart,px_κ,29,0.29056603773584905,0.01
spect-heart,px_δ,29,0.4018867924528302,0.01
spect-heart,px_γ,29,0.28679245283018867,0.01
spect-heart,px_κ,39,0.2924528301886792,0.01
spect-heart,px_δ,39,0.41792452830188676,0.01
spect-heart,px_γ,39,0.2867924528301887,0.01
spect-heart,px_κ,1,0.32452830188679244,0.005
spect-heart,px_δ,1,0.2726415094339622,0.005
spect-heart,px_γ,1,0.32452830188679244,0.005
spect-heart,px_κ,3,0.29622641509433967,0.005
spect-heart,px_δ,3,0.3009433962264151,0.005
spect-heart,px_γ,3,0.3037735849056603,0.005
spect-heart,px_κ,5,0.3,0.005
spect-heart,px_δ,5,0.3122641509433962,0.005
spect-heart,px_γ,5,0.30188679245283023,0.005
spect-heart,px_κ,9,0.3047169811320755,0.005
spect-heart,px_δ,9,0.3320754716981132,0.005
spect-heart,px_γ,9,0.30094339622641514,0.005
spect-heart,px_κ,15,0.30188679245283023,0.005
spect-heart,px_δ,15,0.3547169811320755,0.005
spect-heart,px_γ,15,0.30188679245283023,0.005
spect-heart,px_κ,21,0.29339622641509433,0.005
spect-heart,px_δ,21,0.3669811320754718,0.005
spect-heart,px_γ,21,0.3009433962264151,0.005
spect-heart,px_κ,29,0.2952830188679245,0.005
spect-heart,px_δ,29,0.3905660377358491,0.005
spect-heart,px_γ,29,0.30188679245283023,0.005
spect-heart,px_κ,39,0.3009433962264151,0.005
spect-heart,px_δ,39,0.4047169811320755,0.005
spect-heart,px_γ,39,0.3,0.005
statlog-satimage,px_κ,1,0.6459324660326888,0.05
statlog-satimage,px_δ,1,0.6942414654552739,0.05
statlog-satimage,px_γ,1,0.6459324660326888,0.05
statlog-satimage,px_κ,3,0.6747406052250152,0.05
statlog-satimage,px_δ,3,0.7026920493512923,0.05
statlog-satimage,px_γ,3,0.665344504542723,0.05
statlog-satimage,px_κ,5,0.6870670861762177,0.05
statlog-satimage,px_δ,5,0.7045235738442867,0.05
statlog-satimage,px_γ,5,0.675083077031852,0.05
statlog-satimage,px_κ,9,0.705218091938582,0.05
statlog-satimage,px_δ,9,0.7056471759701158,0.05
statlog-satimage,px_γ,9,0.6879726847432862,0.05
statlog-satimage,px_κ,15,0.7290071410895465,0.05
statlog-satimage,px_δ,15,0.7063553929366848,0.05
statlog-satimage,px_γ,15,0.7036084007965968,0.05
statlog-satimage,px_κ,21,0.7503302459315823,0.05
statlog-satimage,px_δ,21,0.7068815474717479,0.05
statlog-satimage,px_γ,21,0.7173654564523161,0.05
statlog-satimage,px_κ,29,0.7757338471146936,0.05
statlog-satimage,px_δ,29,0.7071673088933669,0.05
statlog-satimage,px_γ,29,0.7344288012161063,0.05
statlog-satimage,px_κ,39,0.8082140205748224,0.05
statlog-satimage,px_δ,39,0.7066069808274708,0.05
statlog-satimage,px_γ,39,0.7558150976302426,0.05
statlog-satimage,px_κ,1,0.7779237812422667,0.01
statlog-satimage,px_δ,1,0.6918439565878318,0.01
statlog-satimage,px_γ,1,0.7779237812422667,0.01
statlog-satimage,px_κ,3,0.8328125994272988,0.01
statlog-satimage,px_δ,3,0.6954270512956482,0.01
statlog-satimage,px_γ,3,0.8175463110262665,0.01
statlog-satimage,px_κ,5,0.8634720896524908,0.01
statlog-satimage,px_δ,5,0.6949757839290134,0.01
statlog-satimage,px_γ,5,0.8410281224590802,0.01
statlog-satimage,px_κ,9,0.8891309612189344,0.01
statlog-satimage,px_δ,9,0.6913758970551844,0.01
statlog-satimage,px_γ,9,0.8684136705907308,0.01
statlog-satimage,px_κ,15,0.9074951391098385,0.01
statlog-satimage,px_δ,15,0.6852941280446849,0.01
statlog-satimage,px_γ,15,0.8913605189663096,0.01
statlog-satimage,px_κ,21,0.9092461201258528,0.01
statlog-satimage,px_δ,21,0.6784365609644007,0.01
statlog-satimage,px_γ,21,0.9005985081486196,0.01
statlog-satimage,px_κ,29,0.9069971188178314,0.01
statlog-satimage,px_δ,29,0.6721578817124475,0.01
statlog-satimage,px_γ,29,0.9038588397497085,0.01
statlog-satimage,px_κ,39,0.9053153392017534,0.01
statlog-satimage,px_δ,39,0.6677878530773854,0.01
statlog-satimage,px_γ,39,0.9044258846820095,0.01
statlog-satimage,px_κ,1,0.8378104783115919,0.005
statlog-satimage,px_δ,1,0.6892995015378088,0.005
statlog-satimage,px_γ,1,0.8378104783115919,0.005
statlog-satimage,px_κ,3,0.8897807296638032,0.005
statlog-satimage,px_δ,3,0.6921497507689044,0.005
statlog-satimage,px_γ,3,0.876092374589034,0.005
statlog-satimage,px_κ,5,0.9120725068052463,0.005
statlog-satimage,px_δ,5,0.6899657086294056,0.005
statlog-satimage,px_γ,5,0.8975122847951358,0.005
statlog-satimage,px_κ,9,0.9276112701947892,0.005
statlog-satimage,px_δ,9,0.6832997490013082,0.005
statlog-satimage,px_γ,9,0.9186979884752716,0.005
statlog-satimage,px_κ,15,0.9230547601371655,0.005
statlog-satimage,px_δ,15,0.673017287093011,0.005
statlog-satimage,px_γ,15,0.9242933149503306,0.005
statlog-satimage,px_κ,21,0.9158109732385901,0.005
statlog-satimage,px_δ,21,0.6678380528157811,0.005
statlog-satimage,px_γ,21,0.9224603174603174,0.005
statlog-satimage,px_κ,29,0.9105495457277195,0.005
statlog-satimage,px_δ,29,0.6649043730335491,0.005
statlog-satimage,px_γ,29,0.9188185385512779,0.005
statlog-satimage,px_κ,39,0.9081284689079789,0.005
statlog-satimage,px_δ,39,0.6633110616184114,0.005
statlog-satimage,px_γ,39,0.9152729168876161,0.005
statlog-vehicle,px_κ,1,0.6607395612172683,0.05
statlog-vehicle,px_δ,1,0.4587756546355273,0.05
statlog-vehicle,px_γ,1,0.6607395612172683,0.05
statlog-vehicle,px_κ,3,0.663658881811748,0.05
statlog-vehicle,px_δ,3,0.4233899504600142,0.05
statlog-vehicle,px_γ,3,0.6672859164897381,0.05
statlog-vehicle,px_κ,5,0.6740092002830856,0.05
statlog-vehicle,px_δ,5,0.40799716914366607,0.05
statlog-vehicle,px_γ,5,0.6720629865534323,0.05
statlog-vehicle,px_κ,9,0.6485314932767162,0.05
statlog-vehicle,px_δ,9,0.3783616418966737,0.05
statlog-vehicle,px_γ,9,0.6672859164897381,0.05
statlog-vehicle,px_κ,15,0.6250000000000001,0.05
statlog-vehicle,px_δ,15,0.3666843595187544,0.05
statlog-vehicle,px_γ,15,0.6529547062986554,0.05
statlog-vehicle,px_κ,21,0.6224345364472754,0.05
statlog-vehicle,px_δ,21,0.3661535739561217,0.05
statlog-vehicle,px_γ,21,0.6406581740976646,0.05
statlog-vehicle,px_κ,29,0.622169143665959,0.05
statlog-vehicle,px_δ,29,0.3779193205944799,0.05
statlog-vehicle,px_γ,29,0.6352618542108989,0.05
statlog-vehicle,px_κ,39,0.6423389950460013,0.05
statlog-vehicle,px_δ,39,0.38818117480537867,0.05
statlog-vehicle,px_γ,39,0.6362349610757255,0.05
statlog-vehicle,px_κ,1,0.7739384288747345,0.01
statlog-vehicle,px_δ,1,0.42717622080679407,0.01
statlog-vehicle,px_γ,1,0.7739384288747345,0.01
statlog-vehicle,px_κ,3,0.7650743099787685,0.01
statlog-vehicle,px_δ,3,0.3811571125265393,0.01
statlog-vehicle,px_γ,3,0.7858280254777071,0.01
statlog-vehicle,px_κ,5,0.7562101910828025,0.01
statlog-vehicle,px_δ,5,0.36618895966029724,0.01
statlog-vehicle,px_γ,5,0.7796178343949045,0.01
statlog-vehicle,px_κ,9,0.7187898089171976,0.01
statlog-vehicle,px_δ,9,0.3542993630573249,0.01
statlog-vehicle,px_γ,9,0.7626326963906582,0.01
statlog-vehicle,px_κ,15,0.7135350318471338,0.01
statlog-vehicle,px_δ,15,0.3609872611464968,0.01
statlog-vehicle,px_γ,15,0.744267515923567,0.01
statlog-vehicle,px_κ,21,0.7006369426751593,0.01
statlog-vehicle,px_δ,21,0.3792993630573248,0.01
statlog-vehicle,px_γ,21,0.7332271762208068,0.01
statlog-vehicle,px_κ,29,0.6990976645435245,0.01
statlog-vehicle,px_δ,29,0.3890658174097664,0.01
statlog-vehicle,px_γ,29,0.7239384288747346,0.01
statlog-vehicle,px_κ,39,0.7075371549893844,0.01
statlog-vehicle,px_δ,39,0.40621019108280254,0.01
statlog-vehicle,px_γ,39,0.7193736730360933,0.01
statlog-vehicle,px_κ,1,0.7795647558386413,0.005
statlog-vehicle,px_δ,1,0.4315817409766455,0.005
statlog-vehicle,px_γ,1,0.7795647558386413,0.005
statlog-vehicle,px_κ,3,0.7693736730360935,0.005
statlog-vehicle,px_δ,3,0.38455414012738853,0.005
statlog-vehicle,px_γ,3,0.7861464968152866,0.005
statlog-vehicle,px_κ,5,0.7576963906581742,0.005
statlog-vehicle,px_δ,5,0.381687898089172,0.005
statlog-vehicle,px_γ,5,0.7818471337579619,0.005
statlog-vehicle,px_κ,9,0.7239915074309979,0.005
statlog-vehicle,px_δ,9,0.3692675159235669,0.005
statlog-vehicle,px_γ,9,0.7668259023354566,0.005
statlog-vehicle,px_κ,15,0.7157643312101911,0.005
statlog-vehicle,px_δ,15,0.3750530785562633,0.005
statlog-vehicle,px_γ,15,0.748407643312102,0.005
statlog-vehicle,px_κ,21,0.7026539278131636,0.005
statlog-vehicle,px_δ,21,0.3975053078556264,0.005
statlog-vehicle,px_γ,21,0.7368895966029724,0.005
statlog-vehicle,px_κ,29,0.7111995753715499,0.005
statlog-vehicle,px_δ,29,0.4131104033970276,0.005
statlog-vehicle,px_γ,29,0.7298301486199577,0.005
statlog-vehicle,px_κ,39,0.7209129511677282,0.005
statlog-vehicle,px_δ,39,0.4276008492569002,0.005
statlog-vehicle,px_γ,39,0.7257430997876858,0.005
synthetic-control-chart,px_κ,1,0.94,0.05
synthetic-control-chart,px_δ,1,0.8013605442176871,0.05
synthetic-control-chart,px_γ,1,0.94,0.05
synthetic-control-chart,px_κ,3,0.968061224489796,0.05
synthetic-control-chart,px_δ,3,0.7930442176870748,0.05
synthetic-control-chart,px_γ,3,0.9663265306122448,0.05
synthetic-control-chart,px_κ,5,0.9701360544217686,0.05
synthetic-control-chart,px_δ,5,0.7793537414965986,0.05
synthetic-control-chart,px_γ,5,0.9709863945578232,0.05
synthetic-control-chart,px_κ,9,0.9686734693877551,0.05
synthetic-control-chart,px_δ,9,0.7738095238095237,0.05
synthetic-control-chart,px_γ,9,0.9710544217687076,0.05
synthetic-control-chart,px_κ,15,0.966156462585034,0.05
synthetic-control-chart,px_δ,15,0.7729251700680274,0.05
synthetic-control-chart,px_γ,15,0.9701700680272108,0.05
synthetic-control-chart,px_κ,21,0.9634353741496599,0.05
synthetic-control-chart,px_δ,21,0.7734693877551021,0.05
synthetic-control-chart,px_γ,21,0.9690136054421769,0.05
synthetic-control-chart,px_κ,29,0.9599319727891156,0.05
synthetic-control-chart,px_δ,29,0.773639455782313,0.05
synthetic-control-chart,px_γ,29,0.9668707482993196,0.05
synthetic-control-chart,px_κ,39,0.9529251700680272,0.05
synthetic-control-chart,px_δ,39,0.7729931972789116,0.05
synthetic-control-chart,px_γ,39,0.9650340136054423,0.05
synthetic-control-chart,px_κ,1,0.9524285714285714,0.01
synthetic-control-chart,px_δ,1,0.7523877551020408,0.01
synthetic-control-chart,px_γ,1,0.9524285714285714,0.01
synthetic-control-chart,px_κ,3,0.9686530612244899,0.01
synthetic-control-chart,px_δ,3,0.752938775510204,0.01
synthetic-control-chart,px_γ,3,0.9690204081632652,0.01
synthetic-control-chart,px_κ,5,0.9671224489795917,0.01
synthetic-control-chart,px_δ,5,0.7552244897959184,0.01
synthetic-control-chart,px_γ,5,0.969265306122449,0.01
synthetic-control-chart,px_κ,9,0.9673265306122449,0.01
synthetic-control-chart,px_δ,9,0.7586122448979591,0.01
synthetic-control-chart,px_γ,9,0.9697142857142858,0.01
synthetic-control-chart,px_κ,15,0.9650612244897958,0.01
synthetic-control-chart,px_δ,15,0.7594489795918369,0.01
synthetic-control-chart,px_γ,15,0.9686326530612245,0.01
synthetic-control-chart,px_κ,21,0.9619591836734693,0.01
synthetic-control-chart,px_δ,21,0.7594285714285716,0.01
synthetic-control-chart,px_γ,21,0.9675306122448978,0.01
synthetic-control-chart,px_κ,29,0.9582857142857144,0.01
synthetic-control-chart,px_δ,29,0.7591836734693878,0.01
synthetic-control-chart,px_γ,29,0.9658163265306122,0.01
synthetic-control-chart,px_κ,39,0.952795918367347,0.01
synthetic-control-chart,px_δ,39,0.7589999999999999,0.01
synthetic-control-chart,px_γ,39,0.9635714285714286,0.01
synthetic-control-chart,px_κ,1,0.9730000000000001,0.005
synthetic-control-chart,px_δ,1,0.734469387755102,0.005
synthetic-control-chart,px_γ,1,0.9730000000000001,0.005
synthetic-control-chart,px_κ,3,0.9783469387755103,0.005
synthetic-control-chart,px_δ,3,0.7472244897959184,0.005
synthetic-control-chart,px_γ,3,0.979795918367347,0.005
synthetic-control-chart,px_κ,5,0.9783469387755103,0.005
synthetic-control-chart,px_δ,5,0.7495306122448979,0.005
synthetic-control-chart,px_γ,5,0.9800408163265304,0.005
synthetic-control-chart,px_κ,9,0.9775306122448979,0.005
synthetic-control-chart,px_δ,9,0.7519387755102039,0.005
synthetic-control-chart,px_γ,9,0.9796326530612246,0.005
synthetic-control-chart,px_κ,15,0.9746326530612244,0.005
synthetic-control-chart,px_δ,15,0.7526530612244897,0.005
synthetic-control-chart,px_γ,15,0.9786530612244899,0.005
synthetic-control-chart,px_κ,21,0.9720816326530611,0.005
synthetic-control-chart,px_δ,21,0.7533265306122449,0.005
synthetic-control-chart,px_γ,21,0.9772040816326528,0.005
synthetic-control-chart,px_κ,29,0.9689387755102041,0.005
synthetic-control-chart,px_δ,29,0.7537755102040816,0.005
synthetic-control-chart,px_γ,29,0.9760408163265307,0.005
synthetic-control-chart,px_κ,39,0.9631632653061226,0.005
synthetic-control-chart,px_δ,39,0.753061224489796,0.005
synthetic-control-chart,px_γ,39,0.9735918367346941,0.005
wall-following-robot,px_κ,1,0.7070089613196138,0.05
wall-following-robot,px_δ,1,0.4984332560122127,0.05
wall-following-robot,px_γ,1,0.7070089613196138,0.05
wall-following-robot,px_κ,3,0.7157963084121414,0.05
wall-following-robot,px_δ,3,0.460333769503757,0.05
wall-following-robot,px_γ,3,0.7238461309700827,0.05
wall-following-robot,px_κ,5,0.7064905132932848,0.05
wall-following-robot,px_δ,5,0.44630841214139855,0.05
wall-following-robot,px_γ,5,0.7217316957116516,0.05
wall-following-robot,px_κ,9,0.6884365272903903,0.05
wall-following-robot,px_δ,9,0.43316679553520093,0.05
wall-following-robot,px_γ,9,0.7145834572453854,0.05
wall-following-robot,px_κ,15,0.6685132040682804,0.05
wall-following-robot,px_δ,15,0.44035319891353913,0.05
wall-following-robot,px_γ,15,0.702226947401812,0.05
wall-following-robot,px_κ,21,0.6613657090743275,0.05
wall-following-robot,px_δ,21,0.4501050774202502,0.05
wall-following-robot,px_γ,21,0.6927952576379389,0.05
wall-following-robot,px_κ,29,0.6417786831618391,0.05
wall-following-robot,px_δ,29,0.462546343107516,0.05
wall-following-robot,px_γ,29,0.6838839984932293,0.05
wall-following-robot,px_κ,39,0.6219096334185849,0.05
wall-following-robot,px_δ,39,0.47369917127619504,0.05
wall-following-robot,px_γ,39,0.6718843553599397,0.05
wall-following-robot,px_κ,1,0.8100835662879915,0.01
wall-following-robot,px_δ,1,0.5029594658894903,0.01
wall-following-robot,px_γ,1,0.8100835662879915,0.01
wall-following-robot,px_κ,3,0.7892574198536846,0.01
wall-following-robot,px_δ,3,0.4714396597870695,0.01
wall-following-robot,px_γ,3,0.808608368524356,0.01
wall-following-robot,px_κ,5,0.7673704871230596,0.01
wall-following-robot,px_δ,5,0.46970290846368884,0.01
wall-following-robot,px_γ,5,0.7987833819068578,0.01
wall-following-robot,px_κ,9,0.7317156367096888,0.01
wall-following-robot,px_δ,9,0.46776066139296973,0.01
wall-following-robot,px_γ,9,0.7794254445964433,0.01
wall-following-robot,px_κ,15,0.7068912448700411,0.01
wall-following-robot,px_δ,15,0.46858918693867835,0.01
wall-following-robot,px_γ,15,0.7582016891690951,0.01
wall-following-robot,px_κ,21,0.6925068399452805,0.01
wall-following-robot,px_δ,21,0.47037649437934936,0.01
wall-following-robot,px_γ,21,0.7443017308035449,0.01
wall-following-robot,px_κ,29,0.6721365907333611,0.01
wall-following-robot,px_δ,29,0.4730913578778326,0.01
wall-following-robot,px_γ,29,0.7297867721406054,0.01
wall-following-robot,px_κ,39,0.6486843513947541,0.01
wall-following-robot,px_δ,39,0.4690447867721407,0.01
wall-following-robot,px_γ,39,0.7143671563670969,0.01
wall-following-robot,px_κ,1,0.8304612502230417,0.005
wall-following-robot,px_δ,1,0.49735026467614346,0.005
wall-following-robot,px_γ,1,0.8304612502230417,0.005
wall-following-robot,px_κ,3,0.7970736929756734,0.005
wall-following-robot,px_δ,3,0.46459465889490276,0.005
wall-following-robot,px_γ,3,0.8210194492357106,0.005
wall-following-robot,px_κ,5,0.7715009219056681,0.005
wall-following-robot,px_δ,5,0.46362427883185625,0.005
wall-following-robot,px_γ,5,0.8077978350086242,0.005
wall-following-robot,px_κ,9,0.7352756795336941,0.005
wall-following-robot,px_δ,9,0.4645328019984536,0.005
wall-following-robot,px_γ,9,0.7859855468982333,0.005
wall-following-robot,px_κ,15,0.7080060072562897,0.005
wall-following-robot,px_δ,15,0.46949533099387375,0.005
wall-following-robot,px_γ,15,0.763618925831202,0.005
wall-following-robot,px_κ,21,0.6949702611074764,0.005
wall-following-robot,px_δ,21,0.4726631178254922,0.005
wall-following-robot,px_γ,21,0.7493775649794803,0.005
wall-following-robot,px_κ,29,0.6709113483613871,0.005
wall-following-robot,px_δ,29,0.4773035746148813,0.005
wall-following-robot,px_γ,29,0.7338770594183072,0.005
wall-following-robot,px_κ,39,0.6474222327960506,0.005
wall-following-robot,px_δ,39,0.4763694760007137,0.005
wall-following-robot,px_γ,39,0.7171041753405103,0.005
waveform-1,px_κ,1,0.6711379072716986,0.05
waveform-1,px_δ,1,0.5319224457619075,0.05
waveform-1,px_γ,1,0.6711379072716986,0.05
waveform-1,px_κ,3,0.7099907759714056,0.05
waveform-1,px_δ,3,0.5161946725872059,0.05
waveform-1,px_γ,3,0.6990459565773494,0.05
waveform-1,px_κ,5,0.72194078656295,0.05
waveform-1,px_δ,5,0.5146635910966674,0.05
waveform-1,px_γ,5,0.7100484261501211,0.05
waveform-1,px_κ,9,0.7277389868048125,0.05
waveform-1,px_δ,9,0.515706321945412,0.05
waveform-1,px_γ,9,0.7191055373667008,0.05
waveform-1,px_κ,15,0.7366995674895896,0.05
waveform-1,px_δ,15,0.5144742169630959,0.05
waveform-1,px_γ,15,0.7262508077728529,0.05
waveform-1,px_κ,21,0.7442343117775293,0.05
waveform-1,px_δ,21,0.5115970708346406,0.05
waveform-1,px_γ,21,0.7313786570994184,0.05
waveform-1,px_κ,29,0.7502768549280177,0.05
waveform-1,px_δ,29,0.5103709990105622,0.05
waveform-1,px_γ,29,0.7366191253797538,0.05
waveform-1,px_κ,39,0.7567269714350068,0.05
waveform-1,px_δ,39,0.5081052129168577,0.05
waveform-1,px_γ,39,0.7419108755051095,0.05
waveform-1,px_κ,1,0.7433671458335009,0.01
waveform-1,px_δ,1,0.5425721766830501,0.01
waveform-1,px_γ,1,0.7433671458335009,0.01
waveform-1,px_κ,3,0.7796457329482838,0.01
waveform-1,px_δ,3,0.511982857786394,0.01
waveform-1,px_γ,3,0.7716707021791768,0.01
waveform-1,px_κ,5,0.7889016032112491,0.01
waveform-1,px_δ,5,0.5075832776942073,0.01
waveform-1,px_γ,5,0.7807069654822907,0.01
waveform-1,px_κ,9,0.7941407978248455,0.01
waveform-1,px_δ,9,0.5051840917683589,0.01
waveform-1,px_γ,9,0.7885476579279722,0.01
waveform-1,px_κ,15,0.8001834080104254,0.01
waveform-1,px_δ,15,0.500277525278933,0.01
waveform-1,px_γ,15,0.7939471334454161,0.01
waveform-1,px_κ,21,0.8041510139727945,0.01
waveform-1,px_δ,21,0.4975682350196681,0.01
waveform-1,px_γ,21,0.7973494324809153,0.01
waveform-1,px_κ,29,0.8080265137194018,0.01
waveform-1,px_δ,29,0.4951209849331929,0.01
waveform-1,px_γ,29,0.8006648540377919,0.01
waveform-1,px_κ,39,0.811518907917917,0.01
waveform-1,px_δ,39,0.49167625268475545,0.01
waveform-1,px_γ,39,0.8037049624737559,0.01
waveform-1,px_κ,1,0.7564888627898932,0.005
waveform-1,px_δ,1,0.5312698591458658,0.005
waveform-1,px_γ,1,0.7564888627898932,0.005
waveform-1,px_κ,3,0.7922132037679085,0.005
waveform-1,px_δ,3,0.5075382301126993,0.005
waveform-1,px_γ,3,0.7832616057853965,0.005
waveform-1,px_κ,5,0.7969251003515321,0.005
waveform-1,px_δ,5,0.5059844907612238,0.005
waveform-1,px_γ,5,0.7911413126543483,0.005
waveform-1,px_κ,9,0.8006958242500787,0.005
waveform-1,px_δ,9,0.5032257286044098,0.005
waveform-1,px_γ,9,0.7972537063702108,0.005
waveform-1,px_κ,15,0.807261911465414,0.005
waveform-1,px_δ,15,0.49926475911610213,0.005
waveform-1,px_γ,15,0.8019963720608466,0.005
waveform-1,px_κ,21,0.8097566223966923,0.005
waveform-1,px_δ,21,0.4965870423849476,0.005
waveform-1,px_γ,21,0.8048979189626186,0.005
waveform-1,px_κ,29,0.8126875306685543,0.005
waveform-1,px_δ,29,0.4951457208819673,0.005
waveform-1,px_γ,29,0.8074026851576264,0.005
waveform-1,px_κ,39,0.8145499666165245,0.005
waveform-1,px_δ,39,0.49231536524739966,0.005
waveform-1,px_γ,39,0.8096606951807133,0.005
waveform-2,px_κ,1,0.6748811467827179,0.05
waveform-2,px_δ,1,0.5294310865852058,0.05
waveform-2,px_γ,1,0.6748811467827179,0.05
waveform-2,px_κ,3,0.706051458817662,0.05
waveform-2,px_δ,3,0.5165254907639051,0.05
waveform-2,px_γ,3,0.6988059709496728,0.05
waveform-2,px_κ,5,0.7201713953220233,0.05
waveform-2,px_δ,5,0.5159871989789216,0.05
waveform-2,px_γ,5,0.7085180150104978,0.05
waveform-2,px_κ,9,0.731611604042484,0.05
waveform-2,px_δ,9,0.5163203633838243,0.05
waveform-2,px_γ,9,0.7192335743915225,0.05
waveform-2,px_κ,15,0.7412777290656113,0.05
waveform-2,px_δ,15,0.5119134764666607,0.05
waveform-2,px_γ,15,0.7282223098147419,0.05
waveform-2,px_κ,21,0.7485801967614006,0.05
waveform-2,px_δ,21,0.5100492305712194,0.05
waveform-2,px_γ,21,0.7340838582181002,0.05
waveform-2,px_κ,29,0.7550547810767979,0.05
waveform-2,px_δ,29,0.508601942945093,0.05
waveform-2,px_γ,29,0.7400788064536025,0.05
waveform-2,px_κ,39,0.7604346823475153,0.05
waveform-2,px_δ,39,0.5056456954086325,0.05
waveform-2,px_γ,39,0.7455086488675092,0.05
waveform-2,px_κ,1,0.7506986397239226,0.01
waveform-2,px_δ,1,0.533297603629548,0.01
waveform-2,px_γ,1,0.7506986397239226,0.01
waveform-2,px_κ,3,0.7820038933981162,0.01
waveform-2,px_δ,3,0.5144389565049513,0.01
waveform-2,px_γ,3,0.775850273100963,0.01
waveform-2,px_κ,5,0.793689718693942,0.01
waveform-2,px_δ,5,0.5113531971716554,0.01
waveform-2,px_γ,5,0.7851061433639283,0.01
waveform-2,px_κ,9,0.7994527925478431,0.01
waveform-2,px_δ,9,0.5096904587613523,0.01
waveform-2,px_γ,9,0.7928869064377823,0.01
waveform-2,px_κ,15,0.8060854456090676,0.01
waveform-2,px_δ,15,0.5052086266118588,0.01
waveform-2,px_γ,15,0.798763202561277,0.01
waveform-2,px_κ,21,0.81008080409933,0.01
waveform-2,px_δ,21,0.5012665610193625,0.01
waveform-2,px_γ,21,0.8025182402484055,0.01
waveform-2,px_κ,29,0.8142615816527637,0.01
waveform-2,px_δ,29,0.49947390860167473,0.01
waveform-2,px_γ,29,0.8059313989687322,0.01
waveform-2,px_κ,39,0.8171755970815605,0.01
waveform-2,px_δ,39,0.4962286727856299,0.01
waveform-2,px_γ,39,0.8091744226267569,0.01
waveform-2,px_κ,1,0.7707180664934479,0.005
waveform-2,px_δ,1,0.5328155542863579,0.005
waveform-2,px_γ,1,0.7707180664934479,0.005
waveform-2,px_κ,3,0.8043587557214451,0.005
waveform-2,px_δ,3,0.5106294192884091,0.005
waveform-2,px_γ,3,0.7968895047179297,0.005
waveform-2,px_κ,5,0.8116528440307933,0.005
waveform-2,px_δ,5,0.5092259055770516,0.005
waveform-2,px_γ,5,0.8056184791614716,0.005
waveform-2,px_κ,9,0.8156833959441089,0.005
waveform-2,px_δ,9,0.5059840885506744,0.005
waveform-2,px_γ,9,0.8119460555211443,0.005
waveform-2,px_κ,15,0.8209587895071312,0.005
waveform-2,px_δ,15,0.5023702267663076,0.005
waveform-2,px_γ,15,0.8165155695703588,0.005
waveform-2,px_κ,21,0.823275522270398,0.005
waveform-2,px_δ,21,0.49958672866071935,0.005
waveform-2,px_γ,21,0.8190004263431823,0.005
waveform-2,px_κ,29,0.8266908931487457,0.005
waveform-2,px_δ,29,0.4981357541045586,0.005
waveform-2,px_γ,29,0.821456323956465,0.005
waveform-2,px_κ,39,0.8283620779805814,0.005
waveform-2,px_δ,39,0.49468941301392455,0.005
waveform-2,px_γ,39,0.8235393723906592,0.005
wine,px_κ,1,0.9371141975308643,0.05
wine,px_δ,1,0.5069444444444444,0.05
wine,px_γ,1,0.9371141975308643,0.05
wine,px_κ,3,0.9749228395061728,0.05
wine,px_δ,3,0.47222222222222227,0.05
wine,px_γ,3,0.9729938271604938,0.05
wine,px_κ,5,0.9768518518518517,0.05
wine,px_δ,5,0.4594907407407407,0.05
wine,px_γ,5,0.9795524691358023,0.05
wine,px_κ,9,0.972608024691358,0.05
wine,px_δ,9,0.472608024691358,0.05
wine,px_γ,9,0.9795524691358025,0.05
wine,px_κ,15,0.9668209876543209,0.05
wine,px_δ,15,0.48341049382716045,0.05
wine,px_γ,15,0.976466049382716,0.05
wine,px_κ,21,0.9591049382716049,0.05
wine,px_δ,21,0.4830246913580247,0.05
wine,px_γ,21,0.9745370370370369,0.05
wine,px_κ,29,0.9309413580246914,0.05
wine,px_δ,29,0.4841820987654321,0.05
wine,px_γ,29,0.9702932098765431,0.05
wine,px_κ,39,0.8020833333333334,0.05
wine,px_δ,39,0.5158179012345679,0.05
wine,px_γ,39,0.9579475308641975,0.05
wine,px_κ,1,0.9416666666666668,0.01
wine,px_δ,1,0.4796296296296296,0.01
wine,px_γ,1,0.9416666666666668,0.01
wine,px_κ,3,0.9668981481481481,0.01
wine,px_δ,3,0.4555555555555556,0.01
wine,px_γ,3,0.9731481481481481,0.01
wine,px_κ,5,0.9645833333333333,0.01
wine,px_δ,5,0.4685185185185185,0.01
wine,px_γ,5,0.9715277777777779,0.01
wine,px_κ,9,0.9618055555555557,0.01
wine,px_δ,9,0.48032407407407407,0.01
wine,px_γ,9,0.9685185185185186,0.01
wine,px_κ,15,0.9576388888888889,0.01
wine,px_δ,15,0.48125,0.01
wine,px_γ,15,0.9662037037037038,0.01
wine,px_κ,21,0.9530092592592592,0.01
wine,px_δ,21,0.48240740740740745,0.01
wine,px_γ,21,0.9652777777777777,0.01
wine,px_κ,29,0.9324074074074072,0.01
wine,px_δ,29,0.48263888888888884,0.01
wine,px_γ,29,0.9615740740740742,0.01
wine,px_κ,39,0.7930555555555556,0.01
wine,px_δ,39,0.49074074074074076,0.01
wine,px_γ,39,0.951851851851852,0.01
wine,px_κ,1,0.9555555555555555,0.005
wine,px_δ,1,0.47037037037037044,0.005
wine,px_γ,1,0.9555555555555555,0.005
wine,px_κ,3,0.9803240740740738,0.005
wine,px_δ,3,0.4287037037037037,0.005
wine,px_γ,3,0.9837962962962962,0.005
wine,px_κ,5,0.9810185185185183,0.005
wine,px_δ,5,0.4481481481481482,0.005
wine,px_γ,5,0.9849537037037036,0.005
wine,px_κ,9,0.9747685185185185,0.005
wine,px_δ,9,0.45949074074074064,0.005
wine,px_γ,9,0.9828703703703703,0.005
wine,px_κ,15,0.9722222222222223,0.005
wine,px_δ,15,0.461574074074074,0.005
wine,px_γ,15,0.9817129629629628,0.005
wine,px_κ,21,0.9631944444444447,0.005
wine,px_δ,21,0.46296296296296297,0.005
wine,px_γ,21,0.9782407407407406,0.005
wine,px_κ,29,0.9342592592592593,0.005
wine,px_δ,29,0.461574074074074,0.005
wine,px_γ,29,0.9752314814814815,0.005
wine,px_κ,39,0.7659722222222223,0.005
wine,px_δ,39,0.47384259259259265,0.005
wine,px_γ,39,0.9648148148148147,0.005
yeast,px_κ,1,0.6902703900709221,0.05
yeast,px_δ,1,0.7441569954867827,0.05
yeast,px_γ,1,0.6902703900709221,0.05
yeast,px_κ,3,0.7105697936814958,0.05
yeast,px_δ,3,0.755016924564797,0.05
yeast,px_γ,3,0.7074669568020632,0.05
yeast,px_κ,5,0.7244721147646679,0.05
yeast,px_δ,5,0.760174887169568,0.05
yeast,px_γ,5,0.7158486460348162,0.05
yeast,px_κ,9,0.7419205351386203,0.05
yeast,px_δ,9,0.7514708252740169,0.05
yeast,px_γ,9,0.728763700838169,0.05
yeast,px_κ,15,0.7502619277885235,0.05
yeast,px_δ,15,0.7448621856866539,0.05
yeast,px_γ,15,0.7385356221792393,0.05
yeast,px_κ,21,0.7576362024500324,0.05
yeast,px_δ,21,0.7535259509993554,0.05
yeast,px_γ,21,0.7452450032237267,0.05
yeast,px_κ,29,0.763217279174726,0.05
yeast,px_δ,29,0.7563064152159896,0.05
yeast,px_γ,29,0.7510477111540941,0.05
yeast,px_κ,39,0.759671179883946,0.05
yeast,px_δ,39,0.7595704384268215,0.05
yeast,px_γ,39,0.7551378143133464,0.05
yeast,px_κ,1,0.7479086073500968,0.01
yeast,px_δ,1,0.756431334622824,0.01
yeast,px_γ,1,0.7479086073500968,0.01
yeast,px_κ,3,0.7679400386847195,0.01
yeast,px_δ,3,0.756237911025145,0.01
yeast,px_γ,3,0.7668278529980658,0.01
yeast,px_κ,5,0.780899419729207,0.01
yeast,px_δ,5,0.7453578336557058,0.01
yeast,px_γ,5,0.7745647969052224,0.01
yeast,px_κ,9,0.7866054158607351,0.01
yeast,px_δ,9,0.7421663442940039,0.01
yeast,px_γ,9,0.7818544487427467,0.01
yeast,px_κ,15,0.7818665377176015,0.01
yeast,px_δ,15,0.736436170212766,0.01
yeast,px_γ,15,0.784997582205029,0.01
yeast,px_κ,21,0.7820599613152803,0.01
yeast,px_δ,21,0.741090425531915,0.01
yeast,px_γ,21,0.7850217601547389,0.01
yeast,px_κ,29,0.7779859767891683,0.01
yeast,px_δ,29,0.7397122823984527,0.01
yeast,px_γ,29,0.7838128626692458,0.01
yeast,px_κ,39,0.77235251450677,0.01
yeast,px_δ,39,0.746796421663443,0.01
yeast,px_γ,39,0.781262088974855,0.01
yeast,px_κ,1,0.7604811411992264,0.005
yeast,px_δ,1,0.7326281431334623,0.005
yeast,px_γ,1,0.7604811411992264,0.005
yeast,px_κ,3,0.7864603481624758,0.005
yeast,px_δ,3,0.7275265957446809,0.005
yeast,px_γ,3,0.7825676982591876,0.005
yeast,px_κ,5,0.7835831721470019,0.005
yeast,px_δ,5,0.7187741779497099,0.005
yeast,px_γ,5,0.7858317214700193,0.005
yeast,px_κ,9,0.7865570599613153,0.005
yeast,px_δ,9,0.701245164410058,0.005
yeast,px_γ,9,0.7889990328820116,0.005
yeast,px_κ,15,0.7864845261121858,0.005
yeast,px_δ,15,0.7182785299806576,0.005
yeast,px_γ,15,0.7890957446808511,0.005
yeast,px_κ,21,0.7853481624758222,0.005
yeast,px_δ,21,0.7132857833655707,0.005
yeast,px_γ,21,0.7887693423597678,0.005
yeast,px_κ,29,0.7803312379110252,0.005
yeast,px_δ,29,0.7155826885880078,0.005
yeast,px_γ,29,0.7871856866537718,0.005
yeast,px_κ,39,0.7731141199226306,0.005
yeast,px_δ,39,0.7206358800773695,0.005
yeast,px_γ,39,0.7851426499032883,0.005
