dataset,anom_sel,anom_ratio,anom_seen,pxvita,f2,f3,knnauc
blood-transfusion,rnd,0.05,1,0.9103896103896103,0.9922077922077923,0.9922077922077921,0.9744791666666666
blood-transfusion,rnd,0.05,2,0.9103896103896103,0.9935064935064934,0.9883116883116883,0.9744791666666666
blood-transfusion,rnd,0.05,3,0.9103896103896103,0.9974025974025974,0.9831168831168832,0.9744791666666666
blood-transfusion,rnd,0.05,4,0.9103896103896103,0.996103896103896,0.9948051948051948,0.9744791666666666
blood-transfusion,rnd,0.05,5,0.9103896103896103,0.9948051948051948,0.9948051948051948,0.9744791666666666
blood-transfusion,rnd,0.05,6,0.9103896103896103,0.996103896103896,0.9935064935064934,0.9744791666666666
blood-transfusion,best,0.05,1,0.9103896103896103,0.9896103896103895,0.9909090909090909,0.9744791666666666
blood-transfusion,best,0.05,2,0.9103896103896103,0.9909090909090909,0.9909090909090909,0.9744791666666666
blood-transfusion,best,0.05,3,0.9103896103896103,0.996103896103896,0.9974025974025974,0.9744791666666666
blood-transfusion,best,0.05,4,0.9103896103896103,0.996103896103896,0.9974025974025974,0.9744791666666666
blood-transfusion,best,0.05,5,0.9103896103896103,0.9974025974025974,0.9974025974025974,0.9744791666666666
blood-transfusion,best,0.05,6,0.9103896103896103,0.9974025974025974,0.9987012987012986,0.9744791666666666
breast-cancer-wisconsin,rnd,0.05,1,0.9144922164566344,0.9392512972572273,0.9353595255744998,0.9189278030121921
breast-cancer-wisconsin,rnd,0.05,2,0.9144922164566344,0.9654188287620459,0.9424388435878427,0.9189278030121921
breast-cancer-wisconsin,rnd,0.05,3,0.9144922164566344,0.9681616011860639,0.9535211267605636,0.9189278030121921
breast-cancer-wisconsin,rnd,0.05,4,0.9144922164566344,0.97824314306894,0.9656782802075611,0.9189278030121921
breast-cancer-wisconsin,rnd,0.05,5,0.9144922164566344,0.9818383988139361,0.9663454410674573,0.9189278030121921
breast-cancer-wisconsin,rnd,0.05,6,0.9144922164566344,0.9851000741289843,0.9728687916975538,0.9189278030121921
breast-cancer-wisconsin,rnd,0.05,7,0.9144922164566344,0.9876204595997035,0.976315789473684,0.9189278030121921
breast-cancer-wisconsin,rnd,0.05,8,0.9144922164566344,0.9911045218680504,0.9779095626389918,0.9189278030121921
breast-cancer-wisconsin,rnd,0.05,9,0.9144922164566344,0.9883246849518162,0.9784655300222387,0.9189278030121921
breast-cancer-wisconsin,rnd,0.05,10,0.9144922164566344,0.9895848776871757,0.9779095626389918,0.9189278030121921
breast-cancer-wisconsin,best,0.05,1,0.9144922164566344,0.9441067457375836,0.9834692364714602,0.9189278030121921
breast-cancer-wisconsin,best,0.05,2,0.9144922164566344,0.9586360266864344,0.9806893995552259,0.9189278030121921
breast-cancer-wisconsin,best,0.05,3,0.9144922164566344,0.9659747961452927,0.9734618235730169,0.9189278030121921
breast-cancer-wisconsin,best,0.05,4,0.9144922164566344,0.968754633061527,0.9755374351371386,0.9189278030121921
breast-cancer-wisconsin,best,0.05,5,0.9144922164566344,0.9763528539659007,0.978650852483321,0.9189278030121921
breast-cancer-wisconsin,best,0.05,6,0.9144922164566344,0.9747220163083767,0.980281690140845,0.9189278030121921
breast-cancer-wisconsin,best,0.05,7,0.9144922164566344,0.9825055596738326,0.9787620459599704,0.9189278030121921
breast-cancer-wisconsin,best,0.05,8,0.9144922164566344,0.9834321719792438,0.9817272053372867,0.9189278030121921
breast-cancer-wisconsin,best,0.05,9,0.9144922164566344,0.9868791697553743,0.9830615270570793,0.9189278030121921
breast-cancer-wisconsin,best,0.05,10,0.9144922164566344,0.9873980726464048,0.9857672349888805,0.9189278030121921
breast-tissue,rnd,0.05,1,0.9897435897435898,0.9512820512820515,0.9820512820512821,0.746875
breast-tissue,rnd,0.05,2,0.9897435897435898,0.9820512820512821,0.9820512820512821,0.746875
breast-tissue,rnd,0.05,3,0.9897435897435898,0.9974358974358974,1.0,0.746875
breast-tissue,best,0.05,1,0.9897435897435898,0.9589743589743591,0.976923076923077,0.746875
breast-tissue,best,0.05,2,0.9897435897435898,0.9871794871794872,0.9897435897435898,0.746875
breast-tissue,best,0.05,3,0.9897435897435898,0.9974358974358974,1.0,0.746875
cardiotocography,rnd,0.05,1,0.618871302053891,0.8657339363105333,0.8566515922366685,0.7147622513343038
cardiotocography,rnd,0.05,2,0.618871302053891,0.8890804597701149,0.8644055021669492,0.7147622513343038
cardiotocography,rnd,0.05,3,0.618871302053891,0.906510269455436,0.8702374222724704,0.7147622513343038
cardiotocography,rnd,0.05,4,0.618871302053891,0.9087431693989071,0.8856227623892974,0.7147622513343038
cardiotocography,rnd,0.05,5,0.618871302053891,0.9147635198794047,0.8986244582626719,0.7147622513343038
cardiotocography,rnd,0.05,6,0.618871302053891,0.9141888072357267,0.9017900885622762,0.7147622513343038
cardiotocography,rnd,0.05,7,0.618871302053891,0.9175051818353117,0.9056340682117957,0.7147622513343038
cardiotocography,rnd,0.05,8,0.618871302053891,0.9185980780101752,0.9105615225174297,0.7147622513343038
cardiotocography,rnd,0.05,9,0.618871302053891,0.9225268513284341,0.9151215375918598,0.7147622513343038
cardiotocography,rnd,0.05,10,0.618871302053891,0.9219615602035048,0.9192952703975881,0.7147622513343038
cardiotocography,best,0.05,1,0.618871302053891,0.5644243452044471,0.5700018843037498,0.7147622513343038
cardiotocography,best,0.05,2,0.618871302053891,0.630488034671189,0.6109101187111362,0.7147622513343038
cardiotocography,best,0.05,3,0.618871302053891,0.6892123610325985,0.6820991143772377,0.7147622513343038
cardiotocography,best,0.05,4,0.618871302053891,0.74415865837573,0.7446485773506689,0.7147622513343038
cardiotocography,best,0.05,5,0.618871302053891,0.7973619747503298,0.8034859619370642,0.7147622513343038
cardiotocography,best,0.05,6,0.618871302053891,0.8200678349349916,0.8228471829658941,0.7147622513343038
cardiotocography,best,0.05,7,0.618871302053891,0.8291784435651028,0.8352364801205955,0.7147622513343038
cardiotocography,best,0.05,8,0.618871302053891,0.8390898812888639,0.8454682494818163,0.7147622513343038
cardiotocography,best,0.05,9,0.618871302053891,0.8484642924439421,0.8603071415112116,0.7147622513343038
cardiotocography,best,0.05,10,0.618871302053891,0.8627190503109101,0.864056905973243,0.7147622513343038
ecoli,rnd,0.05,1,0.8278963414634146,0.7467987804878049,0.7445121951219512,0.895294117647059
ecoli,rnd,0.05,2,0.8278963414634146,0.8208841463414634,0.8234756097560976,0.895294117647059
ecoli,rnd,0.05,3,0.8278963414634146,0.8911585365853659,0.894512195121951,0.895294117647059
ecoli,rnd,0.05,4,0.8278963414634146,0.9222560975609756,0.9301829268292682,0.895294117647059
ecoli,rnd,0.05,5,0.8278963414634146,0.9286585365853659,0.9352134146341463,0.895294117647059
ecoli,rnd,0.05,6,0.8278963414634146,0.9460365853658539,0.9408536585365855,0.895294117647059
ecoli,rnd,0.05,7,0.8278963414634146,0.9480182926829267,0.9434451219512197,0.895294117647059
ecoli,rnd,0.05,8,0.8278963414634146,0.9513719512195123,0.9489329268292682,0.895294117647059
ecoli,rnd,0.05,9,0.8278963414634146,0.9589939024390244,0.9567073170731707,0.895294117647059
ecoli,best,0.05,1,0.8278963414634146,0.7861280487804878,0.7763719512195123,0.895294117647059
ecoli,best,0.05,2,0.8278963414634146,0.7894817073170731,0.7858231707317074,0.895294117647059
ecoli,best,0.05,3,0.8278963414634146,0.818140243902439,0.8140243902439025,0.895294117647059
ecoli,best,0.05,4,0.8278963414634146,0.8144817073170731,0.8198170731707318,0.895294117647059
ecoli,best,0.05,5,0.8278963414634146,0.8353658536585366,0.8551829268292683,0.895294117647059
ecoli,best,0.05,6,0.8278963414634146,0.907469512195122,0.9109756097560975,0.895294117647059
ecoli,best,0.05,7,0.8278963414634146,0.9309451219512195,0.9428353658536585,0.895294117647059
ecoli,best,0.05,8,0.8278963414634146,0.9510670731707318,0.9509146341463415,0.895294117647059
ecoli,best,0.05,9,0.8278963414634146,0.9557926829268293,0.9545731707317072,0.895294117647059
glass,rnd,0.05,1,0.7669565217391305,0.7823188405797101,0.7936231884057972,0.64312567132116
glass,rnd,0.05,2,0.7669565217391305,0.8376811594202899,0.8484057971014491,0.64312567132116
glass,rnd,0.05,3,0.7669565217391305,0.8504347826086956,0.8594202898550725,0.64312567132116
glass,rnd,0.05,4,0.7669565217391305,0.8576811594202898,0.8689855072463768,0.64312567132116
glass,rnd,0.05,5,0.7669565217391305,0.8573913043478262,0.8721739130434785,0.64312567132116
glass,best,0.05,1,0.7669565217391305,0.813913043478261,0.8055072463768116,0.64312567132116
glass,best,0.05,2,0.7669565217391305,0.8310144927536232,0.8295652173913043,0.64312567132116
glass,best,0.05,3,0.7669565217391305,0.8417391304347828,0.8489855072463769,0.64312567132116
glass,best,0.05,4,0.7669565217391305,0.8602898550724637,0.8611594202898549,0.64312567132116
glass,best,0.05,5,0.7669565217391305,0.8692753623188405,0.8733333333333333,0.64312567132116
haberman,rnd,0.05,1,0.9044444444444444,0.968888888888889,0.9844444444444445,0.9489795918367347
haberman,rnd,0.05,2,0.9044444444444444,0.9733333333333334,0.968888888888889,0.9489795918367347
haberman,rnd,0.05,3,0.9044444444444444,0.9755555555555556,0.9800000000000001,0.9489795918367347
haberman,best,0.05,1,0.9044444444444444,0.957777777777778,0.9622222222222223,0.9489795918367347
haberman,best,0.05,2,0.9044444444444444,0.9777777777777779,0.9822222222222223,0.9489795918367347
haberman,best,0.05,3,0.9044444444444444,0.9866666666666667,0.9800000000000001,0.9489795918367347
ionosphere,rnd,0.05,1,0.890793650793651,0.9152380952380954,0.9682539682539684,0.9359410430839002
ionosphere,rnd,0.05,2,0.890793650793651,0.940952380952381,0.9784126984126985,0.9359410430839002
ionosphere,rnd,0.05,3,0.890793650793651,0.9555555555555555,0.9828571428571429,0.9359410430839002
ionosphere,rnd,0.05,4,0.890793650793651,0.9669841269841271,0.9841269841269842,0.9359410430839002
ionosphere,rnd,0.05,5,0.890793650793651,0.9685714285714286,0.9857142857142858,0.9359410430839002
ionosphere,rnd,0.05,6,0.890793650793651,0.968888888888889,0.9863492063492064,0.9359410430839002
ionosphere,rnd,0.05,7,0.890793650793651,0.9679365079365081,0.9866666666666667,0.9359410430839002
ionosphere,rnd,0.05,8,0.890793650793651,0.9730158730158731,0.9876190476190476,0.9359410430839002
ionosphere,rnd,0.05,9,0.890793650793651,0.975873015873016,0.9888888888888889,0.9359410430839002
ionosphere,rnd,0.05,10,0.890793650793651,0.9679365079365081,0.9892063492063492,0.9359410430839002
ionosphere,best,0.05,1,0.890793650793651,0.9104761904761907,0.9580952380952382,0.9359410430839002
ionosphere,best,0.05,2,0.890793650793651,0.9453968253968256,0.9777777777777779,0.9359410430839002
ionosphere,best,0.05,3,0.890793650793651,0.9542857142857144,0.9834920634920635,0.9359410430839002
ionosphere,best,0.05,4,0.890793650793651,0.9571428571428571,0.9866666666666667,0.9359410430839002
ionosphere,best,0.05,5,0.890793650793651,0.9673015873015874,0.9885714285714287,0.9359410430839002
ionosphere,best,0.05,6,0.890793650793651,0.9765079365079365,0.9885714285714287,0.9359410430839002
ionosphere,best,0.05,7,0.890793650793651,0.9771428571428572,0.9904761904761905,0.9359410430839002
ionosphere,best,0.05,8,0.890793650793651,0.9730158730158731,0.9892063492063492,0.9359410430839002
ionosphere,best,0.05,9,0.890793650793651,0.975873015873016,0.9888888888888889,0.9359410430839002
ionosphere,best,0.05,10,0.890793650793651,0.9780952380952381,0.9892063492063492,0.9359410430839002
iris,rnd,0.05,1,0.8877777777777778,0.8766666666666667,0.9155555555555555,0.8529870129870131
iris,rnd,0.05,2,0.8877777777777778,0.9111111111111111,0.943888888888889,0.8529870129870131
iris,rnd,0.05,3,0.8877777777777778,0.9444444444444444,0.9616666666666666,0.8529870129870131
iris,rnd,0.05,4,0.8877777777777778,0.9533333333333334,0.9672222222222222,0.8529870129870131
iris,rnd,0.05,5,0.8877777777777778,0.9600000000000002,0.9738888888888889,0.8529870129870131
iris,best,0.05,1,0.8877777777777778,0.8983333333333334,0.9383333333333335,0.8529870129870131
iris,best,0.05,2,0.8877777777777778,0.9083333333333332,0.9377777777777778,0.8529870129870131
iris,best,0.05,3,0.8877777777777778,0.9227777777777778,0.9505555555555555,0.8529870129870131
iris,best,0.05,4,0.8877777777777778,0.9438888888888888,0.9700000000000001,0.8529870129870131
iris,best,0.05,5,0.8877777777777778,0.9555555555555555,0.9788888888888888,0.8529870129870131
magic-telescope,rnd,0.05,1,0.9240777780664005,0.6980469618123202,0.6849706903568243,0.9332572798352886
magic-telescope,rnd,0.05,2,0.9240777780664005,0.7456475684974009,0.7166095915121814,0.9332572798352886
magic-telescope,rnd,0.05,3,0.9240777780664005,0.7850176637140556,0.7411996750107512,0.9332572798352886
magic-telescope,rnd,0.05,4,0.9240777780664005,0.7913864861042562,0.7490645735742756,0.9332572798352886
magic-telescope,rnd,0.05,5,0.9240777780664005,0.8065887529475602,0.7550247061098556,0.9332572798352886
magic-telescope,rnd,0.05,6,0.9240777780664005,0.8361738865654754,0.7635728469462266,0.9332572798352886
magic-telescope,rnd,0.05,7,0.9240777780664005,0.8378830385051652,0.7731680390679794,0.9332572798352886
magic-telescope,rnd,0.05,8,0.9240777780664005,0.845819010427941,0.7797638632736172,0.9332572798352886
magic-telescope,rnd,0.05,9,0.9240777780664005,0.8376806417816105,0.7701267486932604,0.9332572798352886
magic-telescope,rnd,0.05,10,0.9240777780664005,0.8416686148704228,0.7809244154667174,0.9332572798352886
magic-telescope,best,0.05,1,0.9240777780664005,0.7508626934854953,0.7505416006442062,0.9332572798352886
magic-telescope,best,0.05,2,0.9240777780664005,0.7583801623791754,0.7461901793213325,0.9332572798352886
magic-telescope,best,0.05,3,0.9240777780664005,0.7661819247098618,0.7528735283846072,0.9332572798352886
magic-telescope,best,0.05,4,0.9240777780664005,0.7635841032345956,0.7397857841736585,0.9332572798352886
magic-telescope,best,0.05,5,0.9240777780664005,0.763096475050004,0.7401957728307833,0.9332572798352886
magic-telescope,best,0.05,6,0.9240777780664005,0.7651922372017445,0.7375775312939247,0.9332572798352886
magic-telescope,best,0.05,7,0.9240777780664005,0.7592540399973446,0.7439099150583163,0.9332572798352886
magic-telescope,best,0.05,8,0.9240777780664005,0.7560176406242334,0.7464849353340665,0.9332572798352886
magic-telescope,best,0.05,9,0.9240777780664005,0.7544668704343486,0.7496300577534181,0.9332572798352886
magic-telescope,best,0.05,10,0.9240777780664005,0.7543096431756589,0.7493546394668559,0.9332572798352886
musk-2,rnd,0.05,1,0.4843923101987618,0.8115272964246572,0.8520972185195059,0.6280175176244394
musk-2,rnd,0.05,2,0.4843923101987618,0.8269705856216121,0.8569196362451494,0.6280175176244394
musk-2,rnd,0.05,3,0.4843923101987618,0.8205278592375367,0.8302378624959271,0.6280175176244394
musk-2,rnd,0.05,4,0.4843923101987618,0.8328860452027607,0.847405136408069,0.6280175176244394
musk-2,rnd,0.05,5,0.4843923101987618,0.8387156017654552,0.8490595100565775,0.6280175176244394
musk-2,rnd,0.05,6,0.4843923101987618,0.8541811072602862,0.8646627565982404,0.6280175176244394
musk-2,rnd,0.05,7,0.4843923101987618,0.8562990609911431,0.8661423620367902,0.6280175176244394
musk-2,rnd,0.05,8,0.4843923101987618,0.8608000829408453,0.8678944873959538,0.6280175176244394
musk-2,rnd,0.05,9,0.4843923101987618,0.861705026807666,0.8731923338961461,0.6280175176244394
musk-2,rnd,0.05,10,0.4843923101987618,0.8668399537901003,0.8803089546491305,0.6280175176244394
musk-2,best,0.05,1,0.4843923101987618,0.5280902870345686,0.6713972570277555,0.6280175176244394
musk-2,best,0.05,2,0.4843923101987618,0.5370775200687224,0.6719659942533843,0.6280175176244394
musk-2,best,0.05,3,0.4843923101987618,0.5425323617405728,0.704930537041974,0.6280175176244394
musk-2,best,0.05,4,0.4843923101987618,0.5382268432121805,0.708257057377292,0.6280175176244394
musk-2,best,0.05,5,0.4843923101987618,0.5451627714091056,0.7020098344145265,0.6280175176244394
musk-2,best,0.05,6,0.4843923101987618,0.5492609378239877,0.7215542521994134,0.6280175176244394
musk-2,best,0.05,7,0.4843923101987618,0.5396546106223525,0.7535131372374775,0.6280175176244394
musk-2,best,0.05,8,0.4843923101987618,0.5424286856838176,0.7432803104357355,0.6280175176244394
musk-2,best,0.05,9,0.4843923101987618,0.5661497674694156,0.735940045617465,0.6280175176244394
musk-2,best,0.05,10,0.4843923101987618,0.5594982078853047,0.7559969193400278,0.6280175176244394
page-blocks,rnd,0.05,1,0.9400838056484038,0.8592807892909622,0.7612160700156632,0.9500268008081475
page-blocks,rnd,0.05,2,0.9400838056484038,0.8978168547853187,0.8374243084822941,0.9500268008081475
page-blocks,rnd,0.05,3,0.9400838056484038,0.9146684105992346,0.8637027886773561,0.9500268008081475
page-blocks,rnd,0.05,4,0.9400838056484038,0.9356795685381647,0.8889801223982303,0.9500268008081475
page-blocks,rnd,0.05,5,0.9400838056484038,0.9416202425358071,0.905163170727769,0.9500268008081475
page-blocks,rnd,0.05,6,0.9400838056484038,0.9435095028177429,0.900302766070823,0.9500268008081475
page-blocks,rnd,0.05,7,0.9400838056484038,0.9481486863989407,0.9107954270212664,0.9500268008081475
page-blocks,rnd,0.05,8,0.9400838056484038,0.9543444912722634,0.9063710055063054,0.9500268008081475
page-blocks,rnd,0.05,9,0.9400838056484038,0.954405851862617,0.9080471184743819,0.9500268008081475
page-blocks,rnd,0.05,10,0.9400838056484038,0.9567230215246493,0.9133515800352014,0.9500268008081475
page-blocks,best,0.05,1,0.9400838056484038,0.855377932794006,0.7706252321206543,0.9500268008081475
page-blocks,best,0.05,2,0.9400838056484038,0.8736310936717853,0.7998845452049927,0.9500268008081475
page-blocks,best,0.05,3,0.9400838056484038,0.8697815240032941,0.8017576579631512,0.9500268008081475
page-blocks,best,0.05,4,0.9400838056484038,0.8727284470926383,0.7994792423581843,0.9500268008081475
page-blocks,best,0.05,5,0.9400838056484038,0.8795540053932729,0.8106727058405594,0.9500268008081475
page-blocks,best,0.05,6,0.9400838056484038,0.880765069676565,0.8121033764472217,0.9500268008081475
page-blocks,best,0.05,7,0.9400838056484038,0.8785011868429976,0.803215779360235,0.9500268008081475
page-blocks,best,0.05,8,0.9400838056484038,0.8796331282597812,0.8133095964733809,0.9500268008081475
page-blocks,best,0.05,9,0.9400838056484038,0.8815256180464726,0.8050129987566408,0.9500268008081475
page-blocks,best,0.05,10,0.9400838056484038,0.8875567181772676,0.810330378336482,0.9500268008081475
parkinsons,rnd,0.05,1,0.803448275862069,0.8741379310344828,0.8580459770114943,0.8372747747747749
parkinsons,rnd,0.05,2,0.803448275862069,0.910919540229885,0.9080459770114941,0.8372747747747749
parkinsons,rnd,0.05,3,0.803448275862069,0.9252873563218392,0.9287356321839081,0.8372747747747749
parkinsons,rnd,0.05,4,0.803448275862069,0.9304597701149426,0.9344827586206896,0.8372747747747749
parkinsons,rnd,0.05,5,0.803448275862069,0.9425287356321839,0.9373563218390805,0.8372747747747749
parkinsons,rnd,0.05,6,0.803448275862069,0.939080459770115,0.945977011494253,0.8372747747747749
parkinsons,rnd,0.05,7,0.803448275862069,0.9471264367816092,0.9551724137931036,0.8372747747747749
parkinsons,best,0.05,1,0.803448275862069,0.9074712643678161,0.8764367816091955,0.8372747747747749
parkinsons,best,0.05,2,0.803448275862069,0.939655172413793,0.9160919540229886,0.8372747747747749
parkinsons,best,0.05,3,0.803448275862069,0.9448275862068967,0.9339080459770116,0.8372747747747749
parkinsons,best,0.05,4,0.803448275862069,0.9454022988505748,0.9385057471264368,0.8372747747747749
parkinsons,best,0.05,5,0.803448275862069,0.9402298850574713,0.9442528735632184,0.8372747747747749
parkinsons,best,0.05,6,0.803448275862069,0.9419540229885058,0.9551724137931034,0.8372747747747749
parkinsons,best,0.05,7,0.803448275862069,0.945977011494253,0.9626436781609196,0.8372747747747749
pendigits,rnd,0.05,1,0.9180297927859312,0.6522176379577102,0.6457583789008468,0.9496561931653713
pendigits,rnd,0.05,2,0.9180297927859312,0.7081897714736551,0.7020983541048331,0.9496561931653713
pendigits,rnd,0.05,3,0.9180297927859312,0.7503533261153937,0.754078278214004,0.9496561931653713
pendigits,rnd,0.05,4,0.9180297927859312,0.7756451745113375,0.7728640761777252,0.9496561931653713
pendigits,rnd,0.05,5,0.9180297927859312,0.7873195372776982,0.796299724374891,0.9496561931653713
pendigits,rnd,0.05,6,0.9180297927859312,0.8123253435067573,0.8365108491097685,0.9496561931653713
pendigits,rnd,0.05,7,0.9180297927859312,0.8282268971853451,0.8394225022114901,0.9496561931653713
pendigits,rnd,0.05,8,0.9180297927859312,0.8426446177964337,0.8427255634603759,0.9496561931653713
pendigits,rnd,0.05,9,0.9180297927859312,0.8473310985043836,0.8568265030448549,0.9496561931653713
pendigits,rnd,0.05,10,0.9180297927859312,0.856613465669817,0.8656927002039012,0.9496561931653713
pendigits,best,0.05,1,0.9180297927859312,0.6758959523752599,0.6761473279392327,0.9496561931653713
pendigits,best,0.05,2,0.9180297927859312,0.6947447650014175,0.6802072482231232,0.9496561931653713
pendigits,best,0.05,3,0.9180297927859312,0.6955993053017702,0.6795147700220978,0.9496561931653713
pendigits,best,0.05,4,0.9180297927859312,0.7063432198614019,0.6901657849167832,0.9496561931653713
pendigits,best,0.05,5,0.9180297927859312,0.6972801232286733,0.6787356253137926,0.9496561931653713
pendigits,best,0.05,6,0.9180297927859312,0.6982793923268976,0.6799016527260245,0.9496561931653713
pendigits,best,0.05,7,0.9180297927859312,0.694410479901909,0.688497433305213,0.9496561931653713
pendigits,best,0.05,8,0.9180297927859312,0.6925086837278723,0.6953878048697184,0.9496561931653713
pendigits,best,0.05,9,0.9180297927859312,0.6910371462042633,0.693878526857225,0.9496561931653713
pendigits,best,0.05,10,0.9180297927859312,0.6934090761606482,0.6994373934813125,0.9496561931653713
pima-indians,rnd,0.05,1,0.86385,0.8238000000000001,0.8058,0.9029333333333334
pima-indians,rnd,0.05,2,0.86385,0.84845,0.8008,0.9029333333333334
pima-indians,rnd,0.05,3,0.86385,0.8871499999999999,0.82735,0.9029333333333334
pima-indians,rnd,0.05,4,0.86385,0.8813000000000001,0.8381000000000001,0.9029333333333334
pima-indians,rnd,0.05,5,0.86385,0.9014000000000001,0.8692,0.9029333333333334
pima-indians,rnd,0.05,6,0.86385,0.9046000000000001,0.8850999999999999,0.9029333333333334
pima-indians,rnd,0.05,7,0.86385,0.9057999999999998,0.89125,0.9029333333333334
pima-indians,rnd,0.05,8,0.86385,0.9073999999999998,0.8895500000000002,0.9029333333333334
pima-indians,rnd,0.05,9,0.86385,0.9115500000000001,0.8939999999999999,0.9029333333333334
pima-indians,rnd,0.05,10,0.86385,0.9156999999999998,0.8978999999999999,0.9029333333333334
pima-indians,best,0.05,1,0.86385,0.8057000000000001,0.7778,0.9029333333333334
pima-indians,best,0.05,2,0.86385,0.8375499999999999,0.7879999999999999,0.9029333333333334
pima-indians,best,0.05,3,0.86385,0.84335,0.8045499999999999,0.9029333333333334
pima-indians,best,0.05,4,0.86385,0.8464500000000001,0.8138,0.9029333333333334
pima-indians,best,0.05,5,0.86385,0.8539,0.82935,0.9029333333333334
pima-indians,best,0.05,6,0.86385,0.85975,0.8319000000000001,0.9029333333333334
pima-indians,best,0.05,7,0.86385,0.8633,0.8472000000000002,0.9029333333333334
pima-indians,best,0.05,8,0.86385,0.8733999999999998,0.84615,0.9029333333333334
pima-indians,best,0.05,9,0.86385,0.8794499999999997,0.8552,0.9029333333333334
pima-indians,best,0.05,10,0.86385,0.8852499999999999,0.8607000000000001,0.9029333333333334
sonar,rnd,0.05,1,0.49669421487603305,0.797107438016529,0.8053719008264464,0.5586734693877551
sonar,rnd,0.05,2,0.49669421487603305,0.8475206611570248,0.849586776859504,0.5586734693877551
sonar,rnd,0.05,3,0.49669421487603305,0.828512396694215,0.8545454545454545,0.5586734693877551
sonar,rnd,0.05,4,0.49669421487603305,0.8561983471074381,0.8900826446280993,0.5586734693877551
sonar,rnd,0.05,5,0.49669421487603305,0.8578512396694216,0.9152892561983471,0.5586734693877551
sonar,best,0.05,1,0.49669421487603305,0.771900826446281,0.7739669421487603,0.5586734693877551
sonar,best,0.05,2,0.49669421487603305,0.8074380165289256,0.8202479338842975,0.5586734693877551
sonar,best,0.05,3,0.49669421487603305,0.8413223140495868,0.8549586776859505,0.5586734693877551
sonar,best,0.05,4,0.49669421487603305,0.853305785123967,0.8747933884297519,0.5586734693877551
sonar,best,0.05,5,0.49669421487603305,0.8545454545454545,0.9264462809917354,0.5586734693877551
spect-heart,rnd,0.05,1,0.49523809523809526,0.9071428571428571,0.9571428571428573,0.3679245283018868
spect-heart,rnd,0.05,2,0.49523809523809526,0.9214285714285715,0.9261904761904762,0.3679245283018868
spect-heart,rnd,0.05,3,0.49523809523809526,0.9333333333333333,0.9285714285714285,0.3679245283018868
spect-heart,rnd,0.05,4,0.49523809523809526,0.9380952380952381,0.9238095238095237,0.3679245283018868
spect-heart,rnd,0.05,5,0.49523809523809526,0.9428571428571428,0.9261904761904762,0.3679245283018868
spect-heart,rnd,0.05,6,0.49523809523809526,0.9571428571428571,0.9238095238095237,0.3679245283018868
spect-heart,best,0.05,1,0.49523809523809526,0.85,0.8547619047619047,0.3679245283018868
spect-heart,best,0.05,2,0.49523809523809526,0.9214285714285715,0.9071428571428573,0.3679245283018868
spect-heart,best,0.05,3,0.49523809523809526,0.9357142857142857,0.9238095238095237,0.3679245283018868
spect-heart,best,0.05,4,0.49523809523809526,0.9333333333333333,0.9380952380952381,0.3679245283018868
spect-heart,best,0.05,5,0.49523809523809526,0.9452380952380952,0.9357142857142857,0.3679245283018868
spect-heart,best,0.05,6,0.49523809523809526,0.9619047619047618,0.9476190476190476,0.3679245283018868
statlog-satimage,rnd,0.05,1,0.7859689935315803,0.9622651610481932,0.9689835971477141,0.8082140205748224
statlog-satimage,rnd,0.05,2,0.7859689935315803,0.973898933704219,0.9810859438814932,0.8082140205748224
statlog-satimage,rnd,0.05,3,0.7859689935315803,0.9758684349956951,0.9778026138596374,0.8082140205748224
statlog-satimage,rnd,0.05,4,0.7859689935315803,0.9757351480230477,0.981434476896925,0.8082140205748224
statlog-satimage,rnd,0.05,5,0.7859689935315803,0.9779014062741462,0.9808480694085701,0.8082140205748224
statlog-satimage,rnd,0.05,6,0.7859689935315803,0.9781075457535818,0.9797094730335342,0.8082140205748224
statlog-satimage,rnd,0.05,7,0.7859689935315803,0.9788385544296533,0.9798286862264609,0.8082140205748224
statlog-satimage,rnd,0.05,8,0.7859689935315803,0.9806369627127625,0.9839906616332208,0.8082140205748224
statlog-satimage,rnd,0.05,9,0.7859689935315803,0.9815672119566419,0.9854766871978278,0.8082140205748224
statlog-satimage,rnd,0.05,10,0.7859689935315803,0.9820468242929994,0.9847100801377575,0.8082140205748224
statlog-satimage,best,0.05,1,0.7859689935315803,0.9414936419630437,0.9434832880764729,0.8082140205748224
statlog-satimage,best,0.05,2,0.7859689935315803,0.9515012031701879,0.9503013444598979,0.8082140205748224
statlog-satimage,best,0.05,3,0.7859689935315803,0.9610622668167872,0.9672663200653465,0.8082140205748224
statlog-satimage,best,0.05,4,0.7859689935315803,0.9619191116409475,0.9670030575976334,0.8082140205748224
statlog-satimage,best,0.05,5,0.7859689935315803,0.9626112104554387,0.9656401086164648,0.8082140205748224
statlog-satimage,best,0.05,6,0.7859689935315803,0.9642655694637614,0.9706473386758507,0.8082140205748224
statlog-satimage,best,0.05,7,0.7859689935315803,0.9656287944013953,0.9704249177649734,0.8082140205748224
statlog-satimage,best,0.05,8,0.7859689935315803,0.9656138927522795,0.9729849658917809,0.8082140205748224
statlog-satimage,best,0.05,9,0.7859689935315803,0.9676788749806831,0.9729308784246198,0.8082140205748224
statlog-satimage,best,0.05,10,0.7859689935315803,0.9667022650506656,0.9707066693158486,0.8082140205748224
statlog-vehicle,rnd,0.05,1,0.6548500881834214,0.8895943562610229,0.9049382716049383,0.6740092002830856
statlog-vehicle,rnd,0.05,2,0.6548500881834214,0.8982363315696649,0.880952380952381,0.6740092002830856
statlog-vehicle,rnd,0.05,3,0.6548500881834214,0.8940035273368607,0.8878306878306879,0.6740092002830856
statlog-vehicle,rnd,0.05,4,0.6548500881834214,0.8955026455026456,0.8900352733686064,0.6740092002830856
statlog-vehicle,rnd,0.05,5,0.6548500881834214,0.901410934744268,0.8992945326278662,0.6740092002830856
statlog-vehicle,rnd,0.05,6,0.6548500881834214,0.8995590828924163,0.9033509700176365,0.6740092002830856
statlog-vehicle,rnd,0.05,7,0.6548500881834214,0.9154320987654321,0.9119047619047617,0.6740092002830856
statlog-vehicle,rnd,0.05,8,0.6548500881834214,0.9149029982363315,0.917989417989418,0.6740092002830856
statlog-vehicle,rnd,0.05,9,0.6548500881834214,0.9141975308641974,0.9158730158730162,0.6740092002830856
statlog-vehicle,rnd,0.05,10,0.6548500881834214,0.9162257495590829,0.9200176366843034,0.6740092002830856
statlog-vehicle,best,0.05,1,0.6548500881834214,0.8634038800705468,0.9006172839506172,0.6740092002830856
statlog-vehicle,best,0.05,2,0.6548500881834214,0.8708994708994708,0.9009700176366842,0.6740092002830856
statlog-vehicle,best,0.05,3,0.6548500881834214,0.872310405643739,0.901763668430335,0.6740092002830856
statlog-vehicle,best,0.05,4,0.6548500881834214,0.8897707231040565,0.902821869488536,0.6740092002830856
statlog-vehicle,best,0.05,5,0.6548500881834214,0.8900352733686068,0.9031746031746032,0.6740092002830856
statlog-vehicle,best,0.05,6,0.6548500881834214,0.8970899470899472,0.9049382716049383,0.6740092002830856
statlog-vehicle,best,0.05,7,0.6548500881834214,0.9027336860670193,0.9019400352733686,0.6740092002830856
statlog-vehicle,best,0.05,8,0.6548500881834214,0.8987654320987655,0.9033509700176368,0.6740092002830856
statlog-vehicle,best,0.05,9,0.6548500881834214,0.903968253968254,0.9035273368606701,0.6740092002830856
statlog-vehicle,best,0.05,10,0.6548500881834214,0.9045855379188712,0.9044973544973546,0.6740092002830856
synthetic-control-chart,rnd,0.05,1,0.9581089743589744,0.784871794871795,0.7991025641025641,0.9710544217687076
synthetic-control-chart,rnd,0.05,2,0.9581089743589744,0.8562179487179487,0.8880128205128205,0.9710544217687076
synthetic-control-chart,rnd,0.05,3,0.9581089743589744,0.896025641025641,0.9053846153846156,0.9710544217687076
synthetic-control-chart,rnd,0.05,4,0.9581089743589744,0.9108974358974358,0.9244230769230768,0.9710544217687076
synthetic-control-chart,rnd,0.05,5,0.9581089743589744,0.9156089743589743,0.9343910256410256,0.9710544217687076
synthetic-control-chart,rnd,0.05,6,0.9581089743589744,0.9235576923076924,0.9411538461538461,0.9710544217687076
synthetic-control-chart,rnd,0.05,7,0.9581089743589744,0.9319551282051283,0.9474358974358973,0.9710544217687076
synthetic-control-chart,rnd,0.05,8,0.9581089743589744,0.9426282051282053,0.9561538461538464,0.9710544217687076
synthetic-control-chart,rnd,0.05,9,0.9581089743589744,0.9488461538461539,0.9594230769230769,0.9710544217687076
synthetic-control-chart,rnd,0.05,10,0.9581089743589744,0.9503205128205128,0.9608012820512819,0.9710544217687076
synthetic-control-chart,best,0.05,1,0.9581089743589744,0.808974358974359,0.8009935897435898,0.9710544217687076
synthetic-control-chart,best,0.05,2,0.9581089743589744,0.8127564102564102,0.8033974358974361,0.9710544217687076
synthetic-control-chart,best,0.05,3,0.9581089743589744,0.8217628205128206,0.8209615384615386,0.9710544217687076
synthetic-control-chart,best,0.05,4,0.9581089743589744,0.824871794871795,0.8177564102564101,0.9710544217687076
synthetic-control-chart,best,0.05,5,0.9581089743589744,0.8245512820512821,0.8315705128205128,0.9710544217687076
synthetic-control-chart,best,0.05,6,0.9581089743589744,0.8292948717948718,0.8336858974358974,0.9710544217687076
synthetic-control-chart,best,0.05,7,0.9581089743589744,0.8531089743589743,0.8485897435897437,0.9710544217687076
synthetic-control-chart,best,0.05,8,0.9581089743589744,0.8616346153846155,0.879102564102564,0.9710544217687076
synthetic-control-chart,best,0.05,9,0.9581089743589744,0.8875961538461539,0.9014423076923078,0.9710544217687076
synthetic-control-chart,best,0.05,10,0.9581089743589744,0.9033333333333335,0.915801282051282,0.9710544217687076
wall-following-robot,rnd,0.05,1,0.6500905797101447,0.615327945001858,0.6385744147157191,0.7238461309700827
wall-following-robot,rnd,0.05,2,0.6500905797101447,0.6453228353771832,0.6563099219620959,0.7238461309700827
wall-following-robot,rnd,0.05,3,0.6500905797101447,0.6729714790040877,0.692761519881085,0.7238461309700827
wall-following-robot,rnd,0.05,4,0.6500905797101447,0.6866230026012634,0.7000450575994054,0.7238461309700827
wall-following-robot,rnd,0.05,5,0.6500905797101447,0.6940496098104794,0.7109940542549239,0.7238461309700827
wall-following-robot,rnd,0.05,6,0.6500905797101447,0.7008825715347453,0.7085098476402824,0.7238461309700827
wall-following-robot,rnd,0.05,7,0.6500905797101447,0.7212667224080268,0.7260233184689706,0.7238461309700827
wall-following-robot,rnd,0.05,8,0.6500905797101447,0.7219569862504644,0.72978121516165,0.7238461309700827
wall-following-robot,rnd,0.05,9,0.6500905797101447,0.7273694723151245,0.7324837421033074,0.7238461309700827
wall-following-robot,rnd,0.05,10,0.6500905797101447,0.7301862690449645,0.7273494983277592,0.7238461309700827
wall-following-robot,best,0.05,1,0.6500905797101447,0.572694165737644,0.5874177814938684,0.7238461309700827
wall-following-robot,best,0.05,2,0.6500905797101447,0.5934726867335562,0.6101286696395392,0.7238461309700827
wall-following-robot,best,0.05,3,0.6500905797101447,0.600867707172055,0.6113447603121517,0.7238461309700827
wall-following-robot,best,0.05,4,0.6500905797101447,0.6047826086956523,0.6103567447045709,0.7238461309700827
wall-following-robot,best,0.05,5,0.6500905797101447,0.6099995354886658,0.6158458751393534,0.7238461309700827
wall-following-robot,best,0.05,6,0.6500905797101447,0.6082622630992196,0.620795707915273,0.7238461309700827
wall-following-robot,best,0.05,7,0.6500905797101447,0.6161083240431067,0.6225970828688221,0.7238461309700827
wall-following-robot,best,0.05,8,0.6500905797101447,0.6165505388331475,0.6308876811594202,0.7238461309700827
wall-following-robot,best,0.05,9,0.6500905797101447,0.6159016164994425,0.6275455221107396,0.7238461309700827
wall-following-robot,best,0.05,10,0.6500905797101447,0.6153372352285397,0.6298657562244518,0.7238461309700827
waveform-1,rnd,0.05,1,0.7165592180840046,0.8852078769122604,0.8972517435546544,0.7567269714350068
waveform-1,rnd,0.05,2,0.7165592180840046,0.9166370581477832,0.9035944532677134,0.7567269714350068
waveform-1,rnd,0.05,3,0.7165592180840046,0.9355164123263506,0.9163388804841149,0.7567269714350068
waveform-1,rnd,0.05,4,0.7165592180840046,0.9366168448408988,0.9189603329545953,0.7567269714350068
waveform-1,rnd,0.05,5,0.7165592180840046,0.9417178799881984,0.9276376168385635,0.7567269714350068
waveform-1,rnd,0.05,6,0.7165592180840046,0.947953245742337,0.9390832449262717,0.7567269714350068
waveform-1,rnd,0.05,7,0.7165592180840046,0.9518898186452063,0.9435753698972384,0.7567269714350068
waveform-1,rnd,0.05,8,0.7165592180840046,0.9568339181800491,0.9451064337323682,0.7567269714350068
waveform-1,rnd,0.05,9,0.7165592180840046,0.9599789078536857,0.9477705726894371,0.7567269714350068
waveform-1,rnd,0.05,10,0.7165592180840046,0.9599902072177826,0.9483951764270155,0.7567269714350068
waveform-1,best,0.05,1,0.7165592180840046,0.8904332050646261,0.8919353927470638,0.7567269714350068
waveform-1,best,0.05,2,0.7165592180840046,0.8997576914143665,0.8959893534880511,0.7567269714350068
waveform-1,best,0.05,3,0.7165592180840046,0.9024262245685838,0.9051933132874244,0.7567269714350068
waveform-1,best,0.05,4,0.7165592180840046,0.9075278874583335,0.9115579939862274,0.7567269714350068
waveform-1,best,0.05,5,0.7165592180840046,0.9116414837320544,0.9184016421742486,0.7567269714350068
waveform-1,best,0.05,6,0.7165592180840046,0.9149396425634491,0.9209891965524383,0.7567269714350068
waveform-1,best,0.05,7,0.7165592180840046,0.9159321033766267,0.924903170727114,0.7567269714350068
waveform-1,best,0.05,8,0.7165592180840046,0.9205679813686041,0.9287405603229107,0.7567269714350068
waveform-1,best,0.05,9,0.7165592180840046,0.9220281103069032,0.9285698143765577,0.7567269714350068
waveform-1,best,0.05,10,0.7165592180840046,0.9244618677848851,0.9296319546016661,0.7567269714350068
waveform-2,rnd,0.05,1,0.7044105184524893,0.8936616844840899,0.9067024061368102,0.7604346823475153
waveform-2,rnd,0.05,2,0.7044105184524893,0.9238372640473067,0.9239176150808847,0.7604346823475153
waveform-2,rnd,0.05,3,0.7044105184524893,0.9324272917307486,0.9262772989497868,0.7604346823475153
waveform-2,rnd,0.05,4,0.7044105184524893,0.936634421629494,0.9234078882116246,0.7604346823475153
waveform-2,rnd,0.05,5,0.7044105184524893,0.9437053125843529,0.9317876221743742,0.7604346823475153
waveform-2,rnd,0.05,6,0.7044105184524893,0.9449852794395515,0.9358610429313062,0.7604346823475153
waveform-2,rnd,0.05,7,0.7044105184524893,0.9468842003502802,0.9389407473901608,0.7604346823475153
waveform-2,rnd,0.05,8,0.7044105184524893,0.9509871250023542,0.9426670265723379,0.7604346823475153
waveform-2,rnd,0.05,9,0.7044105184524893,0.9528496368509927,0.943085730786373,0.7604346823475153
waveform-2,rnd,0.05,10,0.7044105184524893,0.9534535250877271,0.9451139666417664,0.7604346823475153
waveform-2,best,0.05,1,0.7044105184524893,0.8996516029403457,0.8982749637478735,0.7604346823475153
waveform-2,best,0.05,2,0.7044105184524893,0.8964620435527714,0.9032165523129171,0.7604346823475153
waveform-2,best,0.05,3,0.7044105184524893,0.9013816611320706,0.9076295817352058,0.7604346823475153
waveform-2,best,0.05,4,0.7044105184524893,0.9076182823711088,0.9026352628043768,0.7604346823475153
waveform-2,best,0.05,5,0.7044105184524893,0.9107161913610085,0.916987966177237,0.7604346823475153
waveform-2,best,0.05,6,0.7044105184524893,0.9088794169528127,0.9192214738137239,0.7604346823475153
waveform-2,best,0.05,7,0.7044105184524893,0.9118392226037499,0.9242308585633486,0.7604346823475153
waveform-2,best,0.05,8,0.7044105184524893,0.915348302898287,0.9256966371836961,0.7604346823475153
waveform-2,best,0.05,9,0.7044105184524893,0.9186131913798405,0.9250645005367197,0.7604346823475153
waveform-2,best,0.05,10,0.7044105184524893,0.9211919573637329,0.9274486663611654,0.7604346823475153
wine,rnd,0.05,1,0.8956043956043956,0.9014652014652015,0.9439560439560439,0.9795524691358025
wine,rnd,0.05,2,0.8956043956043956,0.9501831501831504,0.9721611721611723,0.9795524691358025
wine,rnd,0.05,3,0.8956043956043956,0.968864468864469,0.9835164835164836,0.9795524691358025
wine,rnd,0.05,4,0.8956043956043956,0.9721611721611723,0.9871794871794872,0.9795524691358025
wine,rnd,0.05,5,0.8956043956043956,0.9761904761904763,0.9956043956043956,0.9795524691358025
wine,best,0.05,1,0.8956043956043956,0.9282051282051282,0.9527472527472529,0.9795524691358025
wine,best,0.05,2,0.8956043956043956,0.9637362637362636,0.9824175824175825,0.9795524691358025
wine,best,0.05,3,0.8956043956043956,0.9706959706959708,0.9893772893772894,0.9795524691358025
wine,best,0.05,4,0.8956043956043956,0.9758241758241759,0.9908424908424909,0.9795524691358025
wine,best,0.05,5,0.8956043956043956,0.9831501831501832,0.9904761904761905,0.9795524691358025
yeast,rnd,0.05,1,0.7247428571428571,0.6732,0.6459809523809523,0.763217279174726
yeast,rnd,0.05,2,0.7247428571428571,0.7838285714285714,0.7564952380952381,0.763217279174726
yeast,rnd,0.05,3,0.7247428571428571,0.7862857142857143,0.7607238095238096,0.763217279174726
yeast,rnd,0.05,4,0.7247428571428571,0.8101904761904762,0.7827999999999999,0.763217279174726
yeast,rnd,0.05,5,0.7247428571428571,0.8284190476190476,0.7869142857142857,0.763217279174726
yeast,rnd,0.05,6,0.7247428571428571,0.8420571428571428,0.8062095238095237,0.763217279174726
yeast,rnd,0.05,7,0.7247428571428571,0.8562285714285714,0.8133142857142858,0.763217279174726
yeast,rnd,0.05,8,0.7247428571428571,0.8506857142857143,0.8230476190476189,0.763217279174726
yeast,rnd,0.05,9,0.7247428571428571,0.8625904761904761,0.8345714285714285,0.763217279174726
yeast,rnd,0.05,10,0.7247428571428571,0.8588952380952382,0.8386095238095239,0.763217279174726
yeast,best,0.05,1,0.7247428571428571,0.6419999999999999,0.6363809523809525,0.763217279174726
yeast,best,0.05,2,0.7247428571428571,0.6579619047619047,0.6223047619047619,0.763217279174726
yeast,best,0.05,3,0.7247428571428571,0.6703809523809524,0.6425904761904763,0.763217279174726
yeast,best,0.05,4,0.7247428571428571,0.6878666666666666,0.659847619047619,0.763217279174726
yeast,best,0.05,5,0.7247428571428571,0.6816,0.6951238095238095,0.763217279174726
yeast,best,0.05,6,0.7247428571428571,0.6962095238095238,0.6940571428571428,0.763217279174726
yeast,best,0.05,7,0.7247428571428571,0.7153142857142857,0.7208380952380953,0.763217279174726
yeast,best,0.05,8,0.7247428571428571,0.7227428571428571,0.731752380952381,0.763217279174726
yeast,best,0.05,9,0.7247428571428571,0.7414095238095239,0.7493904761904762,0.763217279174726
yeast,best,0.05,10,0.7247428571428571,0.7612380952380953,0.7866095238095239,0.763217279174726
